day,year,mo,da,crimeDate,temp,dewp,slp,visib,wdsp,mxpsd,gust,max,min,prcp,sndp,fog,CRIME_NUM
2,2019,01,01,2019-01-01,30.7,28.2,1019.8,8.1,8.9,18.1,26.0,39.0,26.1,0.86,999.9,0,1076
3,2019,01,02,2019-01-02,27.6,24.5,1022.2,7.6,5.6,15.0,22.0,34.0,26.1,0.01,999.9,0,655
4,2019,01,03,2019-01-03,29.2,22.9,1016.8,10.0,9.9,15.0,24.1,37.9,24.1,0.01,999.9,0,751
5,2019,01,04,2019-01-04,37.0,28.1,1010.1,10.0,9.1,15.0,21.0,48.0,24.3,0.0,999.9,0,769
6,2019,01,05,2019-01-05,38.9,32.0,1008.9,10.0,6.3,14.0,20.0,52.0,31.1,0.0,999.9,0,792
7,2019,01,06,2019-01-06,37.9,31.7,1020.8,10.0,8.4,13.0,999.9,52.0,30.0,0.0,999.9,0,664
1,2019,01,07,2019-01-07,43.6,38.7,1013.7,8.2,14.2,19.0,31.1,53.6,37.0,0.0,999.9,0,676
2,2019,01,08,2019-01-08,41.4,35.4,1008.4,8.2,10.9,25.1,41.0,53.1,36.0,0.44,999.9,0,701
3,2019,01,09,2019-01-09,23.2,11.6,1021.3,10.0,14.2,22.0,35.9,45.0,19.0,0.0,999.9,0,631
4,2019,01,10,2019-01-10,17.9,8.7,1029.8,10.0,6.1,11.1,999.9,25.0,14.0,0.0,999.9,0,686
5,2019,01,11,2019-01-11,23.4,17.4,1028.9,9.5,2.9,8.0,999.9,30.0,14.0,0.0,999.9,0,784
6,2019,01,12,2019-01-12,30.2,23.8,1027.0,6.8,7.3,14.0,21.0,32.0,17.1,0.0,2.0,1,673
7,2019,01,13,2019-01-13,29.7,24.0,1028.4,7.1,13.2,17.1,26.0,32.0,26.1,0.13,2.0,0,573
1,2019,01,14,2019-01-14,25.4,20.4,1028.5,9.2,6.6,11.1,17.1,30.9,23.0,0.01,1.2,0,635
2,2019,01,15,2019-01-15,25.5,21.8,1023.0,8.4,9.2,15.9,27.0,28.0,23.0,0.0,1.2,0,698
3,2019,01,16,2019-01-16,31.2,24.9,1021.7,9.0,8.9,14.0,22.0,34.0,24.1,0.0,1.2,0,700
4,2019,01,17,2019-01-17,30.3,24.0,1021.1,7.9,5.3,9.9,999.9,35.1,28.0,0.0,1.2,0,653
5,2019,01,18,2019-01-18,29.7,23.5,1020.4,9.0,7.5,14.0,18.1,35.1,27.0,0.0,999.9,0,668
6,2019,01,19,2019-01-19,26.4,23.3,1018.8,3.8,16.3,24.1,34.0,30.9,21.0,0.26,5.1,0,522
7,2019,01,20,2019-01-20,11.9,2.8,1023.6,9.0,13.5,22.0,28.9,28.0,6.1,0.02,5.1,0,493
1,2019,01,21,2019-01-21,9.4,0.2,1033.3,9.7,7.1,14.0,999.9,17.1,3.0,0.0,5.1,0,556
2,2019,01,22,2019-01-22,18.7,8.7,1025.3,7.7,10.2,14.0,25.1,32.0,3.0,0.0,3.9,0,626
3,2019,01,23,2019-01-23,29.5,27.9,1009.8,3.5,7.3,14.0,21.0,34.0,12.9,0.32,5.1,0,662
4,2019,01,24,2019-01-24,16.6,12.3,1011.3,6.8,7.4,17.1,29.9,34.0,9.0,0.08,5.1,0,607
5,2019,01,25,2019-01-25,1.3,-5.5,1022.3,8.6,11.0,17.1,28.0,21.9,-6.0,0.0,5.1,0,586
6,2019,01,26,2019-01-26,2.1,-4.7,1022.8,8.8,4.8,9.9,999.9,12.0,-7.1,0.03,5.9,0,532
7,2019,01,27,2019-01-27,3.8,-2.4,1019.5,8.6,5.6,9.9,999.9,12.0,-7.1,0.06,5.9,0,524
1,2019,01,28,2019-01-28,18.4,12.9,1007.8,4.4,8.9,15.9,22.9,34.0,-2.9,0.36,9.8,1,521
2,2019,01,29,2019-01-29,5.8,-0.8,1012.3,8.6,12.5,21.0,33.0,18.0,-2.0,0.17,9.1,0,494
3,2019,01,30,2019-01-30,-14.6,-23.8,1022.2,9.8,14.4,18.1,28.0,10.0,-23.1,0.0,7.9,0,341
4,2019,01,31,2019-01-31,-15.0,-23.0,1030.7,9.9,7.5,13.0,20.0,-4.0,-22.0,0.0,7.9,0,459
5,2019,02,01,2019-02-01,6.9,1.6,1027.5,6.3,3.2,7.0,999.9,21.0,-4.0,0.07,9.1,0,776
6,2019,02,02,2019-02-02,25.6,21.0,1020.8,6.8,9.0,13.0,22.9,42.1,1.9,0.02,7.1,0,722
7,2019,02,03,2019-02-03,42.3,40.1,1011.3,6.3,9.7,13.0,21.0,46.4,37.0,0.0,1.2,0,595
1,2019,02,04,2019-02-04,47.3,44.2,1007.0,7.6,9.2,14.0,24.1,51.1,37.9,0.0,3.9,0,736
2,2019,02,05,2019-02-05,29.5,24.3,1017.7,10.0,8.8,14.0,22.9,51.1,24.1,0.05,999.9,0,653
3,2019,02,06,2019-02-06,32.8,31.4,1013.9,3.7,6.8,14.0,20.0,36.0,25.0,0.31,999.9,1,636
4,2019,02,07,2019-02-07,35.6,34.0,1010.5,4.4,8.0,22.0,36.9,44.1,28.9,0.57,999.9,1,670
5,2019,02,08,2019-02-08,11.4,2.5,1026.2,8.9,18.5,25.1,41.0,28.9,3.9,0.15,999.9,0,642
6,2019,02,09,2019-02-09,11.8,2.2,1044.1,10.0,5.7,14.0,18.1,24.1,3.9,0.0,999.9,0,756
7,2019,02,10,2019-02-10,23.4,15.9,1034.4,8.6,6.8,9.9,999.9,28.0,19.9,0.0,1.2,0,638
1,2019,02,11,2019-02-11,28.0,25.3,1021.5,5.8,8.0,14.0,21.0,30.9,21.9,0.04,1.2,0,626
2,2019,02,12,2019-02-12,32.0,29.3,1009.6,3.8,11.6,19.0,33.0,34.0,26.6,0.51,1.2,0,665
3,2019,02,13,2019-02-13,18.5,14.6,1012.9,6.6,14.7,20.0,34.0,34.0,10.0,0.04,1.2,0,643
4,2019,02,14,2019-02-14,36.1,27.2,1006.3,10.0,7.4,11.1,19.0,50.0,12.0,0.01,1.2,0,742
5,2019,02,15,2019-02-15,22.8,15.3,1009.0,9.5,12.1,17.1,29.9,50.0,8.1,0.0,1.2,0,741
6,2019,02,16,2019-02-16,18.6,11.4,1019.3,10.0,6.4,12.0,999.9,32.0,9.0,0.0,999.9,0,677
7,2019,02,17,2019-02-17,25.3,20.4,1014.9,6.9,10.3,14.0,22.9,28.9,12.9,0.0,2.0,1,618
1,2019,02,18,2019-02-18,25.1,20.6,1023.8,4.9,7.9,12.0,999.9,30.9,19.9,0.25,3.1,0,590
2,2019,02,19,2019-02-19,21.8,12.9,1035.6,10.0,3.0,7.0,999.9,35.1,12.0,0.01,2.0,0,613
3,2019,02,20,2019-02-20,31.1,25.9,1020.1,6.5,10.1,15.9,22.9,37.9,28.0,0.01,1.2,0,635
4,2019,02,21,2019-02-21,30.9,21.3,1017.9,9.8,12.1,15.9,28.9,37.9,25.0,0.08,1.2,0,696
5,2019,02,22,2019-02-22,28.6,19.0,1029.0,9.2,5.4,9.9,999.9,41.0,19.0,0.0,1.2,0,712
6,2019,02,23,2019-02-23,35.6,29.0,1019.1,5.4,8.9,14.0,999.9,41.0,19.2,0.0,999.9,1,647
7,2019,02,24,2019-02-24,37.4,30.7,1000.9,7.5,17.4,28.9,47.0,53.1,21.0,0.77,999.9,1,547
1,2019,02,25,2019-02-25,12.3,0.5,1026.3,10.0,13.3,27.0,42.9,21.0,6.1,0.02,999.9,0,597
2,2019,02,26,2019-02-26,16.9,8.0,1032.7,9.0,9.3,13.0,19.0,23.0,6.1,0.0,999.9,0,609
3,2019,02,27,2019-02-27,24.6,17.4,1023.8,9.1,8.7,15.0,21.0,30.0,12.9,0.0,999.9,0,649
4,2019,02,28,2019-02-28,18.0,8.1,1024.7,10.0,5.7,14.0,20.0,27.0,10.9,0.01,999.9,0,595
5,2019,03,01,2019-03-01,26.7,16.0,1022.4,10.0,4.8,8.9,999.9,34.0,10.9,0.0,999.9,0,756
6,2019,03,02,2019-03-02,29.1,21.4,1022.5,8.7,6.9,12.0,17.1,34.0,23.0,0.0,999.9,0,665
7,2019,03,03,2019-03-03,22.2,10.7,1024.1,10.0,9.7,15.0,18.1,33.1,16.0,0.0,999.9,0,551
1,2019,03,04,2019-03-04,5.2,-6.4,1023.8,9.7,12.4,19.0,27.0,25.0,-2.9,0.0,999.9,0,544
2,2019,03,05,2019-03-05,11.9,0.4,1020.6,9.0,13.5,17.1,27.0,21.0,-2.9,0.0,999.9,0,542
3,2019,03,06,2019-03-06,16.3,3.7,1026.0,10.0,10.7,17.1,26.0,30.0,8.1,0.0,999.9,0,629
4,2019,03,07,2019-03-07,22.7,10.7,1027.0,10.0,7.3,14.0,22.9,30.0,9.0,0.0,999.9,0,610
5,2019,03,08,2019-03-08,28.0,20.3,1023.3,8.5,4.1,7.0,999.9,39.0,14.0,0.0,999.9,0,718
6,2019,03,09,2019-03-09,33.5,27.4,1015.4,7.3,10.5,21.0,32.1,41.0,21.0,0.0,999.9,0,617
7,2019,03,10,2019-03-10,36.6,32.2,1008.5,8.4,16.5,24.1,40.0,43.0,26.2,0.56,999.9,0,612
1,2019,03,11,2019-03-11,32.0,19.2,1026.1,10.0,10.0,18.1,27.0,41.0,27.0,0.0,999.9,0,700
2,2019,03,12,2019-03-12,35.2,23.5,1027.4,9.8,6.4,13.0,22.0,48.9,24.1,0.0,999.9,0,627
3,2019,03,13,2019-03-13,44.9,36.8,1013.4,9.2,10.5,17.1,26.0,57.9,24.3,0.32,999.9,0,688
4,2019,03,14,2019-03-14,55.3,48.4,999.7,9.3,15.3,29.9,48.0,62.1,39.9,0.26,999.9,0,676
5,2019,03,15,2019-03-15,38.0,33.0,1006.7,9.0,14.3,22.9,38.1,44.1,35.1,0.36,999.9,0,735
6,2019,03,16,2019-03-16,34.4,21.4,1024.4,10.0,10.1,15.9,24.1,41.0,28.0,0.0,999.9,0,766
7,2019,03,17,2019-03-17,34.8,21.9,1024.7,10.0,5.8,12.0,19.0,43.0,28.0,0.0,999.9,0,612
1,2019,03,18,2019-03-18,35.4,23.7,1027.4,9.6,6.9,12.0,999.9,43.0,27.0,0.0,999.9,0,651
2,2019,03,19,2019-03-19,38.7,24.0,1028.6,10.0,7.1,12.0,15.9,48.9,27.1,0.0,999.9,0,644
3,2019,03,20,2019-03-20,41.7,33.2,1020.4,7.9,7.1,12.0,19.0,48.9,30.2,0.01,999.9,0,693
4,2019,03,21,2019-03-21,39.8,34.8,1014.6,8.0,9.0,14.0,19.0,44.1,35.6,0.13,999.9,0,689
5,2019,03,22,2019-03-22,40.2,29.8,1017.0,10.0,10.4,18.1,21.0,46.0,34.0,0.0,999.9,0,709
6,2019,03,23,2019-03-23,36.5,24.9,1025.6,9.8,3.9,8.9,999.9,53.1,25.0,0.0,999.9,0,690
7,2019,03,24,2019-03-24,45.5,31.8,1020.7,9.6,4.2,15.9,999.9,53.1,25.2,0.0,999.9,0,648
1,2019,03,25,2019-03-25,36.0,25.6,1023.9,9.9,17.5,21.0,28.9,50.0,33.1,0.05,999.9,0,639
2,2019,03,26,2019-03-26,34.9,13.9,1030.4,10.0,5.8,13.0,999.9,48.0,23.0,0.0,999.9,0,672
3,2019,03,27,2019-03-27,41.8,17.3,1026.5,10.0,7.7,15.0,24.1,59.0,23.0,0.0,999.9,0,698
4,2019,03,28,2019-03-28,53.2,38.7,1016.8,10.0,12.1,15.9,28.0,64.9,46.9,0.01,999.9,0,683
5,2019,03,29,2019-03-29,46.7,32.0,1017.9,10.0,7.2,9.9,999.9,64.9,37.9,0.0,999.9,0,675
6,2019,03,30,2019-03-30,39.7,32.1,1012.8,9.3,10.9,20.0,25.1,57.0,34.0,0.39,999.9,0,663
7,2019,03,31,2019-03-31,30.7,14.6,1024.0,9.7,11.1,17.1,26.0,45.0,23.0,0.07,999.9,0,637
1,2019,04,01,2019-04-01,35.0,20.2,1025.7,10.0,9.3,20.0,29.9,48.9,23.0,0.0,999.9,0,792
2,2019,04,02,2019-04-02,44.7,30.6,1016.7,9.9,13.2,17.1,28.0,55.0,26.2,0.0,999.9,0,657
3,2019,04,03,2019-04-03,45.5,28.4,1021.2,10.0,9.2,15.0,24.1,57.9,37.0,0.0,999.9,0,680
4,2019,04,04,2019-04-04,46.0,38.1,1026.6,8.5,7.8,15.0,22.9,57.9,37.0,0.1,999.9,0,663
5,2019,04,05,2019-04-05,43.5,39.2,1019.9,7.2,5.2,11.1,19.0,57.0,39.0,0.15,999.9,0,705
6,2019,04,06,2019-04-06,51.7,44.3,1019.3,6.0,3.8,11.1,999.9,66.0,39.0,0.0,999.9,0,743
7,2019,04,07,2019-04-07,56.3,49.4,1013.9,9.3,6.3,17.1,34.0,66.9,39.0,0.0,999.9,0,703
1,2019,04,08,2019-04-08,61.2,46.7,1009.9,10.0,6.9,13.0,28.0,73.0,51.1,0.39,999.9,0,744
2,2019,04,09,2019-04-09,59.8,36.2,1009.7,10.0,8.9,13.0,24.1,73.0,48.0,0.0,999.9,0,693
3,2019,04,10,2019-04-10,40.5,30.7,1014.9,9.7,14.5,26.0,35.0,66.0,34.0,0.0,999.9,0,658
4,2019,04,11,2019-04-11,42.2,34.2,1008.6,10.0,17.0,20.0,32.1,55.9,34.0,0.13,999.9,0,746
5,2019,04,12,2019-04-12,47.9,35.4,1004.5,8.7,13.2,22.9,36.9,55.9,37.0,0.35,999.9,0,780
6,2019,04,13,2019-04-13,42.4,24.9,1016.8,10.0,11.0,15.9,25.1,52.0,35.1,0.07,999.9,0,754
7,2019,04,14,2019-04-14,36.8,29.9,1013.7,5.8,14.8,25.1,34.0,52.0,32.0,0.03,3.1,1,536
1,2019,04,15,2019-04-15,37.8,28.5,1014.7,8.5,7.7,12.0,22.0,52.0,30.9,0.32,2.0,0,724
2,2019,04,16,2019-04-16,56.0,41.8,1013.5,10.0,8.8,18.1,22.0,72.0,48.0,0.0,3.1,0,708
3,2019,04,17,2019-04-17,55.0,46.1,1011.5,8.5,9.0,19.0,27.0,77.0,44.1,0.0,999.9,0,692
4,2019,04,18,2019-04-18,58.5,50.3,1002.3,9.2,11.2,15.9,28.9,77.0,44.1,0.03,999.9,0,628
5,2019,04,19,2019-04-19,44.9,34.2,1009.3,10.0,20.6,28.9,40.0,64.9,41.0,0.28,999.9,0,650
6,2019,04,20,2019-04-20,49.5,20.7,1010.3,10.0,16.3,22.9,32.1,64.0,36.0,0.0,999.9,0,730
7,2019,04,21,2019-04-21,58.3,25.3,1013.4,10.0,5.9,13.0,21.0,77.0,36.0,0.0,999.9,0,645
1,2019,04,22,2019-04-22,68.1,42.0,1015.5,10.0,10.7,18.1,26.0,80.1,44.1,0.0,999.9,0,737
2,2019,04,23,2019-04-23,59.1,48.8,1013.7,9.7,10.1,17.1,25.1,80.1,48.9,0.02,999.9,0,743
3,2019,04,24,2019-04-24,52.7,38.4,1016.0,10.0,4.9,8.9,999.9,64.9,42.1,0.0,999.9,0,702
4,2019,04,25,2019-04-25,56.7,37.4,1008.9,10.0,4.1,8.9,999.9,66.9,42.1,0.0,999.9,0,767
5,2019,04,26,2019-04-26,55.6,38.0,1007.6,9.6,13.5,22.0,33.0,66.9,46.0,0.21,999.9,0,761
6,2019,04,27,2019-04-27,42.4,29.9,1013.0,7.2,8.3,21.0,999.9,63.0,32.0,0.02,2.0,1,629
7,2019,04,28,2019-04-28,39.1,27.2,1020.0,8.4,11.1,21.0,28.0,52.0,30.9,0.79,2.0,0,606
1,2019,04,29,2019-04-29,45.1,38.0,1018.7,6.9,8.3,18.1,28.0,52.0,31.1,0.54,999.9,0,717
2,2019,04,30,2019-04-30,44.4,42.6,1021.8,5.5,7.9,18.1,24.1,51.1,37.9,1.04,999.9,0,729
3,2019,05,01,2019-05-01,50.0,47.3,1014.7,6.9,8.9,14.0,22.0,57.9,39.0,2.06,999.9,0,816
4,2019,05,02,2019-05-02,44.3,42.4,1018.9,5.4,8.0,13.0,999.9,57.9,41.0,0.04,999.9,1,699
5,2019,05,03,2019-05-03,47.5,40.2,1018.9,9.5,10.2,15.9,21.0,55.0,39.9,0.61,999.9,0,791
6,2019,05,04,2019-05-04,49.5,38.1,1016.5,10.0,5.9,11.1,999.9,63.0,37.9,0.01,999.9,0,699
7,2019,05,05,2019-05-05,58.3,40.8,1012.0,10.0,5.0,11.1,17.1,73.0,37.9,0.0,999.9,0,779
1,2019,05,06,2019-05-06,59.3,47.7,1013.8,10.0,7.2,17.1,999.9,73.0,46.0,0.0,999.9,0,792
2,2019,05,07,2019-05-07,46.4,40.0,1022.1,9.4,12.0,17.1,25.1,50.0,44.1,0.47,999.9,0,700
3,2019,05,08,2019-05-08,50.1,38.7,1019.5,10.0,11.5,15.0,21.0,66.0,43.0,0.06,999.9,0,759
4,2019,05,09,2019-05-09,61.3,55.5,1007.2,7.4,9.8,19.0,28.0,68.0,46.0,1.05,999.9,0,737
5,2019,05,10,2019-05-10,49.6,38.2,1017.6,10.0,8.8,13.0,19.0,66.9,44.1,0.79,999.9,0,798
6,2019,05,11,2019-05-11,47.6,36.5,1020.2,9.9,6.4,9.9,999.9,57.9,44.1,0.0,999.9,0,696
7,2019,05,12,2019-05-12,46.2,37.5,1012.6,10.0,10.1,14.0,19.0,53.1,42.1,0.12,999.9,0,631
1,2019,05,13,2019-05-13,49.7,37.7,1012.1,9.9,7.5,12.0,999.9,61.0,42.1,0.05,999.9,0,790
2,2019,05,14,2019-05-14,54.3,37.1,1016.2,10.0,3.7,11.1,999.9,71.1,41.0,0.0,999.9,0,720
3,2019,05,15,2019-05-15,62.3,42.5,1014.3,10.0,4.6,11.1,999.9,75.0,41.0,0.0,999.9,0,765
4,2019,05,16,2019-05-16,66.3,54.8,1009.7,9.7,8.1,15.0,26.0,77.0,50.0,0.0,999.9,0,740
5,2019,05,17,2019-05-17,57.9,50.0,1009.6,9.9,9.0,22.0,31.1,77.0,46.0,0.45,999.9,0,775
6,2019,05,18,2019-05-18,55.7,47.4,1010.8,9.5,8.0,14.0,21.0,80.1,44.1,0.05,999.9,0,757
7,2019,05,19,2019-05-19,62.7,56.2,1003.6,8.3,10.7,22.0,36.9,80.1,44.1,0.48,999.9,0,775
1,2019,05,20,2019-05-20,53.3,43.1,1013.8,10.0,10.9,15.9,28.0,73.9,46.0,0.07,999.9,0,809
2,2019,05,21,2019-05-21,48.5,39.3,1019.6,9.5,10.5,20.0,31.1,57.0,45.0,0.01,999.9,0,728
3,2019,05,22,2019-05-22,61.4,50.1,1011.1,9.2,12.9,21.0,32.1,82.0,50.0,0.85,999.9,0,772
4,2019,05,23,2019-05-23,70.1,55.4,1013.7,9.6,12.1,20.0,28.0,82.0,48.9,0.14,999.9,0,772
5,2019,05,24,2019-05-24,62.3,51.8,1017.5,9.5,6.5,13.0,19.0,73.9,54.0,0.23,999.9,0,847
6,2019,05,25,2019-05-25,73.6,62.7,1012.0,10.0,9.4,15.9,28.9,81.0,54.0,0.03,999.9,0,875
7,2019,05,26,2019-05-26,70.0,57.6,1015.3,10.0,5.5,12.0,999.9,81.0,63.0,0.0,999.9,0,826
1,2019,05,27,2019-05-27,61.2,51.4,1015.3,8.9,6.1,21.0,31.1,73.9,53.1,0.0,999.9,0,746
2,2019,05,28,2019-05-28,64.5,60.1,1005.8,9.6,7.8,29.9,39.0,73.0,53.1,1.92,999.9,0,747
3,2019,05,29,2019-05-29,59.5,54.6,1007.6,8.2,7.0,18.1,26.0,75.0,52.0,0.7,999.9,0,738
4,2019,05,30,2019-05-30,66.0,57.0,1007.2,9.6,6.2,14.0,20.0,78.1,52.0,0.22,999.9,0,745
5,2019,05,31,2019-05-31,70.5,57.9,1009.9,10.0,6.5,15.0,21.0,81.0,60.1,0.0,999.9,0,831
6,2019,06,01,2019-06-01,71.0,60.3,1008.0,10.0,8.8,21.0,34.0,81.0,61.0,0.0,999.9,0,923
7,2019,06,02,2019-06-02,60.1,46.6,1011.9,9.9,7.3,13.0,18.1,80.1,52.0,0.0,999.9,0,734
1,2019,06,03,2019-06-03,57.8,38.2,1018.4,10.0,7.6,11.1,999.9,70.0,48.9,0.0,999.9,0,706
2,2019,06,04,2019-06-04,64.2,49.1,1015.0,9.6,8.4,17.1,22.9,82.0,48.9,0.0,999.9,0,772
3,2019,06,05,2019-06-05,74.4,63.8,1006.4,9.9,7.7,18.1,29.9,82.9,55.9,0.58,999.9,0,790
4,2019,06,06,2019-06-06,65.5,58.6,1011.2,7.9,6.4,13.0,999.9,82.9,57.0,0.29,999.9,0,741
5,2019,06,07,2019-06-07,66.2,57.0,1013.9,9.2,7.2,13.0,18.1,78.1,55.0,0.0,999.9,1,823
6,2019,06,08,2019-06-08,67.0,52.3,1015.1,10.0,8.6,13.0,22.0,78.1,55.0,0.0,999.9,0,888
7,2019,06,09,2019-06-09,68.8,57.7,1013.9,9.6,6.5,8.9,999.9,75.9,57.0,0.0,999.9,0,805
1,2019,06,10,2019-06-10,66.7,52.8,1016.8,9.1,11.4,19.0,28.9,75.0,60.1,0.0,999.9,0,799
2,2019,06,11,2019-06-11,68.8,43.8,1020.3,10.0,6.5,12.0,17.1,82.0,57.0,0.0,999.9,0,777
3,2019,06,12,2019-06-12,67.4,48.1,1013.2,9.7,8.3,18.1,27.0,82.0,57.0,0.0,999.9,0,715
4,2019,06,13,2019-06-13,57.9,47.6,1011.1,9.7,12.6,19.0,28.0,71.1,51.1,0.8,999.9,0,701
5,2019,06,14,2019-06-14,64.8,43.6,1014.9,10.0,10.9,21.0,35.0,80.1,51.1,0.05,999.9,0,806
6,2019,06,15,2019-06-15,66.5,56.9,1009.0,9.5,10.0,21.0,35.9,80.1,52.0,0.05,999.9,0,832
7,2019,06,16,2019-06-16,57.0,55.0,1009.4,4.7,7.1,13.0,999.9,70.0,54.0,0.09,999.9,0,721
1,2019,06,17,2019-06-17,59.0,52.6,1014.7,9.8,7.8,13.0,999.9,66.9,54.0,0.07,999.9,0,752
2,2019,06,18,2019-06-18,63.9,55.9,1014.0,7.3,3.7,7.0,999.9,78.1,54.0,0.0,999.9,1,716
3,2019,06,19,2019-06-19,66.6,56.3,1008.6,9.5,5.8,13.0,999.9,78.1,54.0,0.0,999.9,0,808
4,2019,06,20,2019-06-20,60.0,56.4,1005.4,8.2,11.0,15.9,999.9,69.1,55.4,0.42,999.9,0,733
5,2019,06,21,2019-06-21,62.8,48.8,1014.4,10.0,5.4,12.0,999.9,72.0,52.0,0.04,999.9,0,779
6,2019,06,22,2019-06-22,66.5,52.9,1015.8,10.0,8.8,18.1,26.0,79.0,52.0,0.0,999.9,0,825
7,2019,06,23,2019-06-23,73.1,62.8,1012.8,9.7,9.2,14.0,25.1,81.0,57.9,0.03,999.9,0,809
1,2019,06,24,2019-06-24,71.3,67.1,1003.6,9.3,7.6,17.1,33.0,81.0,63.0,0.35,999.9,0,810
2,2019,06,25,2019-06-25,72.0,59.1,1008.5,10.0,10.4,22.0,42.0,84.9,62.1,0.17,999.9,0,784
3,2019,06,26,2019-06-26,78.2,60.6,1014.8,10.0,5.4,11.1,999.9,89.1,62.1,0.14,999.9,0,798
4,2019,06,27,2019-06-27,77.2,65.5,1019.3,9.9,5.5,19.0,31.1,89.1,68.0,0.15,999.9,0,750
5,2019,06,28,2019-06-28,75.7,66.0,1019.2,10.0,8.0,22.9,29.9,90.0,68.0,0.02,999.9,0,846
6,2019,06,29,2019-06-29,78.4,66.9,1018.1,10.0,4.3,9.9,999.9,90.0,69.1,0.01,999.9,0,864
7,2019,06,30,2019-06-30,77.7,65.1,1016.6,10.0,4.7,39.0,52.1,91.0,69.1,0.0,999.9,0,804
1,2019,07,01,2019-07-01,77.1,67.5,1015.0,10.0,6.1,12.0,21.0,91.0,69.1,0.2,999.9,0,910
2,2019,07,02,2019-07-02,83.9,70.0,1011.7,10.0,7.4,20.0,25.1,91.9,69.1,0.0,999.9,0,769
3,2019,07,03,2019-07-03,77.6,68.7,1011.6,9.7,6.3,15.0,21.0,91.9,69.1,0.42,999.9,0,807
4,2019,07,04,2019-07-04,78.1,67.7,1013.1,9.8,7.1,13.0,18.1,91.0,69.1,0.41,999.9,0,799
5,2019,07,05,2019-07-05,81.4,69.1,1014.4,9.7,6.6,11.1,34.0,91.0,70.0,0.0,999.9,0,891
6,2019,07,06,2019-07-06,77.7,68.5,1015.0,9.8,8.0,20.0,27.0,91.0,72.0,0.47,999.9,0,816
7,2019,07,07,2019-07-07,70.2,58.1,1016.7,10.0,13.0,19.0,20.0,82.9,64.9,0.0,999.9,0,775
1,2019,07,08,2019-07-08,70.8,53.2,1017.3,10.0,7.0,14.0,999.9,82.9,60.1,0.0,999.9,0,833
2,2019,07,09,2019-07-09,74.2,57.5,1016.0,10.0,5.4,11.1,20.0,88.0,60.1,0.0,999.9,0,743
3,2019,07,10,2019-07-10,83.4,66.1,1012.2,10.0,8.9,15.0,22.0,93.9,61.0,0.01,999.9,0,837
4,2019,07,11,2019-07-11,77.5,61.6,1012.0,10.0,7.4,12.0,19.0,93.9,70.0,0.0,999.9,0,765
5,2019,07,12,2019-07-12,71.8,55.7,1014.5,10.0,5.2,9.9,15.0,87.1,59.0,0.0,999.9,0,788
6,2019,07,13,2019-07-13,81.9,63.2,1013.9,10.0,8.0,13.0,20.0,93.9,59.0,0.0,999.9,0,892
7,2019,07,14,2019-07-14,79.4,62.5,1018.1,10.0,7.0,13.0,999.9,93.9,70.0,0.0,999.9,0,790
1,2019,07,15,2019-07-15,81.0,65.1,1016.8,10.0,8.7,17.1,28.9,91.9,70.0,0.0,999.9,0,822
2,2019,07,16,2019-07-16,77.2,67.3,1013.2,9.7,6.9,13.0,22.0,91.9,71.1,0.0,999.9,0,755
3,2019,07,17,2019-07-17,80.5,70.7,1011.6,9.7,4.3,12.0,35.9,91.9,71.1,0.05,999.9,0,803
4,2019,07,18,2019-07-18,77.4,71.2,1010.0,8.6,7.7,20.0,29.9,91.9,71.1,0.47,999.9,0,760
5,2019,07,19,2019-07-19,85.5,75.7,1008.5,10.0,9.6,13.0,20.0,93.0,73.9,1.36,999.9,0,802
6,2019,07,20,2019-07-20,85.0,73.7,1009.9,10.0,11.2,25.1,32.1,95.0,73.0,0.02,999.9,0,827
7,2019,07,21,2019-07-21,73.6,66.4,1012.5,9.5,10.0,18.1,22.9,78.1,68.0,0.79,999.9,0,774
1,2019,07,22,2019-07-22,70.3,54.2,1016.3,10.0,12.6,18.1,28.0,79.0,64.9,0.03,999.9,0,790
2,2019,07,23,2019-07-23,69.9,54.3,1018.6,10.0,6.5,12.0,19.0,80.1,62.1,0.0,999.9,0,788
3,2019,07,24,2019-07-24,71.2,53.3,1020.3,10.0,4.6,8.9,15.9,81.0,62.1,0.0,999.9,0,745
4,2019,07,25,2019-07-25,73.3,51.3,1021.2,10.0,4.0,8.0,999.9,84.9,62.1,0.0,999.9,0,800
5,2019,07,26,2019-07-26,75.6,59.0,1021.3,10.0,7.3,13.0,19.0,84.9,63.0,0.0,999.9,0,815
6,2019,07,27,2019-07-27,79.7,62.4,1018.7,10.0,11.7,18.1,28.0,89.1,66.9,0.0,999.9,0,826
7,2019,07,28,2019-07-28,81.1,64.7,1016.6,10.0,10.0,15.0,24.1,89.1,71.1,0.0,999.9,0,833
1,2019,07,29,2019-07-29,77.3,67.1,1011.7,9.2,8.9,21.0,32.1,89.1,70.0,0.09,999.9,0,815
2,2019,07,30,2019-07-30,73.2,61.2,1014.3,10.0,6.1,11.1,15.0,82.0,66.9,0.23,999.9,0,777
3,2019,07,31,2019-07-31,68.6,55.6,1020.3,10.0,7.9,13.0,19.0,78.1,59.0,0.0,999.9,0,713
4,2019,08,01,2019-08-01,68.5,54.9,1021.6,10.0,6.2,9.9,999.9,80.1,57.0,0.0,999.9,0,920
5,2019,08,02,2019-08-02,72.0,57.1,1020.7,10.0,5.4,9.9,999.9,82.9,57.0,0.0,999.9,0,881
6,2019,08,03,2019-08-03,75.4,55.9,1018.4,10.0,3.0,7.0,999.9,89.1,61.0,0.0,999.9,0,869
7,2019,08,04,2019-08-04,78.7,61.5,1016.6,10.0,4.6,8.9,999.9,89.1,63.0,0.0,999.9,0,842
1,2019,08,05,2019-08-05,78.8,63.3,1014.4,10.0,5.4,14.0,22.0,90.0,70.0,0.0,999.9,0,809
2,2019,08,06,2019-08-06,76.1,63.5,1009.1,10.0,7.8,15.0,18.1,90.0,66.9,0.01,999.9,0,784
3,2019,08,07,2019-08-07,76.7,61.6,1009.7,10.0,5.3,12.0,18.1,88.0,66.0,0.0,999.9,0,779
4,2019,08,08,2019-08-08,79.1,59.6,1009.1,10.0,9.4,18.1,26.0,88.0,66.0,0.01,999.9,0,820
5,2019,08,09,2019-08-09,72.7,52.0,1013.1,9.9,5.8,12.0,15.0,87.1,62.1,0.0,999.9,0,796
6,2019,08,10,2019-08-10,74.2,55.9,1015.2,10.0,4.3,9.9,999.9,86.0,62.1,0.0,999.9,0,800
7,2019,08,11,2019-08-11,74.4,59.7,1015.4,10.0,7.2,12.0,18.1,86.0,66.9,0.0,999.9,0,802
1,2019,08,12,2019-08-12,76.0,69.0,1011.7,9.2,4.0,8.0,999.9,84.0,68.0,0.0,999.9,0,709
2,2019,08,13,2019-08-13,75.2,68.3,1009.5,7.4,5.3,12.0,22.0,86.0,70.0,0.5,999.9,0,762
3,2019,08,14,2019-08-14,71.9,64.8,1012.6,9.9,5.2,15.0,999.9,86.0,66.0,0.19,999.9,0,793
4,2019,08,15,2019-08-15,70.1,60.4,1014.9,10.0,8.5,14.0,999.9,82.9,63.0,0.0,999.9,0,814
5,2019,08,16,2019-08-16,71.8,60.1,1013.4,10.0,6.2,12.0,21.0,84.0,63.0,0.0,999.9,0,773
6,2019,08,17,2019-08-17,73.3,65.8,1011.5,9.7,4.2,12.0,999.9,84.0,64.0,0.0,999.9,0,811
7,2019,08,18,2019-08-18,73.5,67.1,1010.0,9.3,7.9,19.0,29.9,82.0,66.9,0.18,999.9,1,759
1,2019,08,19,2019-08-19,75.6,66.0,1014.1,10.0,3.5,8.9,999.9,84.9,68.0,0.86,999.9,0,787
2,2019,08,20,2019-08-20,74.3,69.8,1014.8,8.6,3.7,15.0,22.9,84.9,68.0,0.0,999.9,0,732
3,2019,08,21,2019-08-21,73.1,66.9,1013.8,10.0,4.7,12.0,19.0,82.9,64.9,0.35,999.9,0,722
4,2019,08,22,2019-08-22,71.4,60.1,1015.2,10.0,8.1,15.9,22.9,82.9,64.0,0.02,999.9,0,754
5,2019,08,23,2019-08-23,67.6,52.8,1020.6,10.0,9.2,15.9,19.0,75.9,57.9,0.0,999.9,0,781
6,2019,08,24,2019-08-24,66.8,52.5,1023.9,10.0,7.6,15.9,20.0,75.0,57.9,0.0,999.9,0,818
7,2019,08,25,2019-08-25,68.6,52.9,1020.1,10.0,7.5,14.0,21.0,78.1,60.1,0.0,999.9,0,767
1,2019,08,26,2019-08-26,70.2,63.1,1011.0,8.9,8.9,15.9,24.1,78.1,61.0,0.05,999.9,0,730
2,2019,08,27,2019-08-27,71.6,62.9,1008.0,10.0,8.8,13.0,22.0,79.0,64.9,1.35,999.9,0,732
3,2019,08,28,2019-08-28,68.2,52.1,1012.4,10.0,10.9,21.0,33.0,79.0,59.0,0.0,999.9,0,752
4,2019,08,29,2019-08-29,69.8,56.3,1013.1,10.0,9.8,18.1,29.9,84.0,57.9,0.0,999.9,0,773
5,2019,08,30,2019-08-30,69.6,52.7,1016.6,10.0,6.6,15.0,22.0,84.0,57.9,0.0,999.9,0,767
6,2019,08,31,2019-08-31,66.9,51.9,1023.8,10.0,7.6,15.0,999.9,75.0,59.0,0.0,999.9,0,774
7,2019,09,01,2019-09-01,66.9,60.3,1020.7,9.8,5.3,12.0,999.9,75.0,62.1,0.45,999.9,0,892
1,2019,09,02,2019-09-02,70.0,61.5,1018.4,9.2,4.7,9.9,999.9,82.0,61.0,0.34,999.9,0,777
2,2019,09,03,2019-09-03,72.3,65.1,1013.5,9.8,9.5,24.1,35.9,82.0,61.0,0.05,999.9,0,680
3,2019,09,04,2019-09-04,67.6,57.0,1016.0,10.0,8.5,11.1,24.1,80.1,59.0,0.17,999.9,0,683
4,2019,09,05,2019-09-05,63.9,52.2,1020.8,10.0,4.4,8.9,999.9,73.9,55.9,0.0,999.9,0,649
5,2019,09,06,2019-09-06,67.3,57.7,1013.8,10.0,9.0,15.0,20.0,73.9,55.9,0.0,999.9,0,773
6,2019,09,07,2019-09-07,66.3,55.9,1016.7,10.0,7.5,13.0,19.0,78.1,55.9,0.0,999.9,0,737
7,2019,09,08,2019-09-08,65.1,55.4,1018.4,9.9,7.7,12.0,999.9,78.1,55.9,0.0,999.9,0,720
1,2019,09,09,2019-09-09,66.5,58.5,1020.7,10.0,6.2,9.9,999.9,75.9,62.1,0.04,999.9,0,778
2,2019,09,10,2019-09-10,78.0,66.5,1017.3,10.0,9.4,15.9,26.0,90.0,62.1,0.01,999.9,0,720
3,2019,09,11,2019-09-11,80.5,70.4,1017.9,9.9,6.6,13.0,22.9,90.0,71.1,0.0,999.9,0,750
4,2019,09,12,2019-09-12,71.9,66.8,1017.5,7.4,7.3,19.0,31.1,89.1,63.0,0.47,999.9,0,785
5,2019,09,13,2019-09-13,72.7,65.4,1016.0,9.4,10.2,21.0,32.1,78.1,64.9,1.35,999.9,0,817
6,2019,09,14,2019-09-14,66.7,55.1,1021.0,10.0,7.1,15.0,19.0,80.1,55.9,0.0,999.9,0,764
7,2019,09,15,2019-09-15,70.6,62.7,1017.9,9.2,8.7,14.0,22.9,80.1,55.9,0.47,999.9,0,785
1,2019,09,16,2019-09-16,71.2,66.8,1018.2,7.7,5.2,11.1,999.9,78.1,63.0,0.02,999.9,0,806
2,2019,09,17,2019-09-17,69.3,63.2,1020.5,8.8,6.0,8.9,999.9,78.1,64.0,0.0,999.9,0,781
3,2019,09,18,2019-09-18,70.9,61.0,1019.3,10.0,6.0,11.1,999.9,82.0,62.1,0.0,999.9,0,755
4,2019,09,19,2019-09-19,72.2,58.8,1018.0,10.0,4.9,11.1,999.9,82.9,62.1,0.0,999.9,0,789
5,2019,09,20,2019-09-20,74.1,64.4,1018.6,9.5,3.5,8.0,999.9,84.0,63.0,0.01,999.9,0,816
6,2019,09,21,2019-09-21,75.1,67.0,1018.1,9.7,8.7,15.9,26.0,84.0,68.0,0.0,999.9,0,757
7,2019,09,22,2019-09-22,72.2,67.5,1013.4,8.3,10.4,17.1,27.0,78.1,69.1,0.33,999.9,0,656
1,2019,09,23,2019-09-23,66.7,57.7,1014.1,9.4,8.4,17.1,22.9,77.0,59.0,1.31,999.9,0,766
2,2019,09,24,2019-09-24,66.9,54.5,1014.5,10.0,8.2,15.0,22.9,79.0,57.9,0.0,999.9,0,757
3,2019,09,25,2019-09-25,70.3,55.9,1007.1,10.0,12.5,17.1,27.0,79.0,57.9,0.0,999.9,0,713
4,2019,09,26,2019-09-26,65.5,45.8,1012.1,10.0,8.5,12.0,20.0,79.0,55.9,0.0,999.9,0,709
5,2019,09,27,2019-09-27,63.3,49.2,1010.4,9.3,8.4,15.0,26.0,72.0,55.9,0.0,999.9,0,668
6,2019,09,28,2019-09-28,61.3,59.1,1016.3,6.4,11.2,18.1,25.1,69.1,54.0,2.45,999.9,0,700
7,2019,09,29,2019-09-29,60.9,57.9,1021.2,9.1,9.1,15.0,19.0,66.0,53.1,0.53,999.9,0,713
1,2019,09,30,2019-09-30,71.2,65.9,1016.5,6.1,5.9,14.0,21.0,84.9,60.1,0.06,999.9,1,753
2,2019,10,01,2019-10-01,78.6,67.3,1013.0,9.9,8.5,11.1,17.1,86.0,64.9,0.0,999.9,0,882
3,2019,10,02,2019-10-02,65.9,61.9,1011.8,6.5,10.4,15.0,21.0,82.9,57.2,0.08,999.9,0,730
4,2019,10,03,2019-10-03,60.7,56.3,1016.0,7.5,8.9,15.0,24.1,69.1,57.0,2.25,999.9,0,730
5,2019,10,04,2019-10-04,51.8,45.1,1026.5,10.0,9.5,17.1,20.0,57.0,46.0,0.57,999.9,0,716
6,2019,10,05,2019-10-05,54.6,46.3,1022.0,9.5,7.6,12.0,15.9,63.0,45.0,0.0,999.9,0,723
7,2019,10,06,2019-10-06,58.6,47.2,1016.6,10.0,8.9,14.0,24.1,66.9,48.0,0.27,999.9,0,670
1,2019,10,07,2019-10-07,58.6,43.0,1020.8,10.0,8.1,14.0,21.0,69.1,48.0,0.0,999.9,0,746
2,2019,10,08,2019-10-08,57.1,43.2,1022.6,10.0,2.4,8.9,999.9,70.0,46.0,0.0,999.9,0,712
3,2019,10,09,2019-10-09,59.8,44.3,1020.6,10.0,6.7,11.1,999.9,70.0,46.0,0.0,999.9,0,734
4,2019,10,10,2019-10-10,61.6,52.1,1017.5,10.0,7.0,11.1,17.1,70.0,50.0,0.0,999.9,0,647
5,2019,10,11,2019-10-11,59.7,55.2,1012.2,9.0,9.7,17.1,25.1,69.1,42.1,0.2,999.9,0,728
6,2019,10,12,2019-10-12,42.7,26.6,1015.4,9.7,12.9,19.0,32.1,66.9,35.1,0.58,999.9,0,729
7,2019,10,13,2019-10-13,45.4,31.9,1010.2,10.0,9.8,18.1,28.0,54.0,36.0,0.0,999.9,0,697
1,2019,10,14,2019-10-14,44.7,31.8,1016.6,10.0,7.1,13.0,19.0,54.0,37.0,0.0,999.9,0,686
2,2019,10,15,2019-10-15,50.0,40.6,1013.7,9.7,7.0,14.0,26.0,62.6,41.0,0.0,999.9,0,744
3,2019,10,16,2019-10-16,48.8,37.0,1011.0,10.0,14.1,22.9,36.9,62.1,41.0,0.0,999.9,0,741
4,2019,10,17,2019-10-17,46.0,36.4,1016.6,10.0,5.8,8.0,15.0,54.0,41.0,0.0,999.9,0,676
5,2019,10,18,2019-10-18,46.8,38.5,1017.2,10.0,4.8,11.1,17.1,59.0,37.9,0.0,999.9,0,704
6,2019,10,19,2019-10-19,53.4,40.4,1010.5,10.0,7.6,12.0,20.0,68.0,37.9,0.0,999.9,0,718
7,2019,10,20,2019-10-20,56.3,47.6,1010.2,9.9,5.3,8.9,999.9,68.0,44.1,0.0,999.9,0,720
1,2019,10,21,2019-10-21,56.2,50.9,1003.0,6.7,11.9,22.9,35.9,66.9,48.2,0.0,999.9,1,712
2,2019,10,22,2019-10-22,50.0,38.8,1001.3,10.0,15.5,22.0,39.0,66.9,46.0,0.05,999.9,0,659
3,2019,10,23,2019-10-23,47.5,33.7,1011.3,10.0,9.0,17.1,26.0,57.9,39.0,0.01,999.9,0,700
4,2019,10,24,2019-10-24,47.1,39.0,1021.6,10.0,6.3,15.0,999.9,57.9,39.9,0.02,999.9,0,716
5,2019,10,25,2019-10-25,44.5,34.1,1027.1,10.0,3.9,6.0,999.9,50.0,42.1,0.0,999.9,0,751
6,2019,10,26,2019-10-26,42.1,37.6,1018.0,7.4,6.7,21.0,26.0,48.2,36.0,0.0,999.9,0,559
7,2019,10,27,2019-10-27,48.6,42.0,1008.1,7.3,12.3,22.0,29.9,57.9,36.0,2.22,999.9,0,701
1,2019,10,28,2019-10-28,47.1,41.2,1016.5,9.9,3.6,7.0,999.9,57.9,41.0,0.04,999.9,0,660
2,2019,10,29,2019-10-29,40.3,36.3,1021.1,8.4,7.0,15.0,24.1,48.9,35.1,0.15,999.9,0,635
3,2019,10,30,2019-10-30,36.5,32.4,1024.1,6.3,7.8,15.9,25.1,45.0,32.0,0.27,1.2,0,578
4,2019,10,31,2019-10-31,33.4,31.7,1012.8,2.9,14.7,20.0,28.9,41.0,30.0,0.46,3.1,1,589
5,2019,11,01,2019-11-01,30.9,23.6,1021.6,9.6,8.3,14.0,21.0,44.1,23.0,0.11,2.0,0,857
6,2019,11,02,2019-11-02,38.0,31.3,1020.1,9.3,9.3,15.0,31.1,44.1,23.2,0.01,2.0,0,664
7,2019,11,03,2019-11-03,38.8,28.3,1019.7,10.0,7.4,14.0,25.1,53.1,30.0,0.0,999.9,0,721
1,2019,11,04,2019-11-04,47.6,34.7,1013.5,10.0,8.8,13.0,21.0,53.1,30.2,0.0,999.9,0,672
2,2019,11,05,2019-11-05,37.7,25.3,1022.6,10.0,8.2,13.0,22.9,51.1,32.0,0.0,999.9,0,636
3,2019,11,06,2019-11-06,38.6,24.7,1026.1,10.0,6.5,15.9,28.9,55.0,30.0,0.0,999.9,0,661
4,2019,11,07,2019-11-07,28.3,18.7,1030.0,9.1,11.1,17.1,21.0,37.0,21.9,0.01,999.9,0,664
5,2019,11,08,2019-11-08,23.0,8.1,1032.2,10.0,6.6,11.1,999.9,32.0,16.0,0.0,999.9,0,680
6,2019,11,09,2019-11-09,33.6,16.8,1018.7,10.0,9.4,15.0,21.0,46.0,16.0,0.0,999.9,0,710
7,2019,11,10,2019-11-10,40.6,30.9,1014.6,9.5,6.2,11.1,999.9,46.0,27.1,0.0,999.9,0,652
1,2019,11,11,2019-11-11,28.1,24.6,1022.7,3.7,13.2,22.0,28.9,43.0,19.9,0.18,3.1,0,494
2,2019,11,12,2019-11-12,13.4,1.9,1031.6,10.0,11.2,17.1,25.1,33.1,7.0,0.04,3.1,0,547
3,2019,11,13,2019-11-13,15.7,3.7,1025.8,10.0,9.1,15.0,24.1,25.0,7.0,0.0,2.0,0,578
4,2019,11,14,2019-11-14,27.1,19.9,1022.0,9.3,6.3,11.1,15.9,30.0,10.9,0.01,2.0,0,578
5,2019,11,15,2019-11-15,27.1,20.2,1027.6,9.3,5.9,9.9,999.9,37.9,21.9,0.0,1.2,0,758
6,2019,11,16,2019-11-16,32.8,26.6,1029.4,8.1,4.5,8.9,999.9,42.1,21.9,0.0,1.2,0,664
7,2019,11,17,2019-11-17,32.9,26.6,1019.4,9.7,6.2,8.0,999.9,42.1,26.1,0.0,1.2,0,702
1,2019,11,18,2019-11-18,36.7,33.5,1009.6,5.7,4.3,8.0,999.9,39.9,27.1,0.04,999.9,0,683
2,2019,11,19,2019-11-19,37.2,32.0,1009.1,8.2,3.2,7.0,999.9,41.0,34.0,0.0,999.9,0,687
3,2019,11,20,2019-11-20,40.8,37.3,1019.2,6.7,3.5,11.1,999.9,46.9,35.1,0.01,999.9,0,729
4,2019,11,21,2019-11-21,46.5,41.9,1012.6,8.8,12.7,22.0,36.9,54.0,37.9,0.26,999.9,0,662
5,2019,11,22,2019-11-22,36.0,26.8,1019.7,10.0,8.2,14.0,25.1,54.0,28.9,0.42,999.9,0,727
6,2019,11,23,2019-11-23,31.0,25.0,1014.0,10.0,4.5,8.9,999.9,39.9,24.1,0.0,999.9,0,702
7,2019,11,24,2019-11-24,38.0,30.2,1005.3,10.0,7.9,11.1,999.9,50.0,24.3,0.0,999.9,0,698
1,2019,11,25,2019-11-25,44.5,36.3,1002.4,10.0,6.8,9.9,999.9,53.1,32.0,0.0,999.9,0,694
2,2019,11,26,2019-11-26,41.2,34.3,1007.8,9.8,5.8,14.0,999.9,53.1,32.0,0.0,999.9,0,678
3,2019,11,27,2019-11-27,44.4,39.6,1001.1,7.6,16.1,31.1,46.0,55.0,33.1,0.62,999.9,0,637
4,2019,11,28,2019-11-28,33.8,25.2,1028.7,10.0,9.6,20.0,28.9,36.0,30.9,0.25,999.9,0,508
5,2019,11,29,2019-11-29,35.7,32.8,1028.6,8.6,5.5,8.9,999.9,39.9,31.1,0.0,999.9,0,649
6,2019,11,30,2019-11-30,37.3,34.2,1013.8,7.0,10.4,22.0,32.1,39.9,33.1,0.03,999.9,0,663
7,2019,12,01,2019-12-01,39.3,37.6,996.4,5.6,8.0,20.0,28.0,41.0,34.0,0.34,999.9,0,724
1,2019,12,02,2019-12-02,31.7,26.5,1013.4,9.4,11.3,15.9,22.9,41.0,28.9,0.11,999.9,0,709
2,2019,12,03,2019-12-03,32.4,26.2,1011.0,9.9,9.1,14.0,22.0,39.9,28.9,0.0,999.9,0,690
3,2019,12,04,2019-12-04,36.7,28.1,1004.2,10.0,11.4,20.0,29.9,43.0,29.1,0.0,999.9,0,746
4,2019,12,05,2019-12-05,35.7,27.9,1014.7,10.0,5.8,11.1,999.9,45.0,27.0,0.0,999.9,0,700
5,2019,12,06,2019-12-06,38.5,29.6,1019.7,10.0,9.8,20.0,28.9,45.0,29.1,0.0,999.9,0,736
6,2019,12,07,2019-12-07,30.7,23.8,1028.2,10.0,5.3,9.9,999.9,42.1,25.0,0.0,999.9,0,700
7,2019,12,08,2019-12-08,38.5,30.7,1016.3,8.9,10.3,15.0,22.9,46.9,25.2,0.0,999.9,0,671
1,2019,12,09,2019-12-09,45.8,43.3,1003.1,6.6,7.3,21.0,32.1,46.9,34.0,0.05,999.9,0,705
2,2019,12,10,2019-12-10,22.0,13.2,1016.1,9.8,12.5,20.0,31.1,46.9,14.0,0.0,999.9,0,675
3,2019,12,11,2019-12-11,17.9,7.4,1029.4,9.4,8.6,14.0,22.9,24.1,12.9,0.0,999.9,0,606
4,2019,12,12,2019-12-12,28.0,18.2,1027.8,9.8,8.3,15.0,27.0,45.0,12.9,0.0,999.9,0,656
5,2019,12,13,2019-12-13,39.7,27.5,1014.8,10.0,6.8,11.1,20.0,45.0,36.0,0.0,999.9,0,732
6,2019,12,14,2019-12-14,32.8,28.0,1007.8,7.7,5.1,15.9,22.9,45.0,27.0,0.0,999.9,0,682
7,2019,12,15,2019-12-15,23.5,15.2,1016.7,9.8,7.3,14.0,25.1,35.1,19.0,0.0,999.9,0,655
1,2019,12,16,2019-12-16,26.0,20.1,1021.5,8.3,4.7,8.0,999.9,30.2,24.1,0.01,999.9,0,624
2,2019,12,17,2019-12-17,24.9,18.7,1020.2,10.0,8.4,14.0,22.9,30.0,19.0,0.0,999.9,0,670
3,2019,12,18,2019-12-18,19.9,7.4,1023.9,9.9,9.1,15.9,22.0,28.9,10.0,0.0,999.9,0,653
4,2019,12,19,2019-12-19,22.9,8.8,1026.2,10.0,8.2,15.0,22.0,35.1,14.0,0.0,999.9,0,683
5,2019,12,20,2019-12-20,29.9,24.6,1029.0,7.2,3.5,8.9,999.9,41.0,15.1,0.0,999.9,0,726
6,2019,12,21,2019-12-21,37.5,28.5,1027.6,10.0,6.9,9.9,999.9,46.9,23.2,0.0,999.9,0,747
7,2019,12,22,2019-12-22,39.7,30.6,1024.2,10.0,7.8,12.0,20.0,52.0,33.1,0.0,999.9,0,681
1,2019,12,23,2019-12-23,42.0,31.8,1018.5,10.0,7.7,11.1,19.0,52.0,33.1,0.0,999.9,0,691
2,2019,12,24,2019-12-24,39.8,35.0,1017.7,5.8,5.7,13.0,21.0,55.0,30.0,0.0,999.9,1,624
3,2019,12,25,2019-12-25,47.5,39.7,1012.3,10.0,7.5,13.0,20.0,57.0,30.2,0.0,999.9,0,511
4,2019,12,26,2019-12-26,55.6,48.0,1012.4,10.0,10.2,12.0,26.0,61.0,37.0,0.0,999.9,0,609
5,2019,12,27,2019-12-27,36.9,31.7,1021.5,9.5,7.7,13.0,21.0,61.0,32.0,0.0,999.9,0,693
6,2019,12,28,2019-12-28,34.1,30.0,1022.9,6.5,4.5,9.9,999.9,44.1,27.0,0.0,999.9,0,639
7,2019,12,29,2019-12-29,51.9,49.0,1006.1,7.4,8.9,15.0,25.1,57.2,44.1,0.94,999.9,0,689
1,2019,12,30,2019-12-30,38.4,34.7,998.6,8.1,12.2,20.0,32.1,53.1,28.4,0.31,999.9,0,616
2,2019,12,31,2019-12-31,26.3,20.8,1004.8,7.1,15.2,26.0,36.9,30.0,24.1,0.13,1.2,0,549
3,2020,01,01,2020-01-01,28.3,21.8,1008.6,10.0,9.2,15.9,25.1,42.1,21.0,0.08,2.0,0,955
4,2020,01,02,2020-01-02,41.7,30.7,1001.3,10.0,12.5,17.1,27.0,48.0,37.0,0.0,999.9,0,635
5,2020,01,03,2020-01-03,38.4,32.9,1007.6,10.0,5.3,8.9,999.9,48.0,34.0,0.0,999.9,0,697
6,2020,01,04,2020-01-04,31.8,25.6,1014.1,8.5,7.6,12,17.1,41.0,28.9,0.03,1.2,1,638
7,2020,01,05,2020-01-05,30.7,23.9,1017.2,9.9,10.1,18.1,32.1,42.1,24.1,0.0,1.2,0,622
1,2020,01,06,2020-01-06,33.8,22.3,1018.9,10.0,10.1,19,32.1,42.1,24.3,0.0,999.9,0,691
2,2020,01,07,2020-01-07,33.9,22.3,1016.5,10.0,7.6,13,19.0,42.1,28.0,0.0,999.9,0,628
3,2020,01,08,2020-01-08,23.9,9.5,1024.3,10.0,10.7,18.1,27.0,39.9,14.0,0.0,999.9,0,647
4,2020,01,09,2020-01-09,32.0,21.4,1021.7,9.9,11.9,19,29.9,50.0,17.1,0.0,999.9,1,632
5,2020,01,10,2020-01-10,46.2,43.1,1016.3,5.8,10.8,19,32.1,50.0,23.2,0.03,999.9,1,624
6,2020,01,11,2020-01-11,34.3,32.7,1011.5,3.2,21,29.9,45.1,50.0,28.9,1.14,1.2,1,560
7,2020,01,12,2020-01-12,26.4,22.3,1023.0,7.6,8.7,24.1,38.1,37.0,23.0,0.06,2.0,1,575
1,2020,01,13,2020-01-13,31.1,26.8,1025.3,8.4,7,12,19.0,32.0,23.0,0.0,2.0,1,650
2,2020,01,14,2020-01-14,34.7,30.7,1021.1,8.2,8.5,14,24.1,39.0,30.9,0.0,1.2,0,662
3,2020,01,15,2020-01-15,31.7,29.6,1020.3,6.1,4.7,11.1,19.0,39.0,25.0,0.0,1.2,1,653
4,2020,01,16,2020-01-16,24.8,16.5,1032.6,9.5,11.5,18.1,24.1,36.0,15.1,0.0,999.9,0,675
5,2020,01,17,2020-01-17,18.8,9.6,1041.6,9.3,7,15,21.0,28.9,10.9,0.0,1.2,1,581
6,2020,01,18,2020-01-18,29.3,27.0,1013.1,4.8,13.1,22.9,39.0,35.1,10.9,0.74,2.0,1,562
7,2020,01,19,2020-01-19,9.0,1.6,1022.7,9.7,14.3,22.9,34.0,19.0,1.9,0.03,2.0,1,503
1,2020,01,20,2020-01-20,21.4,13.1,1034.4,10.0,6.9,12,999.9,30.9,1.9,0.0,2.0,0,619
2,2020,01,21,2020-01-21,21.1,14.5,1036.5,10.0,6,12,999.9,30.9,15.1,0.0,2.0,0,584
3,2020,01,22,2020-01-22,27.1,19.4,1025.6,10.0,10.3,13,22.9,34.0,15.1,0.0,2.0,0,633
4,2020,01,23,2020-01-23,31.6,26.2,1019.3,5.4,8,12,17.1,34.0,24.1,0.02,2.0,1,592
5,2020,01,24,2020-01-24,34.9,33.9,1013.4,2.5,5.1,9.9,999.9,37.4,33.1,0.27,1.2,1,657
6,2020,01,25,2020-01-25,33.2,32.5,1009.1,4.9,5.5,12,17.1,37.0,32.0,0.31,1.2,1,663
7,2020,01,26,2020-01-26,31.6,28.9,1012.8,9.0,8.6,11.1,18.1,34.0,28.0,0.09,1.2,1,606
1,2020,01,27,2020-01-27,29.8,26.9,1014.1,7.1,5.9,8.9,999.9,35.1,27.0,0.0,1.2,1,697
2,2020,01,28,2020-01-28,32.1,26.5,1018.7,9.4,4.9,7,999.9,35.1,27.1,0.0,999.9,1,681
3,2020,01,29,2020-01-29,31.7,23.4,1021.7,9.7,4.9,7,999.9,34.0,30.0,0.0,999.9,1,620
4,2020,01,30,2020-01-30,33.1,24.3,1022.9,9.7,2.7,7,999.9,35.1,31.1,0.0,999.9,0,619
5,2020,01,31,2020-01-31,34.1,27.6,1021.6,5.9,4.5,6,999.9,37.4,32.0,0.05,999.9,1,709
6,2020,02,01,2020-02-01,35.6,30.4,1015.1,6.2,7.7,15,24.1,37.9,32.0,0.04,999.9,1,810
7,2020,02,02,2020-02-02,41.4,30.8,1002.2,10.0,14.2,18.1,29.9,52.0,34.0,0.01,999.9,0,666
1,2020,02,03,2020-02-03,39.3,31.4,1007.4,10.0,6.2,13,999.9,52.0,30.0,0.0,999.9,0,745
2,2020,02,04,2020-02-04,36.4,27.6,1012.8,10.0,18.9,25.1,35.0,48.0,30.2,0.0,999.9,0,649
3,2020,02,05,2020-02-05,30.1,16.5,1020.2,10.0,12.2,19,29.9,39.0,27.0,0.0,999.9,1,632
4,2020,02,06,2020-02-06,28.8,21.9,1007.4,5.3,11.4,18.1,22.9,30.2,26.6,0.09,2.0,1,555
5,2020,02,07,2020-02-07,30.1,16.5,1005.6,9.1,7.8,11.1,18.1,37.9,24.1,0.03,1.2,1,694
6,2020,02,08,2020-02-08,32.3,20.1,1017.0,10.0,5.4,8.9,999.9,37.9,24.1,0.0,2.0,1,625
7,2020,02,09,2020-02-09,30.8,23.4,1021.5,8.0,8.2,15.9,27.0,37.0,25.0,0.0,1.2,1,563
1,2020,02,10,2020-02-10,31.9,26.0,1018.7,8.4,6.4,13,17.1,39.0,25.2,0.14,999.9,1,630
2,2020,02,11,2020-02-11,30.8,22.1,1020.4,9.0,7.7,19,31.1,39.0,27.0,0.0,999.9,0,643
3,2020,02,12,2020-02-12,29.6,20.2,1019.1,9.0,6.1,11.1,17.1,37.0,24.1,0.0,1.2,1,628
4,2020,02,13,2020-02-13,24.0,18.5,1018.1,3.5,9,18.1,25.1,37.0,10.0,0.2,3.1,1,548
5,2020,02,14,2020-02-14,6.0,-6.6,1033.4,10.0,6.5,13,999.9,15.1,-2.0,0.01,3.1,0,586
6,2020,02,15,2020-02-15,18.5,7.8,1024.7,10.0,11.3,15.9,27.0,33.1,-0.9,0.0,2.0,1,596
7,2020,02,16,2020-02-16,30.1,20.6,1019.2,9.4,4.2,8.9,999.9,43.0,7.0,0.0,1.2,0,619
1,2020,02,17,2020-02-17,34.5,25.6,1018.6,8.9,6.8,15.9,19.0,43.0,19.9,0.0,1.2,1,601
2,2020,02,18,2020-02-18,36.8,29.6,1017.4,7.1,11.6,17.1,32.1,41.0,28.2,0.13,1.2,1,668
3,2020,02,19,2020-02-19,24.7,8.7,1033.3,10.0,7.8,12,17.1,39.0,16.0,0.0,999.9,0,581
4,2020,02,20,2020-02-20,18.8,-1.2,1038.6,10.0,8.2,13,15.9,30.9,9.0,0.0,999.9,0,603
5,2020,02,21,2020-02-21,21.4,3.6,1036.3,10.0,8.8,17.1,26.0,37.9,10.0,0.0,999.9,0,657
6,2020,02,22,2020-02-22,36.0,18.1,1024.3,10.0,12.6,17.1,26.0,50.0,28.0,0.0,999.9,0,685
7,2020,02,23,2020-02-23,43.3,26.0,1015.8,10.0,10.4,14,22.0,55.0,28.2,0.0,999.9,0,660
1,2020,02,24,2020-02-24,41.3,29.2,1012.6,10.0,8.4,15.9,999.9,55.0,35.1,0.0,999.9,0,601
2,2020,02,25,2020-02-25,37.8,30.1,1013.2,9.7,17.8,27,35.0,39.9,33.8,0.0,999.9,1,517
3,2020,02,26,2020-02-26,31.0,24.7,1018.2,4.7,17.3,27,33.0,41.0,28.0,0.02,1.2,1,602
4,2020,02,27,2020-02-27,27.5,13.0,1018.5,10.0,10,15.9,25.1,33.1,25.0,0.1,1.2,1,565
5,2020,02,28,2020-02-28,24.2,8.1,1017.8,10.0,7.8,13,20.0,32.0,19.0,0.0,1.2,0,658
6,2020,02,29,2020-02-29,25.7,4.2,1021.8,10.0,8.1,12,18.1,37.0,17.1,0.0,1.2,0,588
7,2020,03,01,2020-03-01,40.7,25.5,1013.4,10.0,11,17.1,26.0,60.1,17.1,0.0,999.9,0,745
1,2020,03,02,2020-03-02,45.6,33.7,1006.7,10.0,6.1,9.9,15.0,60.1,30.2,0.0,999.9,0,603
2,2020,03,03,2020-03-03,38.5,28.9,1003.2,10.0,8.7,20,33.0,50.0,32.0,0.0,999.9,1,637
3,2020,03,04,2020-03-04,41.7,26.1,1011.0,10.0,8.4,14,20.0,48.9,32.0,0.0,999.9,0,624
4,2020,03,05,2020-03-05,41.9,25.1,1015.6,10.0,10.4,22,38.1,53.1,32.0,0.0,999.9,0,589
5,2020,03,06,2020-03-06,36.8,24.8,1022.6,9.7,15.3,24.1,33.0,53.1,32.0,0.0,999.9,1,707
6,2020,03,07,2020-03-07,34.6,20.9,1032.4,9.8,7.3,15,24.1,53.1,25.0,0.0,999.9,0,589
7,2020,03,08,2020-03-08,50.5,23.9,1023.4,10.0,13.7,19,31.1,66.9,42.1,0.0,999.9,0,639
1,2020,03,09,2020-03-09,55.1,38.1,1017.3,9.1,14.2,18.1,32.1,66.9,43.0,0.02,999.9,1,572
2,2020,03,10,2020-03-10,45.9,39.6,1018.5,9.0,9.6,15.9,28.9,57.0,37.0,0.81,999.9,1,565
3,2020,03,11,2020-03-11,39.4,32.1,1019.0,8.8,4.7,11.1,999.9,51.1,35.1,0.0,999.9,1,591
4,2020,03,12,2020-03-12,44.4,38.3,1010.7,8.2,7.2,12,20.0,57.9,36.0,0.0,999.9,1,633
5,2020,03,13,2020-03-13,44.1,28.5,1017.6,9.3,12.8,21,32.1,57.9,34.0,0.01,999.9,1,676
6,2020,03,14,2020-03-14,39.1,22.6,1030.9,9.7,8.7,15,999.9,50.0,33.1,0.0,999.9,1,618
7,2020,03,15,2020-03-15,35.8,25.7,1036.1,9.7,11.5,18.1,22.9,42.1,33.1,0.01,999.9,1,592
1,2020,03,16,2020-03-16,35.1,28.9,1028.6,8.3,4.5,8,999.9,42.1,30.0,0.0,999.9,1,531
2,2020,03,17,2020-03-17,40.8,28.0,1023.4,8.7,6.8,12,18.1,50.0,30.2,0.04,999.9,1,576
3,2020,03,18,2020-03-18,41.7,27.6,1022.4,8.5,5.6,9.9,999.9,50.0,37.0,0.0,999.9,1,530
4,2020,03,19,2020-03-19,44.7,41.8,1016.8,3.5,6.7,9.9,15.0,55.0,39.0,0.29,999.9,1,473
5,2020,03,20,2020-03-20,47.8,41.1,1016.5,9.4,12.5,17.1,28.9,64.4,34.0,0.28,999.9,1,499
6,2020,03,21,2020-03-21,31.2,18.4,1034.5,10.0,12,17.1,22.9,34.0,28.0,0.06,999.9,0,439
7,2020,03,22,2020-03-22,30.7,20.3,1033.3,9.0,6.4,12,19.0,37.0,26.1,0.0,999.9,1,377
1,2020,03,23,2020-03-23,35.6,30.7,1022.6,5.7,3.8,7,999.9,45.0,26.2,0.21,1.2,1,395
2,2020,03,24,2020-03-24,39.6,31.9,1019.9,7.9,5.3,11.1,999.9,48.9,33.1,0.05,3.1,0,424
3,2020,03,25,2020-03-25,42.7,34.5,1014.1,8.2,5.1,12,999.9,57.9,32.0,0.0,999.9,0,438
4,2020,03,26,2020-03-26,48.4,41.6,1009.7,9.9,9.1,15.9,22.0,57.9,32.0,0.0,999.9,1,425
5,2020,03,27,2020-03-27,41.7,38.4,1012.0,5.0,9.7,15,999.9,52.0,37.0,0.0,999.9,1,426
6,2020,03,28,2020-03-28,48.8,45.8,1006.3,6.7,8,17.1,24.1,60.8,44.1,0.33,999.9,1,470
7,2020,03,29,2020-03-29,51.4,41.7,1000.2,8.8,16.6,28,48.0,66.9,44.1,0.36,999.9,1,502
1,2020,03,30,2020-03-30,45.4,33.9,1016.6,10.0,12.6,18.1,32.1,63.0,39.9,0.0,999.9,1,450
2,2020,03,31,2020-03-31,39.8,32.0,1019.0,9.8,10.4,14,999.9,51.1,37.0,0.0,999.9,1,388
3,2020,04,01,2020-04-01,42.6,34.2,1018.1,10.0,7.5,14,999.9,53.1,37.0,0.0,999.9,0,530
4,2020,04,02,2020-04-02,45.9,33.3,1020.8,10.0,4.8,11.1,999.9,61.0,34.0,0.0,999.9,0,376
5,2020,04,03,2020-04-03,54.8,36.5,1018.0,10.0,4.8,12,999.9,70.0,34.0,0.0,999.9,1,509
6,2020,04,04,2020-04-04,47.6,38.2,1017.8,10.0,7.3,11.1,19.0,70.0,37.9,0.06,999.9,1,449
7,2020,04,05,2020-04-05,42.1,29.4,1021.9,10.0,7.3,13,999.9,53.1,35.1,0.0,999.9,0,406
1,2020,04,06,2020-04-06,47.3,33.5,1019.1,9.9,5.6,12,19.0,64.0,35.1,0.0,999.9,1,451
2,2020,04,07,2020-04-07,62.7,51.8,1007.9,9.3,5.8,15.9,24.1,80.1,51.1,0.04,999.9,1,458
3,2020,04,08,2020-04-08,60.7,51.1,1005.5,9.0,7,22,29.9,80.1,51.1,0.01,999.9,1,444
4,2020,04,09,2020-04-09,46.2,29.9,1006.9,10.0,14.7,24.1,36.9,53.1,39.9,0.22,999.9,1,428
5,2020,04,10,2020-04-10,40.1,22.7,1015.0,10.0,10.9,17.1,25.1,50.0,33.1,0.0,999.9,0,427
6,2020,04,11,2020-04-11,50.3,29.0,1012.6,10.0,5.7,14,22.0,63.0,33.1,0.0,999.9,1,449
7,2020,04,12,2020-04-12,55.6,45.4,1004.3,9.6,7.4,15.9,28.0,66.0,42.1,0.17,999.9,1,385
1,2020,04,13,2020-04-13,45.1,34.2,1006.8,9.7,15.6,22,33.0,66.0,36.0,0.15,999.9,1,398
2,2020,04,14,2020-04-14,35.4,17.8,1021.1,10.0,11.3,20,31.1,55.9,30.0,0.02,999.9,1,368
3,2020,04,15,2020-04-15,33.3,19.1,1018.9,8.0,7.1,15,20.0,41.0,27.0,0.08,1.2,1,413
4,2020,04,16,2020-04-16,36.6,14.8,1024.0,10.0,8.4,13,21.0,46.9,27.1,0.02,1.2,0,405
5,2020,04,17,2020-04-17,38.5,26.8,1020.9,6.8,6.2,11.1,15.9,46.9,28.2,0.18,1.2,1,425
6,2020,04,18,2020-04-18,43.5,30.8,1014.6,10.0,11.5,22,35.0,59.0,34.0,0.11,2.0,0,464
7,2020,04,19,2020-04-19,53.0,32.5,1008.0,10.0,13.1,19,28.9,62.1,34.0,0.0,999.9,0,344
1,2020,04,20,2020-04-20,48.3,29.9,1007.3,10.0,7.9,20,33.0,64.0,36.0,0.0,999.9,0,503
2,2020,04,21,2020-04-21,47.3,22.5,1009.1,10.0,14.9,22.9,34.0,64.0,36.0,0.04,999.9,1,419
3,2020,04,22,2020-04-22,45.9,26.9,1013.7,9.8,6.3,12,999.9,63.0,36.0,0.0,999.9,1,432
4,2020,04,23,2020-04-23,49.9,41.8,1007.0,9.9,5.3,14,15.9,63.0,39.9,0.06,999.9,1,441
5,2020,04,24,2020-04-24,44.7,39.3,1010.5,5.7,9.3,13,999.9,57.0,42.1,0.0,999.9,0,440
6,2020,04,25,2020-04-25,44.2,36.6,1014.3,9.8,11,18.1,999.9,50.0,39.9,0.0,999.9,1,400
7,2020,04,26,2020-04-26,49.5,32.8,1017.8,9.9,11,19,22.9,63.0,41.0,0.19,999.9,1,423
1,2020,04,27,2020-04-27,52.9,32.9,1019.0,10.0,7.9,15.9,28.0,68.0,39.9,0.0,999.9,1,399
2,2020,04,28,2020-04-28,61.0,52.8,1010.8,7.7,6.1,15.9,26.0,75.9,39.9,0.16,999.9,1,465
3,2020,04,29,2020-04-29,56.5,53.0,999.7,6.5,7.2,15,24.1,75.9,48.0,0.52,999.9,1,424
4,2020,04,30,2020-04-30,46.7,39.8,1005.9,8.0,13.2,21,32.1,61.0,42.1,1.77,999.9,1,425
5,2020,05,01,2020-05-01,52.0,35.1,1015.3,10.0,4.7,9.9,999.9,68.0,37.9,0.03,999.9,0,579
6,2020,05,02,2020-05-02,65.3,45.6,1011.6,10.0,9.3,15,25.1,77.0,57.0,0.0,999.9,0,493
7,2020,05,03,2020-05-03,66.8,39.6,1012.0,10.0,8.3,12,22.9,77.0,57.0,0.0,999.9,0,490
1,2020,05,04,2020-05-04,47.6,33.0,1018.6,10.0,14.7,26,31.1,73.9,39.9,0.0,999.9,0,438
2,2020,05,05,2020-05-05,44.9,35.6,1016.0,10.0,10,17.1,999.9,48.9,39.9,0.04,999.9,1,441
3,2020,05,06,2020-05-06,49.2,26.1,1018.2,10.0,7.2,11.1,18.1,63.0,39.9,0.05,999.9,0,463
4,2020,05,07,2020-05-07,56.2,34.1,1014.9,10.0,9.3,17.1,33.0,66.0,39.9,0.0,999.9,0,420
5,2020,05,08,2020-05-08,43.7,26.3,1015.4,10.0,13.1,24.1,31.1,66.0,39.0,0.0,999.9,0,445
6,2020,05,09,2020-05-09,42.3,21.2,1021.9,10.0,8.5,15,25.1,59.0,30.9,0.0,999.9,0,463
7,2020,05,10,2020-05-10,49.6,34.2,1015.6,9.5,11.1,20,26.0,59.0,31.1,0.0,999.9,1,473
1,2020,05,11,2020-05-11,43.3,32.3,1021.7,10.0,5.6,9.9,999.9,55.0,37.0,0.2,999.9,1,452
2,2020,05,12,2020-05-12,50.3,29.1,1022.2,10.0,8,15,21.0,63.0,41.0,0.0,999.9,0,455
3,2020,05,13,2020-05-13,53.5,28.9,1022.9,10.0,8.7,15,22.9,69.1,41.0,0.0,999.9,0,522
4,2020,05,14,2020-05-14,60.6,52.0,1014.7,8.2,9.5,13,22.0,73.0,42.1,0.52,999.9,1,468
5,2020,05,15,2020-05-15,68.0,59.5,1010.4,8.4,5.8,15.9,28.9,79.0,54.0,3.74,999.9,1,549
6,2020,05,16,2020-05-16,59.5,49.5,1017.7,10.0,9.2,15.9,20.0,79.0,50.0,0.03,999.9,0,577
7,2020,05,17,2020-05-17,58.7,54.2,1011.6,5.8,9.4,15.9,22.9,68.0,50.0,1.15,999.9,1,440
1,2020,05,18,2020-05-18,61.3,57.6,1006.8,6.0,6.2,13,999.9,68.0,53.1,2.52,999.9,1,501
2,2020,05,19,2020-05-19,54.2,51.9,1011.1,2.2,12.5,15.9,22.0,64.0,52.0,0.14,999.9,1,474
3,2020,05,20,2020-05-20,58.7,50.5,1019.0,9.6,10,15.9,22.0,66.0,52.0,0.11,999.9,1,539
4,2020,05,21,2020-05-21,61.5,49.2,1019.2,10.0,7.6,13,999.9,70.0,53.1,0.0,999.9,0,495
5,2020,05,22,2020-05-22,62.6,53.4,1016.8,7.6,3.3,8,999.9,72.0,57.0,0.0,999.9,1,537
6,2020,05,23,2020-05-23,65.8,56.3,1013.4,9.1,7.2,15.9,17.1,87.1,55.0,0.0,999.9,1,554
7,2020,05,24,2020-05-24,74.2,62.4,1011.6,9.5,5,15.9,22.9,90.0,55.0,0.52,999.9,1,566
1,2020,05,25,2020-05-25,78.0,64.1,1012.9,9.5,7.9,12,15.0,90.0,64.0,0.18,999.9,1,645
2,2020,05,26,2020-05-26,78.8,64.8,1014.2,10.0,7,20,999.9,91.9,68.0,99.99,999.9,1,578
3,2020,05,27,2020-05-27,79.5,64.1,1013.0,10.0,6.4,12,999.9,91.9,68.0,0.07,999.9,0,568
4,2020,05,28,2020-05-28,74.9,64.8,1010.8,9.5,8.9,18.1,999.9,87.1,70.0,0.03,999.9,1,552
5,2020,05,29,2020-05-29,66.8,55.2,1013.1,9.7,9,19,26.0,82.0,59.0,0.21,999.9,1,582
6,2020,05,30,2020-05-30,63.2,47.5,1020.2,10.0,7.9,17.1,999.9,75.9,55.0,0.0,999.9,0,924
7,2020,05,31,2020-05-31,58.7,40.9,1025.9,10.0,7.5,13,999.9,73.0,50.0,0.0,999.9,0,1898
1,2020,06,01,2020-06-01,62.8,42.3,1022.9,10.0,9.1,18.1,25.1,75.9,53.1,0.0,999.9,1,922
2,2020,06,02,2020-06-02,77.4,56.7,1012.4,10.0,14.3,18.1,25.1,93.9,53.1,0.02,999.9,0,678
3,2020,06,03,2020-06-03,79.1,62.0,1009.6,9.8,9.2,19,22.9,91.9,66.2,0.0,999.9,1,623
4,2020,06,04,2020-06-04,78.3,61.2,1007.4,10.0,6.4,12,999.9,88.0,66.0,0.19,999.9,1,529
5,2020,06,05,2020-06-05,78.8,63.7,1009.3,9.9,6.2,13,21.0,89.1,70.0,0.0,999.9,0,542
6,2020,06,06,2020-06-06,73.9,56.9,1015.5,9.7,7.9,12,18.1,89.1,66.0,0.0,999.9,0,529
7,2020,06,07,2020-06-07,66.1,51.4,1018.6,10.0,8.5,13,999.9,79.0,55.9,0.0,999.9,0,555
1,2020,06,08,2020-06-08,74.8,52.8,1014.7,10.0,7,12,14.0,90.0,55.9,0.0,999.9,0,525
2,2020,06,09,2020-06-09,79.3,58.3,1006.0,9.7,10.5,29.9,52.1,91.0,62.1,0.0,999.9,1,496
3,2020,06,10,2020-06-10,76.0,66.9,998.3,9.6,12.5,22.9,38.1,82.9,66.2,0.56,999.9,1,500
4,2020,06,11,2020-06-11,68.2,50.8,1014.4,9.9,11,18.1,32.1,84.0,59.0,0.3,999.9,1,552
5,2020,06,12,2020-06-12,69.7,50.4,1022.9,10.0,6.1,14,20.0,82.0,59.0,0.0,999.9,0,606
6,2020,06,13,2020-06-13,58.2,45.0,1025.3,10.0,13,15.9,22.0,75.0,52.0,0.0,999.9,1,505
7,2020,06,14,2020-06-14,60.5,43.0,1027.0,10.0,9.8,17.1,18.1,68.0,52.0,0.0,999.9,0,538
1,2020,06,15,2020-06-15,62.6,43.0,1027.7,10.0,6.6,9.9,17.1,73.0,52.0,0.0,999.9,0,576
2,2020,06,16,2020-06-16,69.5,48.5,1025.9,10.0,5.5,11.1,999.9,86.0,52.0,0.0,999.9,0,553
3,2020,06,17,2020-06-17,76.0,53.6,1021.6,10.0,5.2,13,999.9,87.1,57.0,0.0,999.9,0,604
4,2020,06,18,2020-06-18,78.3,52.0,1017.3,10.0,4.7,12,999.9,89.1,64.0,0.0,999.9,0,601
5,2020,06,19,2020-06-19,80.6,54.9,1015.1,9.9,4.5,9.9,19.0,93.0,66.0,0.0,999.9,0,603
6,2020,06,20,2020-06-20,82.1,60.5,1013.4,9.8,7.1,15.9,24.1,93.0,69.1,0.0,999.9,1,654
7,2020,06,21,2020-06-21,75.7,63.9,1011.4,9.9,6.4,12,21.0,91.0,69.1,0.19,999.9,1,594
1,2020,06,22,2020-06-22,76.9,64.8,1009.8,9.7,6.5,15.9,25.1,87.1,66.9,0.0,999.9,1,672
2,2020,06,23,2020-06-23,69.7,58.2,1007.0,9.4,9.6,14,22.9,78.1,63.0,1.55,999.9,1,578
3,2020,06,24,2020-06-24,69.8,54.4,1009.9,10.0,6.2,12,19.0,80.1,61.0,0.0,999.9,1,580
4,2020,06,25,2020-06-25,73.5,53.0,1012.7,10.0,5.7,14,15.0,86.0,62.1,0.04,999.9,0,615
5,2020,06,26,2020-06-26,74.8,60.5,1013.1,9.4,5.7,11.1,17.1,86.0,62.1,0.0,999.9,1,558
6,2020,06,27,2020-06-27,78.0,68.3,1008.6,9.8,6.7,20,46.0,88.0,70.0,1.55,999.9,1,579
7,2020,06,28,2020-06-28,78.3,68.1,1008.2,10.0,5.6,14,999.9,88.0,72.0,0.0,999.9,0,625
1,2020,06,29,2020-06-29,81.1,68.5,1011.0,10.0,6.5,22.9,32.1,93.0,72.0,0.0,999.9,1,555
2,2020,06,30,2020-06-30,79.2,70.3,1012.2,9.7,5.4,9.9,999.9,93.0,72.0,0.3,999.9,1,570
3,2020,07,01,2020-07-01,81.4,66.7,1012.1,10.0,7.8,14,17.1,91.0,73.9,0.0,999.9,0,699
4,2020,07,02,2020-07-02,79.8,64.1,1015.7,10.0,6.3,9.9,999.9,91.0,69.1,0.0,999.9,0,639
5,2020,07,03,2020-07-03,80.8,62.2,1016.8,10.0,3.5,8.9,999.9,91.0,69.1,0.0,999.9,0,687
6,2020,07,04,2020-07-04,81.0,67.5,1016.1,10.0,5.6,14,18.1,91.0,69.1,0.0,999.9,0,743
7,2020,07,05,2020-07-05,81.9,66.3,1015.0,9.5,5.1,30.3,999.9,93.9,71.1,0.0,999.9,0,723
1,2020,07,06,2020-07-06,85.5,64.4,1014.6,10.0,3.6,9.9,999.9,95.0,71.1,0.0,999.9,0,634
2,2020,07,07,2020-07-07,86.5,66.6,1013.8,9.9,4.9,35,52.1,96.1,75.0,0.0,999.9,1,558
3,2020,07,08,2020-07-08,81.0,70.1,1013.0,10.0,5.1,21,31.1,96.1,73.0,0.19,999.9,1,555
4,2020,07,09,2020-07-09,84.3,69.4,1010.8,10.0,6.3,15.9,22.0,93.0,73.9,0.0,999.9,1,559
5,2020,07,10,2020-07-10,79.0,68.8,1008.9,9.5,10.6,15.9,28.0,93.0,71.1,0.65,999.9,1,671
6,2020,07,11,2020-07-11,78.0,63.7,1011.6,10.0,7.7,15.9,22.0,86.0,71.1,0.33,999.9,1,627
7,2020,07,12,2020-07-12,76.3,64.2,1010.0,10.0,8.9,18.1,25.1,84.9,71.1,0.0,999.9,0,598
1,2020,07,13,2020-07-13,73.6,60.8,1014.7,10.0,4.5,9.9,999.9,84.0,64.9,0.0,999.9,0,666
2,2020,07,14,2020-07-14,76.2,59.7,1015.7,10.0,6.5,14,21.0,86.0,64.9,0.0,999.9,0,603
3,2020,07,15,2020-07-15,79.5,65.7,1014.7,9.8,7.5,12,18.1,88.0,68.0,0.0,999.9,1,608
4,2020,07,16,2020-07-16,73.4,65.6,1014.6,9.4,8.2,15,999.9,88.0,66.0,0.46,999.9,1,595
5,2020,07,17,2020-07-17,78.1,65.4,1018.8,10.0,5.8,12,18.1,90.0,68.0,0.0,999.9,0,658
6,2020,07,18,2020-07-18,83.1,71.8,1014.5,10.0,9.3,15.9,24.1,91.0,68.0,0.0,999.9,0,649
7,2020,07,19,2020-07-19,81.5,73.2,1009.7,9.3,12.4,20,33.0,91.0,73.0,0.0,999.9,1,627
1,2020,07,20,2020-07-20,77.9,60.5,1014.2,10.0,6.6,11.1,18.1,87.1,68.0,0.18,999.9,0,647
2,2020,07,21,2020-07-21,76.6,63.2,1015.8,10.0,7.1,8.9,999.9,87.1,68.0,0.0,999.9,1,633
3,2020,07,22,2020-07-22,77.9,69.3,1013.1,10.0,6.2,9.9,999.9,88.0,72.0,0.03,999.9,1,611
4,2020,07,23,2020-07-23,74.5,59.6,1017.2,10.0,6.5,12,999.9,88.0,64.9,0.0,999.9,0,565
5,2020,07,24,2020-07-24,75.2,64.5,1020.2,10.0,5.8,11.1,999.9,87.1,64.9,0.0,999.9,0,630
6,2020,07,25,2020-07-25,80.2,65.9,1018.9,9.8,4.9,9.9,15.0,91.9,64.9,0.0,999.9,0,650
7,2020,07,26,2020-07-26,85.6,70.5,1015.7,10.0,9.4,18.1,26.0,96.1,69.1,0.0,999.9,0,659
1,2020,07,27,2020-07-27,80.6,70.8,1012.5,10.0,7.9,26,38.1,96.1,75.9,0.07,999.9,1,620
2,2020,07,28,2020-07-28,78.5,59.9,1013.4,10.0,7.3,12,22.0,90.0,69.1,0.01,999.9,0,625
3,2020,07,29,2020-07-29,81.2,65.3,1012.1,10.0,8.8,12,17.1,91.0,69.1,0.0,999.9,1,620
4,2020,07,30,2020-07-30,76.8,64.9,1012.2,9.7,9.9,19,24.1,91.0,72.0,0.66,999.9,1,606
5,2020,07,31,2020-07-31,73.8,61.2,1013.6,10.0,9.5,19,22.0,82.9,66.0,0.09,999.9,0,631
6,2020,08,01,2020-08-01,73.9,63.0,1012.2,10.0,7.5,13,999.9,82.0,69.1,0.0,999.9,1,696
7,2020,08,02,2020-08-02,74.8,62.6,1009.9,10.0,6.9,18.1,25.1,86.0,68.0,0.0,999.9,1,567
1,2020,08,03,2020-08-03,67.8,61.3,1015.2,10.0,8.3,15,17.1,86.0,63.0,0.05,999.9,0,604
2,2020,08,04,2020-08-04,66.0,49.9,1017.4,10.0,10.4,15.9,21.0,75.9,59.0,0.0,999.9,0,541
3,2020,08,05,2020-08-05,67.4,49.5,1018.9,10.0,5.1,9.9,17.1,78.1,55.9,0.0,999.9,0,574
4,2020,08,06,2020-08-06,73.4,54.5,1019.1,10.0,4.6,8.9,999.9,82.0,55.9,0.0,999.9,0,604
5,2020,08,07,2020-08-07,74.2,56.8,1020.0,10.0,3.9,8.9,999.9,86.0,62.1,0.0,999.9,0,594
6,2020,08,08,2020-08-08,78.2,59.8,1019.3,10.0,7.5,12,19.0,89.1,62.1,0.0,999.9,0,666
7,2020,08,09,2020-08-09,82.2,69.0,1016.8,10.0,8.9,14,20.0,93.0,68.0,0.0,999.9,0,652
1,2020,08,10,2020-08-10,79.2,71.9,1012.7,9.7,7.8,31.1,54.0,93.0,71.1,0.06,999.9,1,950
2,2020,08,11,2020-08-11,74.8,60.3,1013.7,10.0,6.2,11.1,999.9,91.0,66.0,0.41,999.9,0,595
3,2020,08,12,2020-08-12,75.6,54.8,1017.9,10.0,3.9,9.9,18.1,86.0,64.0,0.0,999.9,0,604
4,2020,08,13,2020-08-13,78.2,60.7,1018.3,10.0,4.9,9.9,15.0,87.1,64.0,0.0,999.9,0,648
5,2020,08,14,2020-08-14,78.8,61.7,1016.3,10.0,6.3,11.1,999.9,90.0,68.0,0.0,999.9,0,644
6,2020,08,15,2020-08-15,79.2,64.0,1013.4,9.8,4.4,11.1,999.9,91.0,68.0,0.0,999.9,1,626
7,2020,08,16,2020-08-16,74.7,58.2,1015.1,10.0,7.4,12,21.0,91.0,64.0,0.25,999.9,0,670
1,2020,08,17,2020-08-17,77.3,55.9,1015.2,10.0,5,8.9,999.9,86.0,64.0,0.0,999.9,0,640
2,2020,08,18,2020-08-18,74.9,54.4,1016.1,10.0,7.7,15.9,20.0,86.0,69.1,0.0,999.9,0,620
3,2020,08,19,2020-08-19,71.9,54.0,1018.2,10.0,4.4,11.1,999.9,84.0,62.1,0.0,999.9,0,629
4,2020,08,20,2020-08-20,74.4,52.9,1016.2,10.0,5.5,8.9,999.9,86.0,62.1,0.0,999.9,0,638
5,2020,08,21,2020-08-21,77.1,57.7,1013.6,10.0,4.8,8.9,999.9,88.0,64.0,0.0,999.9,0,656
6,2020,08,22,2020-08-22,78.5,59.3,1012.9,10.0,6.5,12,15.9,89.1,66.9,0.0,999.9,0,643
7,2020,08,23,2020-08-23,79.8,62.5,1013.8,10.0,6.7,13,18.1,91.9,66.9,0.0,999.9,1,625
1,2020,08,24,2020-08-24,82.6,67.9,1014.4,9.9,5.1,11.1,15.0,97.0,70.0,0.0,999.9,1,637
2,2020,08,25,2020-08-25,83.2,66.9,1015.8,10.0,7,21,33.0,97.0,72.0,0.03,999.9,1,640
3,2020,08,26,2020-08-26,83.6,68.7,1014.6,10.0,7.8,14,22.9,93.9,72.0,0.0,999.9,0,652
4,2020,08,27,2020-08-27,85.4,70.4,1010.8,10.0,9.2,12,19.0,95.0,75.9,0.0,999.9,0,590
5,2020,08,28,2020-08-28,85.5,70.6,1008.1,10.0,8.7,15.9,999.9,95.0,77.0,0.0,999.9,0,668
6,2020,08,29,2020-08-29,79.8,58.8,1006.3,10.0,12.6,17.1,22.0,95.0,70.0,0.0,999.9,0,646
7,2020,08,30,2020-08-30,72.0,53.0,1012.0,10.0,6.8,11.1,999.9,82.0,60.1,0.0,999.9,0,662
1,2020,08,31,2020-08-31,74.2,56.9,1009.6,10.0,8,12,18.1,84.9,60.1,0.0,999.9,0,696
2,2020,09,01,2020-09-01,73.3,62.3,1010.8,9.6,7,12,999.9,84.9,66.9,0.0,999.9,1,674
3,2020,09,02,2020-09-02,75.3,62.3,1008.6,9.0,7.8,13,24.1,88.0,69.1,0.24,999.9,1,579
4,2020,09,03,2020-09-03,76.7,54.7,1007.8,10.0,11.3,24.1,33.0,88.0,66.9,0.05,999.9,0,575
5,2020,09,04,2020-09-04,68.9,43.1,1016.8,10.0,8.4,15,25.1,88.0,55.9,0.0,999.9,0,649
6,2020,09,05,2020-09-05,72.9,48.5,1020.9,10.0,9.9,15.9,28.9,82.0,55.9,0.0,999.9,0,672
7,2020,09,06,2020-09-06,69.0,55.9,1017.3,9.2,8.5,20,29.9,82.9,59.0,0.2,999.9,1,646
1,2020,09,07,2020-09-07,75.7,60.2,1009.0,10.0,11,17.1,31.1,82.9,63.0,0.4,999.9,1,605
2,2020,09,08,2020-09-08,63.5,56.6,1015.4,8.6,13.6,22,25.1,80.1,60.1,0.67,999.9,1,545
3,2020,09,09,2020-09-09,61.9,56.8,1022.3,9.1,11.6,17.1,21.0,78.1,60.1,0.76,999.9,1,543
4,2020,09,10,2020-09-10,60.5,53.9,1026.6,9.2,10.4,15,20.0,68.0,55.0,0.56,999.9,1,565
5,2020,09,11,2020-09-11,62.4,57.2,1025.0,9.1,9,13,999.9,68.0,55.0,0.19,999.9,1,660
6,2020,09,12,2020-09-12,67.1,61.6,1016.3,7.5,7.9,11.1,18.1,73.0,61.0,0.05,999.9,1,562
7,2020,09,13,2020-09-13,67.9,58.2,1015.9,9.7,6.3,12,17.1,77.0,61.0,0.27,999.9,1,583
1,2020,09,14,2020-09-14,66.3,56.4,1025.3,10.0,3.3,8,999.9,77.0,57.9,0.02,999.9,0,589
2,2020,09,15,2020-09-15,67.8,56.0,1024.5,9.9,6.7,11.1,17.1,79.0,57.9,0.0,999.9,0,607
3,2020,09,16,2020-09-16,70.7,56.5,1016.9,9.9,7.9,14,21.0,84.0,60.1,0.0,999.9,0,618
4,2020,09,17,2020-09-17,68.2,54.7,1019.2,10.0,11.9,15.9,22.9,84.0,62.1,0.0,999.9,0,535
5,2020,09,18,2020-09-18,59.3,41.9,1025.4,10.0,11.6,17.1,22.9,69.1,55.9,0.0,999.9,0,576
6,2020,09,19,2020-09-19,54.2,38.6,1028.3,10.0,4.3,11.1,999.9,66.9,46.0,0.0,999.9,0,589
7,2020,09,20,2020-09-20,59.5,40.3,1028.5,10.0,4.8,11.1,20.0,73.0,46.0,0.0,999.9,0,604
1,2020,09,21,2020-09-21,63.7,41.2,1027.8,10.0,5.6,8.9,999.9,75.0,48.0,0.0,999.9,0,567
2,2020,09,22,2020-09-22,65.8,49.5,1022.5,10.0,3.9,8.9,15.9,79.0,53.1,0.0,999.9,0,544
3,2020,09,23,2020-09-23,68.9,55.3,1017.4,10.0,5.3,9.9,14.0,79.0,54.0,0.0,999.9,0,638
4,2020,09,24,2020-09-24,68.1,54.8,1013.9,10.0,6,11.1,999.9,79.0,57.9,0.0,999.9,0,573
5,2020,09,25,2020-09-25,70.7,54.1,1013.6,10.0,6.8,13,20.0,80.1,57.9,0.0,999.9,0,680
6,2020,09,26,2020-09-26,69.7,59.6,1009.2,10.0,9.9,14,27.0,80.1,61.0,0.0,999.9,0,630
7,2020,09,27,2020-09-27,71.9,57.5,1005.5,10.0,12.3,18.1,31.1,79.0,64.0,0.0,999.9,0,654
1,2020,09,28,2020-09-28,56.9,50.0,1008.2,9.5,6.7,13,24.1,77.0,53.1,0.4,999.9,1,547
2,2020,09,29,2020-09-29,53.3,44.5,1010.6,10.0,7,12,21.0,63.0,46.0,0.21,999.9,0,518
3,2020,09,30,2020-09-30,57.6,44.6,1004.4,10.0,11.6,21,35.0,66.9,46.9,0.0,999.9,1,582
4,2020,10,01,2020-10-01,52.8,41.4,1013.8,9.6,8.1,15,35.0,66.9,48.0,0.0,999.9,1,641
5,2020,10,02,2020-10-02,48.9,37.0,1021.3,10.0,6.5,11.1,18.1,59.0,42.1,0.21,999.9,1,554
6,2020,10,03,2020-10-03,50.0,36.2,1021.9,10.0,4.5,7,999.9,55.9,43.0,0.0,999.9,1,605
7,2020,10,04,2020-10-04,49.1,39.3,1022.0,10.0,7.6,14,20.0,57.0,41.0,0.11,999.9,1,583
1,2020,10,05,2020-10-05,48.5,32.2,1023.1,10.0,6.7,18.1,27.0,63.0,37.9,0.0,999.9,0,567
2,2020,10,06,2020-10-06,60.3,38.9,1013.1,10.0,10.7,15.9,25.1,75.0,37.9,0.0,999.9,0,595
3,2020,10,07,2020-10-07,67.1,44.5,1010.5,10.0,10.2,15.9,25.1,75.9,52.0,0.0,999.9,0,614
4,2020,10,08,2020-10-08,59.4,43.8,1019.6,10.0,3.6,11.1,999.9,75.9,50.0,0.0,999.9,0,563
5,2020,10,09,2020-10-09,63.0,46.6,1016.1,9.5,8.5,17.1,31.1,82.0,50.0,0.0,999.9,0,656
6,2020,10,10,2020-10-10,69.7,56.9,1010.8,10.0,11.4,15.9,21.0,82.0,52.0,0.0,999.9,0,677
7,2020,10,11,2020-10-11,61.3,51.3,1014.5,10.0,9,15,22.0,77.0,55.9,0.0,999.9,0,653
1,2020,10,12,2020-10-12,62.5,56.3,1009.0,9.2,10,21,35.0,69.1,55.0,0.0,999.9,1,575
2,2020,10,13,2020-10-13,56.8,37.4,1015.3,10.0,9.8,20,36.9,73.0,46.0,0.11,999.9,0,591
3,2020,10,14,2020-10-14,59.9,36.1,1011.6,10.0,9.4,20,42.0,79.0,46.0,0.0,999.9,0,651
4,2020,10,15,2020-10-15,58.3,35.1,1008.3,10.0,12.3,20,31.1,79.0,46.9,0.0,999.9,0,647
5,2020,10,16,2020-10-16,44.9,25.4,1020.6,10.0,8.3,15.9,22.9,64.0,37.0,0.0,999.9,1,570
6,2020,10,17,2020-10-17,49.1,28.1,1019.1,10.0,10.1,21,40.0,64.9,37.0,0.01,999.9,1,619
7,2020,10,18,2020-10-18,53.3,33.5,1016.1,9.8,10.3,17.1,28.9,64.9,42.1,0.0,999.9,1,558
1,2020,10,19,2020-10-19,41.9,35.5,1024.2,9.5,5.7,14,20.0,60.1,37.9,0.18,999.9,1,529
2,2020,10,20,2020-10-20,43.3,36.4,1022.7,9.2,7.8,13,999.9,53.1,37.9,0.05,999.9,1,555
3,2020,10,21,2020-10-21,50.8,42.7,1019.9,7.8,6.2,12,19.0,59.0,37.9,0.12,999.9,1,582
4,2020,10,22,2020-10-22,55.2,49.9,1016.6,5.2,7.5,13,20.0,78.1,46.4,2.03,999.9,1,606
5,2020,10,23,2020-10-23,61.0,54.3,1012.2,8.6,11.3,15,29.9,78.1,44.1,0.02,999.9,1,582
6,2020,10,24,2020-10-24,41.0,30.8,1024.7,10.0,7.9,15.9,22.0,48.0,34.0,0.65,999.9,0,554
7,2020,10,25,2020-10-25,42.0,32.6,1023.0,10.0,9.1,14,999.9,48.9,34.0,0.0,999.9,1,652
1,2020,10,26,2020-10-26,37.9,31.7,1023.9,8.7,10,15,19.0,46.9,34.0,0.01,999.9,1,545
2,2020,10,27,2020-10-27,35.8,27.7,1026.1,9.0,4.2,8,999.9,37.9,33.8,0.05,999.9,1,518
3,2020,10,28,2020-10-28,39.1,26.1,1018.8,10.0,6.7,14,20.0,51.1,30.9,0.03,999.9,0,549
4,2020,10,29,2020-10-29,44.6,33.6,1013.0,10.0,11.9,26,35.9,51.1,31.1,0.0,999.9,0,581
5,2020,10,30,2020-10-30,37.2,23.1,1022.8,10.0,7.3,15,21.0,48.9,30.9,0.0,999.9,0,619
6,2020,10,31,2020-10-31,41.0,28.4,1024.1,10.0,8.1,18.1,28.9,59.0,30.0,0.0,999.9,0,625
7,2020,11,01,2020-11-01,44.9,25.4,1016.4,10.0,16.8,25.1,44.1,59.0,32.0,0.0,999.9,0,689
1,2020,11,02,2020-11-02,36.8,17.2,1026.9,10.0,9.1,17.1,25.1,55.0,28.0,0.0,999.9,0,602
2,2020,11,03,2020-11-03,50.2,29.6,1018.5,10.0,7.7,12,22.0,69.1,29.1,0.0,999.9,0,616
3,2020,11,04,2020-11-04,61.1,40.5,1017.3,10.0,11.3,17.1,27.0,73.9,39.0,0.0,999.9,0,659
4,2020,11,05,2020-11-05,63.2,43.2,1018.9,10.0,10.2,14,22.0,73.9,52.0,0.0,999.9,0,646
5,2020,11,06,2020-11-06,60.8,45.9,1020.7,10.0,7.2,12,22.0,73.9,51.1,0.0,999.9,0,665
6,2020,11,07,2020-11-07,62.7,46.2,1020.4,10.0,9.2,14,21.0,73.9,51.1,0.0,999.9,0,622
7,2020,11,08,2020-11-08,63.0,51.2,1021.3,10.0,7.1,14,20.0,75.9,52.0,0.0,999.9,0,597
1,2020,11,09,2020-11-09,69.4,56.9,1018.5,10.0,9.6,17.1,29.9,75.9,52.0,0.0,999.9,0,623
2,2020,11,10,2020-11-10,70.5,59.8,1009.0,10.0,13.9,26,55.9,73.9,60.8,0.0,999.9,1,598
3,2020,11,11,2020-11-11,43.4,33.9,1013.7,9.8,12.2,21,35.9,62.1,35.1,0.32,999.9,1,487
4,2020,11,12,2020-11-12,42.7,31.5,1020.1,10.0,4.9,11.1,15.9,54.0,35.1,0.0,999.9,0,521
5,2020,11,13,2020-11-13,40.8,29.1,1019.4,10.0,7.4,17.1,26.0,54.0,33.1,0.02,999.9,1,533
6,2020,11,14,2020-11-14,35.1,25.7,1018.8,10.0,7.6,15,26.0,46.4,28.9,0.0,999.9,0,473
7,2020,11,15,2020-11-15,46.3,39.7,1000.7,9.0,17.2,28,42.9,55.0,29.1,0.28,999.9,1,521
1,2020,11,16,2020-11-16,37.6,24.6,1016.8,10.0,11.1,18.1,33.0,55.0,32.0,0.05,999.9,0,518
2,2020,11,17,2020-11-17,37.5,21.6,1026.9,10.0,10.7,15.9,28.0,46.9,28.9,0.0,999.9,0,502
3,2020,11,18,2020-11-18,41.3,22.2,1031.0,10.0,9.2,22,33.0,51.1,30.2,0.0,999.9,0,505
4,2020,11,19,2020-11-19,53.5,28.1,1016.4,10.0,17.1,24.1,35.9,66.0,35.1,0.0,999.9,0,520
5,2020,11,20,2020-11-20,57.4,37.0,1019.8,10.0,12,19,33.0,66.0,46.9,0.0,999.9,0,645
6,2020,11,21,2020-11-21,43.1,30.7,1032.4,10.0,5.7,9.9,999.9,61.0,36.0,0.0,999.9,0,537
7,2020,11,22,2020-11-22,43.1,33.8,1025.8,9.9,5.5,8.9,999.9,48.0,37.0,0.0,999.9,0,511
1,2020,11,23,2020-11-23,40.6,29.6,1024.3,10.0,6,9.9,17.1,46.9,33.1,0.0,999.9,0,539
2,2020,11,24,2020-11-24,37.4,31.0,1023.6,6.5,7.1,13,999.9,46.0,33.1,0.07,999.9,1,509
3,2020,11,25,2020-11-25,45.0,41.7,1010.0,4.3,6.9,12,999.9,46.9,34.0,0.51,999.9,1,485
4,2020,11,26,2020-11-26,44.0,39.2,1013.4,7.7,8.9,12,999.9,46.9,42.1,0.47,999.9,1,392
5,2020,11,27,2020-11-27,41.8,36.1,1018.4,8.8,6.7,9.9,999.9,46.0,39.0,0.0,999.9,0,579
6,2020,11,28,2020-11-28,37.4,26.7,1020.7,10.0,7.6,13,19.0,50.0,28.9,0.0,999.9,0,492
7,2020,11,29,2020-11-29,42.8,32.5,1015.4,10.0,9.6,15,25.1,50.0,29.1,0.0,999.9,0,532
1,2020,11,30,2020-11-30,34.5,21.5,1015.3,10.0,15.8,20,28.9,48.9,30.0,0.0,999.9,1,491
2,2020,12,01,2020-12-01,29.2,17.3,1017.7,10.0,9.8,15.9,22.9,37.0,25.0,0.0,999.9,0,600
3,2020,12,02,2020-12-02,33.3,17.1,1024.9,10.0,4.8,7,999.9,48.0,25.0,0.0,999.9,0,507
4,2020,12,03,2020-12-03,36.4,21.8,1021.9,10.0,9,15.9,25.1,48.0,26.2,0.0,999.9,0,475
5,2020,12,04,2020-12-04,37.6,26.4,1014.1,10.0,9.9,14,24.1,46.0,31.1,0.0,999.9,0,579
6,2020,12,05,2020-12-05,34.2,26.2,1019.8,10.0,5.3,8,999.9,46.0,28.9,0.0,999.9,0,567
7,2020,12,06,2020-12-06,35.4,28.3,1019.2,9.7,4.3,8,999.9,41.0,29.1,0.0,999.9,1,566
1,2020,12,07,2020-12-07,35.6,28.2,1017.1,9.9,3.3,8,999.9,37.9,33.1,0.0,999.9,0,552
2,2020,12,08,2020-12-08,35.0,26.5,1018.4,9.7,6.3,13,22.0,37.9,33.1,0.0,999.9,0,548
3,2020,12,09,2020-12-09,39.3,30.7,1011.6,7.4,7.1,14,20.0,53.1,32.0,0.0,999.9,0,527
4,2020,12,10,2020-12-10,42.0,31.4,1015.2,9.5,3.5,9.9,999.9,57.0,30.9,0.0,999.9,0,579
5,2020,12,11,2020-12-11,43.2,36.2,1012.8,8.8,9.6,24.1,28.9,57.0,31.1,0.0,999.9,1,498
6,2020,12,12,2020-12-12,40.0,36.6,1008.4,5.2,14.7,19,28.0,44.1,35.1,1.18,999.9,1,502
7,2020,12,13,2020-12-13,31.3,25.0,1019.5,9.8,5.8,11.1,999.9,42.1,27.0,0.49,999.9,1,549
1,2020,12,14,2020-12-14,29.8,19.0,1021.8,10.0,9.4,15,25.1,36.0,27.0,0.0,999.9,0,551
2,2020,12,15,2020-12-15,24.9,13.1,1028.5,10.0,6.3,12,999.9,34.0,18.0,0.0,999.9,0,575
3,2020,12,16,2020-12-16,31.2,21.9,1019.0,9.5,9.4,12,17.1,34.0,19.0,0.0,999.9,1,526
4,2020,12,17,2020-12-17,33.1,22.8,1019.1,9.9,6,8.9,999.9,35.1,29.1,0.0,999.9,1,518
5,2020,12,18,2020-12-18,30.1,22.3,1025.2,9.3,5.5,13,21.0,37.0,24.1,0.0,999.9,0,563
6,2020,12,19,2020-12-19,38.3,31.0,1017.0,9.9,10.2,17.1,26.0,43.0,25.2,0.0,999.9,0,531
7,2020,12,20,2020-12-20,36.4,28.2,1013.0,8.7,8.4,13,22.9,43.0,32.0,0.0,999.9,0,553
1,2020,12,21,2020-12-21,37.4,29.1,1005.8,9.1,8.7,18.1,28.0,46.0,33.1,0.0,999.9,1,614
2,2020,12,22,2020-12-22,37.3,27.3,1017.6,10.0,10,19,29.9,46.0,32.0,0.0,999.9,1,579
3,2020,12,23,2020-12-23,46.7,32.7,1007.1,9.7,16.3,26,35.9,57.9,32.0,0.0,999.9,1,585
4,2020,12,24,2020-12-24,21.9,11.6,1005.3,9.0,14.3,21,38.1,50.0,12.2,0.17,999.9,1,499
5,2020,12,25,2020-12-25,13.4,2.7,1014.3,9.7,10.5,15,21.0,26.1,8.1,0.0,999.9,1,400
6,2020,12,26,2020-12-26,23.1,10.4,1013.9,10.0,7.3,14,28.0,33.1,8.1,0.0,999.9,0,441
7,2020,12,27,2020-12-27,31.8,23.6,1010.5,10.0,5.6,11.1,999.9,46.9,19.0,0.0,999.9,0,495
1,2020,12,28,2020-12-28,33.0,23.3,1018.2,10.0,10.3,14,24.1,46.9,25.2,0.0,999.9,1,528
2,2020,12,29,2020-12-29,24.2,15.7,1032.4,9.6,5.1,15.9,22.9,34.0,18.0,0.0,1.2,1,429
3,2020,12,30,2020-12-30,31.8,26.6,1013.7,6.6,13.2,18.1,28.9,35.1,18.0,0.7,1.2,1,474
4,2020,12,31,2020-12-31,25.6,17.2,1023.1,9.9,5.1,12,22.0,35.1,23.0,0.01,1.2,0,552
5,2021,01,01,2021-01-01,26.7,22.3,1022.0,5.6,7.6,18.1,25.1,35.1,18.0,0.0,1.2,1,721
6,2021,01,02,2021-01-02,32.0,28.5,1016.2,3.8,7.5,15,999.9,35.1,19.2,0.38,2.0,1,449
7,2021,01,03,2021-01-03,31.9,28.4,1015.4,5.1,5.5,8,999.9,35.1,29.1,0.02,2.0,1,515
1,2021,01,04,2021-01-04,26.9,23.3,1016.2,5.8,6.7,9.9,999.9,33.1,24.1,0.01,2.0,1,531
2,2021,01,05,2021-01-05,30.9,27.2,1018.3,6.2,6.3,11.1,999.9,37.0,24.1,0.0,2.0,1,540
3,2021,01,06,2021-01-06,33.0,27.5,1026.4,5.4,2.7,8,999.9,39.0,28.9,0.0,2.0,0,482
4,2021,01,07,2021-01-07,35.3,28.3,1028.3,8.5,7.1,12,999.9,39.0,31.1,0.0,1.2,0,577
5,2021,01,08,2021-01-08,33.8,26.7,1025.6,9.2,9.6,15,999.9,37.9,30.9,0.0,1.2,1,588
6,2021,01,09,2021-01-09,31.4,22.9,1025.5,10.0,8.2,13,19.0,37.0,28.9,0.02,1.2,0,493
7,2021,01,10,2021-01-10,28.9,21.7,1027.1,10.0,4.2,7,999.9,37.0,28.0,0.0,1.2,0,558
1,2021,01,11,2021-01-11,25.2,19.8,1025.5,8.7,9.9,15.9,25.1,28.9,21.9,0.0,1.2,0,489
2,2021,01,12,2021-01-12,30.7,24.8,1019.0,9.7,11.2,15,22.9,37.0,21.9,0.0,1.2,0,566
3,2021,01,13,2021-01-13,34.5,28.2,1012.2,9.5,7.9,12,17.1,41.0,27.0,0.0,1.2,0,515
4,2021,01,14,2021-01-14,36.3,30.5,1002.8,9.6,6.4,12,20.0,41.0,31.1,0.0,1.2,1,534
5,2021,01,15,2021-01-15,35.4,30.7,997.8,9.4,7.5,13,22.0,39.9,32.0,0.14,999.9,1,582
6,2021,01,16,2021-01-16,33.0,28.9,1002.6,7.3,6.2,11.1,999.9,39.0,30.0,0.06,1.2,1,485
7,2021,01,17,2021-01-17,31.9,28.0,1006.0,6.0,5.9,8.9,999.9,36.0,28.4,0.03,1.2,1,538
1,2021,01,18,2021-01-18,28.4,22.9,1010.8,9.1,7.7,13,19.0,32.0,26.6,0.04,1.2,1,473
2,2021,01,19,2021-01-19,24.3,16.9,1019.9,9.3,7.7,12,21.0,30.0,19.9,0.0,1.2,1,522
3,2021,01,20,2021-01-20,22.7,14.7,1020.7,8.3,10.2,19,28.9,32.0,12.9,0.05,1.2,1,536
4,2021,01,21,2021-01-21,34.0,23.4,1007.2,10.0,13.8,22.9,32.1,39.0,30.0,0.0,1.2,0,590
5,2021,01,22,2021-01-22,22.8,9.7,1016.2,10.0,10.8,17.1,22.9,39.0,14.0,0.0,1.2,0,519
6,2021,01,23,2021-01-23,17.1,3.3,1027.9,10.0,4.3,8.9,999.9,30.0,10.0,0.0,999.9,0,525
7,2021,01,24,2021-01-24,29.7,19.8,1021.1,8.6,6.2,11.1,999.9,34.0,27.0,0.01,999.9,1,508
1,2021,01,25,2021-01-25,30.9,23.3,1017.9,9.8,9.4,18.1,26.0,34.0,28.0,0.01,999.9,1,539
2,2021,01,26,2021-01-26,31.0,26.9,1010.4,2.5,15.7,21,31.1,34.0,28.0,0.11,5.9,1,438
3,2021,01,27,2021-01-27,24.3,16.7,1025.6,10.0,11.1,19,21.0,32.0,19.9,0.07,5.1,0,516
4,2021,01,28,2021-01-28,16.8,4.8,1036.1,10.0,6.6,11.1,999.9,27.0,8.1,0.0,5.1,0,479
5,2021,01,29,2021-01-29,22.0,9.1,1032.0,10.0,3.8,9.9,999.9,32.0,8.1,0.0,5.1,0,491
6,2021,01,30,2021-01-30,30.5,19.8,1021.7,9.2,11.1,21,32.1,34.0,17.1,0.0,5.1,1,460
7,2021,01,31,2021-01-31,30.7,27.6,1012.4,1.0,15.3,21,29.9,34.0,28.9,0.32,15.0,1,340
1,2021,02,01,2021-02-01,29.5,23.4,1021.2,9.2,11.5,17.1,28.9,33.1,25.0,0.04,13.0,1,538
2,2021,02,02,2021-02-02,26.0,17.6,1024.4,10.0,8.6,12,999.9,33.1,21.0,0.0,11.8,0,503
3,2021,02,03,2021-02-03,25.5,16.8,1021.2,10.0,3.9,9.9,999.9,36.0,17.1,0.0,11.0,0,499
4,2021,02,04,2021-02-04,32.2,24.1,1008.5,8.0,10.2,21,28.9,39.0,17.1,0.0,11.0,1,434
5,2021,02,05,2021-02-05,17.1,9.6,1003.9,7.5,16.9,26,42.9,39.0,10.0,0.17,11.0,1,481
6,2021,02,06,2021-02-06,8.7,0.0,1015.6,8.9,9.5,17.1,28.9,19.0,3.0,0.0,11.0,1,401
7,2021,02,07,2021-02-07,1.3,-9.1,1023.9,8.8,8.6,11.1,18.1,12.0,-7.1,0.07,11.0,1,382
1,2021,02,08,2021-02-08,5.4,-4.7,1027.5,7.8,2.5,8.9,999.9,15.1,-6.0,0.0,14.2,1,413
2,2021,02,09,2021-02-09,8.2,-3.5,1028.6,8.3,7.7,14,999.9,18.0,0.0,0.08,13.0,1,438
3,2021,02,10,2021-02-10,9.7,-1.8,1030.2,8.7,5.9,11.1,999.9,18.0,0.0,0.0,13.0,1,423
4,2021,02,11,2021-02-11,11.7,0.9,1031.0,8.5,10.6,15.9,999.9,21.2,1.9,0.03,13.0,1,436
5,2021,02,12,2021-02-12,13.8,6.2,1029.4,8.7,8.3,14,999.9,17.6,10.0,0.01,11.8,1,485
6,2021,02,13,2021-02-13,7.8,0.3,1028.7,3.9,8.2,13,999.9,17.1,5.0,0.03,15.0,1,419
7,2021,02,14,2021-02-14,0.1,-12.2,1031.8,9.8,9.4,13,999.9,12.0,-5.1,0.06,15.0,1,403
1,2021,02,15,2021-02-15,3.5,-4.1,1029.7,2.8,13.3,20,28.9,12.0,-5.1,0.03,16.9,1,335
2,2021,02,16,2021-02-16,11.6,4.5,1019.3,5.1,11.3,18.1,27.0,19.9,0.0,0.19,20.1,1,365
3,2021,02,17,2021-02-17,15.5,4.9,1027.5,10.0,3.9,8,999.9,27.0,6.1,0.01,18.1,0,434
4,2021,02,18,2021-02-18,20.6,12.3,1028.4,6.0,5.1,8,999.9,27.0,8.1,0.01,18.1,1,445
5,2021,02,19,2021-02-19,16.2,7.9,1026.6,9.5,7,12,18.1,21.0,8.1,0.03,16.9,1,491
6,2021,02,20,2021-02-20,16.8,8.0,1027.9,7.8,4.7,8,999.9,28.9,6.1,0.0,16.1,1,471
7,2021,02,21,2021-02-21,25.6,16.1,1024.3,9.1,8,14,24.1,37.0,17.1,0.0,16.1,1,462
1,2021,02,22,2021-02-22,32.7,27.6,1008.0,6.0,13.1,17.1,27.0,37.9,17.2,0.26,14.2,1,493
2,2021,02,23,2021-02-23,40.4,30.3,1006.6,9.9,10.5,15.9,25.1,46.9,28.9,0.0,11.0,0,545
3,2021,02,24,2021-02-24,42.0,32.1,1009.1,10.0,10.3,15.9,22.9,46.9,37.9,0.0,7.1,0,519
4,2021,02,25,2021-02-25,33.9,23.9,1025.6,10.0,6.4,14,21.0,45.0,27.0,0.0,5.9,0,532
5,2021,02,26,2021-02-26,33.6,21.3,1023.7,10.0,6.4,12,999.9,43.0,24.1,0.0,5.1,0,570
6,2021,02,27,2021-02-27,40.3,31.2,1014.2,7.9,6.5,9.9,999.9,52.0,24.3,0.02,3.9,1,566
7,2021,02,28,2021-02-28,42.8,38.2,1011.9,6.2,8.1,19,31.1,52.0,33.1,0.0,1.2,1,562
1,2021,03,01,2021-03-01,32.5,21.7,1020.0,10.0,9.8,15.9,24.1,48.9,26.1,0.01,3.1,0,613
2,2021,03,02,2021-03-02,29.6,14.5,1026.2,10.0,6.9,18.1,28.0,43.0,21.9,0.0,999.9,0,506
3,2021,03,03,2021-03-03,44.3,30.1,1014.6,10.0,8.6,14,22.0,59.0,22.1,0.0,999.9,0,565
4,2021,03,04,2021-03-04,35.7,27.0,1024.9,9.8,11,17.1,24.1,59.0,30.9,0.0,999.9,0,532
5,2021,03,05,2021-03-05,34.1,20.2,1028.3,10.0,6.3,12,20.0,48.9,24.1,0.0,999.9,0,530
6,2021,03,06,2021-03-06,36.5,22.9,1027.5,10.0,3,11.1,999.9,48.9,25.2,0.0,999.9,0,526
7,2021,03,07,2021-03-07,36.5,22.2,1028.6,10.0,4.5,12,15.0,52.0,26.1,0.0,999.9,0,489
1,2021,03,08,2021-03-08,50.8,32.3,1025.3,10.0,10.9,18.1,27.0,62.1,44.1,0.0,999.9,0,537
2,2021,03,09,2021-03-09,52.6,36.1,1024.0,10.0,5.9,18.1,31.1,69.1,39.9,0.0,999.9,0,586
3,2021,03,10,2021-03-10,61.0,42.5,1014.7,10.0,14.7,20,35.0,69.1,57.0,0.0,999.9,1,552
4,2021,03,11,2021-03-11,55.3,43.5,1013.6,10.0,16.1,26,47.0,69.1,45.0,0.16,999.9,1,494
5,2021,03,12,2021-03-12,45.2,29.1,1027.4,10.0,7.4,11.1,999.9,64.0,37.0,0.0,999.9,0,533
6,2021,03,13,2021-03-13,43.2,24.7,1031.0,10.0,4.8,8.9,999.9,59.0,30.9,0.0,999.9,0,505
7,2021,03,14,2021-03-14,45.4,26.4,1027.5,10.0,11.8,22.9,31.1,59.0,31.1,0.0,999.9,0,456
1,2021,03,15,2021-03-15,35.0,22.6,1025.9,7.9,16,22.9,31.1,48.0,28.9,0.0,2.0,1,492
2,2021,03,16,2021-03-16,34.8,30.1,1016.3,5.5,6.4,17.1,26.0,39.9,28.9,0.23,1.2,1,480
3,2021,03,17,2021-03-17,35.7,30.3,1016.8,7.5,8,20,25.1,39.0,33.1,0.0,1.2,1,510
4,2021,03,18,2021-03-18,38.6,33.2,1014.5,7.9,23.8,31.1,42.9,43.0,34.0,0.4,999.9,1,446
5,2021,03,19,2021-03-19,39.0,21.4,1030.6,10.0,14,22.9,31.1,45.0,35.1,0.03,999.9,0,502
6,2021,03,20,2021-03-20,40.9,23.1,1033.3,10.0,4.5,11.1,999.9,57.9,28.0,0.0,999.9,0,489
7,2021,03,21,2021-03-21,49.8,26.8,1026.8,10.0,7.8,15,22.9,64.9,28.2,0.0,999.9,0,548
1,2021,03,22,2021-03-22,56.5,29.0,1018.8,10.0,9.5,14,26.0,68.0,37.0,0.0,999.9,0,605
2,2021,03,23,2021-03-23,56.8,41.0,1013.0,9.6,7,15,22.9,68.0,46.0,0.0,999.9,1,493
3,2021,03,24,2021-03-24,55.2,48.5,1004.2,9.5,13.4,21,35.9,64.0,50.0,0.24,999.9,1,503
4,2021,03,25,2021-03-25,47.0,40.0,1011.3,9.8,8.4,15.9,27.0,57.9,42.1,0.01,999.9,1,468
5,2021,03,26,2021-03-26,39.3,33.9,1012.8,9.6,9.6,22,28.0,50.0,35.1,0.18,999.9,1,509
6,2021,03,27,2021-03-27,47.2,39.6,1015.2,8.8,6.5,15.9,24.1,66.0,35.1,0.0,999.9,0,477
7,2021,03,28,2021-03-28,47.6,34.0,1011.2,9.9,15,24.1,34.0,66.0,36.0,0.0,999.9,1,540
1,2021,03,29,2021-03-29,43.6,25.7,1019.1,10.0,9.7,20,36.9,62.1,30.9,0.0,999.9,0,497
2,2021,03,30,2021-03-30,56.8,35.1,1008.6,10.0,17.5,22.9,38.1,66.9,48.9,0.0,999.9,0,529
3,2021,03,31,2021-03-31,42.1,18.8,1018.3,10.0,11.7,15.9,25.1,68.0,34.0,0.0,999.9,1,489
4,2021,04,01,2021-04-01,33.4,12.4,1030.4,10.0,12.3,15.9,22.9,44.1,24.1,0.0,999.9,0,615
5,2021,04,02,2021-04-02,36.0,16.1,1033.2,10.0,5.9,14,19.0,51.1,24.1,0.0,999.9,0,506
6,2021,04,03,2021-04-03,51.3,23.0,1022.1,10.0,12.9,18.1,28.0,71.1,26.2,0.0,999.9,0,537
7,2021,04,04,2021-04-04,59.8,37.1,1019.8,10.0,4.4,13,21.0,75.9,39.9,0.0,999.9,0,542
1,2021,04,05,2021-04-05,67.0,46.7,1013.5,10.0,9.9,17.1,24.1,75.9,60.1,0.0,999.9,1,529
2,2021,04,06,2021-04-06,69.7,48.4,1010.6,10.0,9.5,14,24.1,81.0,59.0,0.0,999.9,0,547
3,2021,04,07,2021-04-07,70.2,51.6,1008.9,10.0,8.7,15.9,32.1,82.0,59.0,0.0,999.9,1,583
4,2021,04,08,2021-04-08,63.5,54.9,1002.4,9.2,7.6,15,24.1,82.0,55.0,0.03,999.9,1,484
5,2021,04,09,2021-04-09,54.1,46.9,1002.6,9.4,10.8,19,31.1,69.1,51.1,0.33,999.9,1,529
6,2021,04,10,2021-04-10,52.8,47.3,1004.1,8.6,7.4,15,22.0,62.1,46.9,0.0,999.9,1,513
7,2021,04,11,2021-04-11,50.1,44.3,994.1,9.3,4.7,9.9,999.9,55.9,45.0,0.26,999.9,1,479
1,2021,04,12,2021-04-12,54.5,43.8,1004.9,9.8,8.9,19,29.9,62.1,45.0,0.01,999.9,1,527
2,2021,04,13,2021-04-13,49.4,32.8,1016.7,10.0,10.1,17.1,28.0,62.1,42.1,0.0,999.9,0,517
3,2021,04,14,2021-04-14,44.3,26.4,1019.4,10.0,8.2,15.9,22.0,54.0,36.0,0.0,999.9,0,466
4,2021,04,15,2021-04-15,44.7,30.6,1017.0,10.0,9.4,14,21.0,55.9,36.0,0.0,999.9,0,515
5,2021,04,16,2021-04-16,46.9,35.3,1015.9,10.0,5.4,9.9,999.9,57.0,39.0,0.0,999.9,0,524
6,2021,04,17,2021-04-17,44.1,33.3,1014.5,10.0,6.4,11.1,999.9,57.0,35.1,0.0,999.9,0,515
7,2021,04,18,2021-04-18,49.2,27.3,1013.4,10.0,4.5,11.1,15.9,62.1,35.1,0.0,999.9,0,453
1,2021,04,19,2021-04-19,50.9,31.9,1010.1,10.0,9.4,14,21.0,62.1,39.0,0.0,999.9,1,444
2,2021,04,20,2021-04-20,40.2,24.0,1016.7,9.1,6.9,12,999.9,52.0,34.0,0.0,999.9,1,439
3,2021,04,21,2021-04-21,39.1,23.9,1018.9,9.7,7.8,22,33.0,50.0,34.0,0.0,999.9,0,456
4,2021,04,22,2021-04-22,41.7,25.5,1018.9,9.8,6.3,15,22.9,60.1,32.0,0.0,999.9,0,491
5,2021,04,23,2021-04-23,52.8,27.1,1016.7,10.0,9.9,15,22.9,62.1,32.0,0.0,999.9,0,512
6,2021,04,24,2021-04-24,55.4,40.9,1012.1,10.0,3.3,14,999.9,64.0,43.0,0.0,999.9,1,535
7,2021,04,25,2021-04-25,46.2,33.6,1016.3,9.9,10.4,18.1,20.0,64.0,39.9,0.0,999.9,1,501
1,2021,04,26,2021-04-26,52.8,31.7,1015.2,10.0,12.2,24.1,41.0,79.0,39.0,0.0,999.9,0,530
2,2021,04,27,2021-04-27,73.3,50.3,1005.9,10.0,13.2,17.1,27.0,86.0,64.9,0.0,999.9,0,608
3,2021,04,28,2021-04-28,52.3,43.7,1009.7,9.5,8.8,17.1,999.9,9999.9,46.4,0.0,999.9,1,528
4,2021,04,29,2021-04-29,53.5,45.2,1010.4,9.2,8.3,12,15.9,71.1,46.9,0.04,999.9,1,451
5,2021,04,30,2021-04-30,53.1,37.4,1017.5,10.0,10.4,22.9,27.0,71.1,46.9,0.04,999.9,0,599
6,2021,05,01,2021-05-01,55.9,34.3,1015.4,10.0,12.8,27,41.0,84.9,42.1,0.0,999.9,0,691
7,2021,05,02,2021-05-02,74.4,50.4,1003.5,10.0,13.6,22,29.9,84.0,63.0,0.0,999.9,0,620
1,2021,05,03,2021-05-03,65.4,57.0,1001.5,9.5,9.7,19,28.9,84.9,59.0,0.01,999.9,1,553
2,2021,05,04,2021-05-04,56.9,51.0,1007.8,9.9,8,11.1,15.0,73.0,52.0,0.06,999.9,1,477
3,2021,05,05,2021-05-05,51.2,37.1,1017.1,10.0,7.9,15,22.0,61.0,41.0,0.0,999.9,0,576
4,2021,05,06,2021-05-06,49.2,35.2,1019.5,10.0,7.2,13,999.9,61.0,41.0,0.05,999.9,1,500
5,2021,05,07,2021-05-07,50.2,32.4,1016.3,10.0,8,17.1,24.1,60.1,44.1,0.01,999.9,0,515
6,2021,05,08,2021-05-08,45.0,32.5,1019.7,9.6,6,15,999.9,60.1,37.0,0.0,999.9,0,543
7,2021,05,09,2021-05-09,46.1,34.8,1014.7,9.4,10.7,17.1,24.1,57.0,37.0,0.12,999.9,1,526
1,2021,05,10,2021-05-10,46.2,33.4,1019.6,10.0,7.8,15,15.9,57.0,39.0,0.1,999.9,0,527
2,2021,05,11,2021-05-11,46.3,30.2,1025.9,10.0,7.4,15.9,22.0,55.9,36.0,0.0,999.9,0,533
3,2021,05,12,2021-05-12,49.8,27.0,1030.7,10.0,4.8,12,17.1,62.1,36.0,0.0,999.9,0,489
4,2021,05,13,2021-05-13,55.4,24.1,1029.1,10.0,4,8.9,999.9,70.0,37.0,0.0,999.9,0,541
5,2021,05,14,2021-05-14,60.3,27.5,1025.7,10.0,5.5,11.1,999.9,71.1,41.0,0.0,999.9,0,616
6,2021,05,15,2021-05-15,58.6,37.9,1022.8,10.0,6.9,12,24.1,71.1,48.0,0.0,999.9,1,605
7,2021,05,16,2021-05-16,61.7,47.0,1021.1,10.0,3.5,8,999.9,72.0,55.0,0.01,999.9,0,562
1,2021,05,17,2021-05-17,63.5,48.7,1021.0,10.0,5.9,11.1,999.9,72.0,55.0,0.0,999.9,0,596
2,2021,05,18,2021-05-18,65.2,54.6,1022.1,10.0,8.8,18.1,24.1,75.9,55.9,0.0,999.9,1,553
3,2021,05,19,2021-05-19,68.7,61.2,1021.1,9.6,9.5,15.9,26.0,75.9,57.9,0.07,999.9,1,584
4,2021,05,20,2021-05-20,74.1,60.4,1022.6,10.0,9.2,17.1,25.1,86.0,66.0,0.04,999.9,1,572
5,2021,05,21,2021-05-21,77.3,58.3,1024.7,10.0,8.9,15,25.1,86.0,66.0,0.0,999.9,0,622
6,2021,05,22,2021-05-22,77.6,61.0,1026.1,10.0,5.1,11.1,19.0,88.0,69.1,0.0,999.9,0,667
7,2021,05,23,2021-05-23,75.3,63.6,1022.0,9.9,6.9,11.1,14.0,84.9,60.1,0.0,999.9,1,648
1,2021,05,24,2021-05-24,68.5,56.5,1019.4,7.3,6.1,12,20.0,89.1,55.4,0.02,999.9,1,659
2,2021,05,25,2021-05-25,79.0,58.1,1015.1,10.0,10.4,21,32.1,86.0,73.0,0.0,999.9,1,636
3,2021,05,26,2021-05-26,72.8,58.8,1014.2,9.0,10.7,21,26.0,84.9,64.9,0.77,999.9,1,568
4,2021,05,27,2021-05-27,57.3,45.3,1019.3,9.9,13.3,20,28.9,82.0,50.0,0.74,999.9,1,505
5,2021,05,28,2021-05-28,48.2,42.8,1014.7,8.4,18.4,27,35.0,59.0,44.1,0.24,999.9,1,503
6,2021,05,29,2021-05-29,51.4,31.4,1021.9,9.8,13.1,18.1,28.9,60.1,44.1,0.29,999.9,1,566
7,2021,05,30,2021-05-30,55.7,32.7,1024.8,10.0,4.8,11.1,999.9,69.1,42.1,0.0,999.9,0,587
1,2021,05,31,2021-05-31,62.7,40.5,1023.9,10.0,6,13,17.1,70.0,42.1,0.0,999.9,0,545
2,2021,06,01,2021-06-01,63.2,46.1,1022.6,9.7,3.9,11.1,999.9,77.0,50.0,0.0,999.9,0,670
3,2021,06,02,2021-06-02,67.3,47.5,1017.0,10.0,5.2,9.9,14.0,78.1,50.0,0.0,999.9,0,593
4,2021,06,03,2021-06-03,70.7,48.9,1011.9,9.9,4.4,8.9,999.9,87.1,55.9,0.0,999.9,0,623
5,2021,06,04,2021-06-04,79.8,50.4,1011.8,10.0,8.6,15.9,25.1,90.0,71.1,0.0,999.9,1,600
6,2021,06,05,2021-06-05,80.6,54.8,1011.8,10.0,10.7,17.1,22.9,91.9,69.1,0.0,999.9,0,610
7,2021,06,06,2021-06-06,81.5,59.2,1012.0,10.0,10.2,15.9,28.9,91.9,69.1,0.0,999.9,0,715
1,2021,06,07,2021-06-07,77.5,67.5,1012.4,9.9,7.3,9.9,15.9,89.1,72.0,0.0,999.9,1,649
2,2021,06,08,2021-06-08,77.5,67.8,1014.7,9.8,3.5,8,999.9,91.0,71.1,0.0,999.9,1,676
3,2021,06,09,2021-06-09,79.9,66.7,1015.7,10.0,4.4,9.9,17.1,91.0,71.1,0.01,999.9,0,607
4,2021,06,10,2021-06-10,77.3,65.0,1014.0,10.0,5.1,9.9,999.9,90.0,66.0,0.0,999.9,0,623
5,2021,06,11,2021-06-11,81.2,66.3,1010.0,10.0,4,8.9,999.9,91.9,66.0,0.0,999.9,0,662
6,2021,06,12,2021-06-12,79.9,67.8,1009.7,9.3,4.8,20,35.0,93.0,68.0,0.0,999.9,1,601
7,2021,06,13,2021-06-13,77.9,58.8,1013.3,10.0,6.1,8.9,14.0,93.0,66.0,1.5,999.9,0,669
1,2021,06,14,2021-06-14,75.3,52.8,1012.8,10.0,10.4,19,24.1,87.1,64.9,0.0,999.9,0,647
2,2021,06,15,2021-06-15,70.5,52.7,1017.7,10.0,7.1,14,20.0,82.9,62.1,0.0,999.9,0,606
3,2021,06,16,2021-06-16,67.1,44.9,1019.3,10.0,7.5,15,15.9,77.0,55.9,0.0,999.9,0,589
4,2021,06,17,2021-06-17,71.5,46.0,1015.3,10.0,5.7,15,21.0,88.0,55.9,0.0,999.9,1,555
5,2021,06,18,2021-06-18,80.9,62.5,1008.3,10.0,8.7,28.9,40.0,90.0,57.9,0.24,999.9,1,639
6,2021,06,19,2021-06-19,79.5,62.2,1007.4,10.0,7.8,18.1,26.0,90.0,66.9,0.01,999.9,0,712
7,2021,06,20,2021-06-20,72.3,63.0,1005.9,9.8,5.7,12,999.9,90.0,62.1,0.0,999.9,1,700
1,2021,06,21,2021-06-21,69.8,57.8,1003.9,9.4,10.7,26,34.0,82.0,62.1,1.85,999.9,1,597
2,2021,06,22,2021-06-22,62.9,44.8,1014.0,10.0,7.7,15.9,22.9,73.0,54.0,0.0,999.9,0,633
3,2021,06,23,2021-06-23,68.9,52.0,1015.4,10.0,10.1,19,29.9,79.0,54.0,0.0,999.9,1,583
4,2021,06,24,2021-06-24,71.9,57.8,1014.5,9.0,11,17.1,27.0,79.0,64.9,0.02,999.9,1,578
5,2021,06,25,2021-06-25,72.0,69.1,1011.9,7.9,9.2,15.9,26.0,75.9,68.0,1.49,999.9,1,542
6,2021,06,26,2021-06-26,75.0,70.5,1009.0,9.2,7.6,14,22.0,82.0,70.0,0.45,999.9,1,564
7,2021,06,27,2021-06-27,76.5,69.2,1010.4,10.0,11.5,17.1,28.9,82.9,70.0,0.46,999.9,1,685
1,2021,06,28,2021-06-28,71.9,65.2,1018.3,9.9,5.6,12,999.9,82.9,66.0,0.0,999.9,1,643
2,2021,06,29,2021-06-29,76.2,71.0,1019.7,9.5,5.9,11.1,17.1,84.0,66.0,0.17,999.9,1,534
3,2021,06,30,2021-06-30,76.8,68.7,1018.3,9.7,4.9,15,22.9,84.0,71.1,0.29,999.9,1,579
4,2021,07,01,2021-07-01,71.3,62.3,1016.2,10.0,10.3,18.1,25.1,82.9,66.0,0.29,999.9,1,686
5,2021,07,02,2021-07-02,64.8,54.5,1018.5,10.0,7.7,14,999.9,75.9,57.0,0.0,999.9,0,645
6,2021,07,03,2021-07-03,70.4,55.1,1016.5,10.0,6.4,12,19.0,86.0,57.0,0.0,999.9,0,665
7,2021,07,04,2021-07-04,79.1,64.3,1013.5,10.0,6.4,11.1,15.0,89.1,59.0,0.0,999.9,0,687
1,2021,07,05,2021-07-05,81.6,67.7,1013.9,10.0,10.2,18.1,26.0,91.0,70.0,0.0,999.9,0,671
2,2021,07,06,2021-07-06,83.4,67.7,1015.1,10.0,9.6,13,22.9,91.0,73.0,0.0,999.9,0,557
3,2021,07,07,2021-07-07,80.5,67.6,1012.7,10.0,7.3,18.1,25.1,91.0,73.0,0.0,999.9,0,597
4,2021,07,08,2021-07-08,66.7,61.1,1012.3,10.0,7.1,12,999.9,89.1,63.0,0.0,999.9,1,579
5,2021,07,09,2021-07-09,66.4,53.7,1016.8,10.0,6.8,11.1,15.9,75.9,59.0,0.0,999.9,0,608
6,2021,07,10,2021-07-10,69.3,57.7,1015.6,10.0,7.5,13,15.9,75.9,59.0,0.0,999.9,1,615
7,2021,07,11,2021-07-11,67.8,63.2,1013.1,8.8,11.5,15.9,26.0,75.9,63.0,0.15,999.9,1,533
1,2021,07,12,2021-07-12,69.7,63.5,1015.9,10.0,8.1,14,18.1,73.9,66.0,0.05,999.9,1,577
2,2021,07,13,2021-07-13,71.1,66.6,1015.6,6.6,5.5,9.9,999.9,80.1,66.9,0.04,999.9,1,614
3,2021,07,14,2021-07-14,76.3,66.5,1018.3,10.0,6.8,13,20.0,84.0,68.0,0.0,999.9,1,564
4,2021,07,15,2021-07-15,75.4,68.4,1014.0,9.8,9.9,15.9,28.9,84.0,69.1,0.12,999.9,1,527
5,2021,07,16,2021-07-16,68.9,64.5,1015.3,8.7,9.1,15,999.9,79.0,64.9,1.04,999.9,1,608
6,2021,07,17,2021-07-17,70.6,62.5,1017.7,10.0,9.8,15.9,22.9,77.0,64.0,0.04,999.9,1,620
7,2021,07,18,2021-07-18,72.7,62.0,1021.7,10.0,7.7,12,15.0,82.0,63.0,0.0,999.9,0,591
1,2021,07,19,2021-07-19,73.4,62.6,1021.4,10.0,5.5,8.9,999.9,84.9,63.0,0.0,999.9,0,565
2,2021,07,20,2021-07-20,76.2,62.7,1018.1,10.0,6.4,15.9,18.1,88.0,64.0,0.0,999.9,0,577
3,2021,07,21,2021-07-21,69.6,62.0,1019.4,8.7,8.8,12,999.9,88.0,64.9,0.0,999.9,0,569
4,2021,07,22,2021-07-22,72.2,64.1,1021.0,9.2,3.8,9.9,999.9,86.0,64.0,0.0,999.9,0,601
5,2021,07,23,2021-07-23,80.5,69.9,1018.6,6.7,6.6,9.9,15.0,89.1,64.0,0.0,999.9,0,629
6,2021,07,24,2021-07-24,82.0,71.4,1012.9,7.1,9.4,28,35.0,91.9,73.9,0.0,999.9,1,608
7,2021,07,25,2021-07-25,81.5,64.4,1012.3,10.0,4.6,8.9,999.9,91.9,72.0,0.12,999.9,0,640
1,2021,07,26,2021-07-26,81.6,57.9,1015.0,10.0,3.7,7,999.9,93.9,70.0,0.0,999.9,0,629
2,2021,07,27,2021-07-27,80.2,63.7,1016.3,10.0,5.9,14,19.0,93.9,70.0,0.0,999.9,0,616
3,2021,07,28,2021-07-28,81.0,70.4,1015.7,10.0,6.1,21,28.0,88.0,70.0,0.21,999.9,1,585
4,2021,07,29,2021-07-29,81.7,71.9,1012.3,9.9,9.8,28.9,42.0,89.1,70.0,0.17,999.9,1,710
5,2021,07,30,2021-07-30,70.3,58.6,1018.9,10.0,11.6,17.1,22.0,89.1,66.0,0.0,999.9,0,645
6,2021,07,31,2021-07-31,69.4,56.9,1017.4,10.0,4.3,12,999.9,80.1,61.0,0.0,999.9,1,785
7,2021,08,01,2021-08-01,71.8,60.1,1015.2,8.3,9,15,21.0,80.1,62.1,0.0,999.9,0,733
1,2021,08,02,2021-08-02,68.7,55.7,1020.2,10.0,5.9,15,999.9,78.1,60.1,0.0,999.9,0,602
2,2021,08,03,2021-08-03,71.6,54.0,1018.9,10.0,3.5,9.9,999.9,82.9,60.1,0.0,999.9,0,540
3,2021,08,04,2021-08-04,74.8,55.6,1018.8,10.0,2.7,8.9,999.9,84.9,62.1,0.0,999.9,0,584
4,2021,08,05,2021-08-05,76.0,56.5,1018.5,9.3,6,12,19.0,87.1,64.0,0.0,999.9,0,573
5,2021,08,06,2021-08-06,77.0,61.8,1014.9,10.0,9,13,21.0,87.1,66.0,0.0,999.9,0,584
6,2021,08,07,2021-08-07,76.2,66.7,1014.0,9.3,6.4,19,33.0,89.1,66.0,0.19,999.9,1,607
7,2021,08,08,2021-08-08,82.8,69.4,1011.3,9.5,9.9,20,40.0,91.9,66.0,0.0,999.9,1,619
1,2021,08,09,2021-08-09,74.6,68.6,1010.8,9.7,10,17.1,32.1,91.9,70.0,0.03,999.9,1,565
2,2021,08,10,2021-08-10,81.0,74.0,1011.1,9.5,6.6,15,24.1,93.0,70.0,0.64,999.9,1,527
3,2021,08,11,2021-08-11,77.8,70.3,1009.8,9.5,10.3,25.1,49.9,93.0,70.0,0.38,999.9,1,545
4,2021,08,12,2021-08-12,80.1,70.7,1011.1,10.0,10.2,17.1,39.0,88.0,72.0,0.09,999.9,1,525
5,2021,08,13,2021-08-13,75.9,62.4,1016.5,10.0,5.7,9.9,999.9,84.9,72.0,0.0,999.9,0,559
6,2021,08,14,2021-08-14,72.9,52.5,1022.7,10.0,6.5,9.9,999.9,84.0,62.1,0.0,999.9,0,610
7,2021,08,15,2021-08-15,70.6,51.5,1023.3,10.0,4.6,11.1,17.1,80.1,60.1,0.0,999.9,0,595
1,2021,08,16,2021-08-16,72.3,56.5,1019.2,10.0,5.4,11.1,15.0,80.1,60.1,0.0,999.9,0,596
2,2021,08,17,2021-08-17,74.2,61.2,1016.7,10.0,4.2,8.9,999.9,84.0,63.0,0.0,999.9,0,579
3,2021,08,18,2021-08-18,77.2,68.6,1017.4,9.7,5.8,8.9,999.9,86.0,66.0,0.0,999.9,0,511
4,2021,08,19,2021-08-19,79.2,69.9,1017.8,9.5,5,13,999.9,88.0,70.0,0.0,999.9,1,557
5,2021,08,20,2021-08-20,79.8,69.1,1014.4,8.8,4.8,9.9,999.9,91.0,70.0,0.0,999.9,1,601
6,2021,08,21,2021-08-21,79.7,69.1,1010.6,9.1,7.2,18.1,28.9,91.0,70.0,0.0,999.9,1,671
7,2021,08,22,2021-08-22,76.3,66.8,1013.8,10.0,7.2,12,18.1,88.0,70.0,0.6,999.9,0,607
1,2021,08,23,2021-08-23,75.1,65.6,1014.7,10.0,5.2,9.9,15.9,87.1,66.9,0.0,999.9,0,627
2,2021,08,24,2021-08-24,82.5,72.1,1013.7,9.7,6.8,19,39.0,95.0,66.9,0.0,999.9,1,554
3,2021,08,25,2021-08-25,78.7,70.8,1016.3,9.5,6.4,21,31.1,95.0,71.1,1.91,999.9,1,561
4,2021,08,26,2021-08-26,77.4,69.5,1019.3,9.6,4.8,9.9,17.1,93.9,70.0,0.39,999.9,1,582
5,2021,08,27,2021-08-27,80.7,70.0,1016.8,10.0,4.8,9.9,15.0,91.0,70.0,0.0,999.9,0,667
6,2021,08,28,2021-08-28,83.6,72.8,1016.9,10.0,7.8,12,21.0,91.9,73.0,0.0,999.9,0,617
7,2021,08,29,2021-08-29,81.5,71.7,1015.5,10.0,9.4,20,28.9,91.9,73.9,0.0,999.9,1,649
1,2021,08,30,2021-08-30,76.2,63.1,1014.4,10.0,4.8,8.9,999.9,89.1,66.9,0.28,999.9,0,612
2,2021,08,31,2021-08-31,74.7,58.9,1010.8,10.0,4.9,12,999.9,84.9,66.0,0.0,999.9,0,588
3,2021,09,01,2021-09-01,73.2,58.7,1012.6,10.0,11.4,15.9,22.0,82.0,66.9,0.0,999.9,1,706
4,2021,09,02,2021-09-02,69.5,55.6,1018.5,10.0,5.8,14,999.9,78.1,62.1,0.0,999.9,0,549
5,2021,09,03,2021-09-03,69.7,56.6,1018.6,10.0,5.9,8.9,999.9,78.1,62.1,0.0,999.9,1,642
6,2021,09,04,2021-09-04,70.1,60.2,1013.2,9.9,7.1,14,18.1,75.0,64.0,0.01,999.9,1,664
7,2021,09,05,2021-09-05,69.5,56.3,1011.5,10.0,7.1,12,24.1,82.0,60.1,0.0,999.9,1,668
1,2021,09,06,2021-09-06,72.0,53.0,1012.6,10.0,4.9,9.9,999.9,82.0,60.1,0.0,999.9,0,626
2,2021,09,07,2021-09-07,72.3,61.0,1008.4,10.0,9,19,29.9,88.0,61.0,0.0,999.9,1,563
3,2021,09,08,2021-09-08,69.7,52.5,1008.1,10.0,8.7,15.9,27.0,88.0,59.0,0.0,999.9,0,577
4,2021,09,09,2021-09-09,66.9,51.2,1014.0,10.0,5.8,8.9,999.9,79.0,57.9,0.0,999.9,0,606
5,2021,09,10,2021-09-10,68.5,52.4,1017.2,10.0,4.4,11.1,18.1,80.1,57.9,0.0,999.9,0,668
6,2021,09,11,2021-09-11,73.6,59.2,1013.4,10.0,7.5,13,20.0,87.1,59.0,0.0,999.9,0,657
7,2021,09,12,2021-09-12,78.8,64.5,1013.1,10.0,8.8,13,20.0,87.1,64.9,0.0,999.9,0,674
1,2021,09,13,2021-09-13,74.6,65.6,1016.2,10.0,6.3,13,999.9,88.0,68.0,0.0,999.9,0,685
2,2021,09,14,2021-09-14,77.1,65.8,1010.0,9.5,10.5,18.1,25.1,88.0,68.0,0.0,999.9,0,638
3,2021,09,15,2021-09-15,68.4,53.4,1014.5,10.0,6.5,15.9,22.9,86.0,59.0,0.0,999.9,0,652
4,2021,09,16,2021-09-16,68.7,51.4,1018.2,10.0,4.5,11.1,14.0,82.0,57.0,0.0,999.9,0,671
5,2021,09,17,2021-09-17,74.8,57.8,1017.3,10.0,6.3,15.9,27.0,89.1,57.0,0.0,999.9,1,617
6,2021,09,18,2021-09-18,71.4,62.2,1020.9,9.9,8.6,13,15.9,89.1,64.0,0.45,999.9,1,656
7,2021,09,19,2021-09-19,73.6,62.3,1019.0,10.0,4.5,11.1,999.9,89.1,64.0,0.0,999.9,0,708
1,2021,09,20,2021-09-20,75.7,66.9,1013.3,9.4,7.7,13,22.9,89.1,64.0,0.0,999.9,1,648
2,2021,09,21,2021-09-21,69.0,62.2,1014.1,9.2,11.3,15.9,31.1,82.0,61.0,0.23,999.9,1,617
3,2021,09,22,2021-09-22,59.7,50.4,1019.7,9.4,13.9,21,28.9,75.9,55.9,0.42,999.9,1,619
4,2021,09,23,2021-09-23,58.0,42.0,1015.4,10.0,11.6,14,24.1,66.9,51.1,0.4,999.9,0,616
5,2021,09,24,2021-09-24,62.7,44.0,1013.5,10.0,9,19,32.1,79.0,51.1,0.0,999.9,0,591
6,2021,09,25,2021-09-25,61.4,45.9,1014.1,9.8,9.8,15.9,25.1,79.0,50.0,0.12,999.9,1,636
7,2021,09,26,2021-09-26,66.1,41.2,1013.6,10.0,9.5,17.1,29.9,82.9,50.0,0.0,999.9,0,616
1,2021,09,27,2021-09-27,73.4,54.5,1008.3,10.0,10.3,18.1,22.9,87.1,54.0,0.0,999.9,0,630
2,2021,09,28,2021-09-28,65.9,54.7,1014.1,10.0,9.6,17.1,999.9,87.1,60.1,0.0,999.9,0,661
3,2021,09,29,2021-09-29,67.0,54.5,1016.8,10.0,4.8,8.9,999.9,82.0,55.0,0.0,999.9,0,642
4,2021,09,30,2021-09-30,68.7,55.0,1020.1,10.0,4.5,8.9,999.9,82.0,55.0,0.0,999.9,0,608
5,2021,10,01,2021-10-01,70.8,57.1,1021.1,10.0,4.2,8.9,999.9,84.9,61.0,0.0,999.9,0,799
6,2021,10,02,2021-10-02,72.7,61.5,1016.5,9.9,6.8,15,21.0,84.9,61.0,0.02,999.9,1,699
7,2021,10,03,2021-10-03,70.6,65.6,1010.2,9.4,5,8.9,14.0,80.1,66.0,0.14,999.9,1,688
1,2021,10,04,2021-10-04,66.9,62.5,1012.4,9.5,7.7,18.1,24.1,75.9,64.0,0.0,999.9,1,621
2,2021,10,05,2021-10-05,65.6,60.8,1021.0,10.0,11.9,18.1,22.0,73.0,64.0,0.0,999.9,1,632
3,2021,10,06,2021-10-06,65.6,61.9,1023.3,7.7,8.3,11.1,999.9,68.0,64.0,0.0,999.9,1,656
4,2021,10,07,2021-10-07,68.1,64.3,1019.8,7.2,6.7,12,25.1,75.0,64.0,0.03,999.9,1,575
5,2021,10,08,2021-10-08,67.0,62.2,1015.9,8.4,2.7,9.9,999.9,75.0,62.1,0.63,999.9,1,634
6,2021,10,09,2021-10-09,69.4,61.9,1013.4,9.3,3.5,9.9,15.0,80.1,62.1,0.02,999.9,1,645
7,2021,10,10,2021-10-10,73.0,63.9,1007.5,9.9,8.7,17.1,26.0,80.1,64.0,0.01,999.9,1,637
1,2021,10,11,2021-10-11,72.2,63.7,1005.6,9.1,9.2,15,26.0,79.0,66.0,0.02,999.9,1,561
2,2021,10,12,2021-10-12,63.0,60.0,1008.4,8.9,9.5,15,20.0,77.0,61.0,0.76,999.9,1,624
3,2021,10,13,2021-10-13,60.0,55.0,1014.0,8.9,4.1,15,20.0,71.1,53.1,0.01,999.9,1,602
4,2021,10,14,2021-10-14,66.7,58.3,1011.1,9.5,6.8,13,21.0,71.1,53.1,0.41,999.9,1,599
5,2021,10,15,2021-10-15,57.7,48.7,1012.1,10.0,5.3,12,999.9,71.1,52.0,0.1,999.9,1,627
6,2021,10,16,2021-10-16,52.1,38.1,1014.8,10.0,8.9,14,24.1,62.1,44.1,0.02,999.9,1,601
7,2021,10,17,2021-10-17,53.3,35.0,1019.1,10.0,6.9,11.1,18.1,66.0,42.1,0.0,999.9,0,620
1,2021,10,18,2021-10-18,57.0,39.0,1019.6,10.0,3.7,8.9,15.0,72.0,43.0,0.0,999.9,0,630
2,2021,10,19,2021-10-19,60.7,45.6,1018.5,10.0,6.6,12,20.0,72.0,45.0,0.0,999.9,0,553
3,2021,10,20,2021-10-20,61.3,47.3,1016.7,10.0,6.8,14,19.0,72.0,52.0,0.0,999.9,0,600
4,2021,10,21,2021-10-21,56.7,48.6,1011.3,9.9,10.1,15.9,24.1,72.0,48.0,0.0,999.9,1,625
5,2021,10,22,2021-10-22,47.9,38.2,1017.3,10.0,5.4,9.9,999.9,64.9,41.0,0.0,999.9,1,606
6,2021,10,23,2021-10-23,47.4,33.6,1016.7,10.0,4.1,8,999.9,55.9,39.0,0.0,999.9,0,645
7,2021,10,24,2021-10-24,45.7,39.4,1015.4,8.7,5.5,20,29.9,55.9,39.0,0.0,999.9,1,485
1,2021,10,25,2021-10-25,49.6,45.2,1010.3,7.4,19.4,26,40.0,55.0,39.0,2.26,999.9,1,577
2,2021,10,26,2021-10-26,49.1,41.3,1018.6,10.0,8,9.9,999.9,57.0,42.1,0.35,999.9,0,628
3,2021,10,27,2021-10-27,47.1,38.1,1016.2,10.0,5.3,13,999.9,57.0,37.9,0.0,999.9,0,599
4,2021,10,28,2021-10-28,51.3,46.1,1006.1,9.0,8.9,13,999.9,55.9,37.9,0.0,999.9,1,592
5,2021,10,29,2021-10-29,54.3,52.3,1001.3,4.9,12.3,22,29.9,57.0,48.0,0.51,999.9,1,607
6,2021,10,30,2021-10-30,54.4,48.8,1004.1,8.1,13.9,19,29.9,59.0,51.1,0.5,999.9,1,615
7,2021,10,31,2021-10-31,48.7,41.1,1011.3,10.0,8.3,15,21.0,59.0,45.0,0.04,999.9,0,652
1,2021,11,01,2021-11-01,41.4,28.1,1023.9,10.0,7.3,14,21.0,53.1,35.1,0.0,999.9,0,663
2,2021,11,02,2021-11-02,39.6,25.2,1026.8,10.0,7.2,13,20.0,48.9,32.0,0.0,999.9,0,601
3,2021,11,03,2021-11-03,36.9,24.4,1029.0,10.0,4.6,8.9,15.9,46.9,28.9,0.0,999.9,0,586
4,2021,11,04,2021-11-04,37.8,24.3,1027.7,10.0,3.9,8.9,999.9,46.9,28.9,0.0,999.9,0,573
5,2021,11,05,2021-11-05,41.5,28.6,1027.0,10.0,6.5,12,19.0,52.0,29.1,0.0,999.9,0,568
6,2021,11,06,2021-11-06,45.9,31.9,1023.0,10.0,7.7,12,21.0,59.0,34.0,0.0,999.9,0,629
7,2021,11,07,2021-11-07,52.4,39.6,1020.0,9.9,8.1,14,22.9,64.9,36.0,0.0,999.9,0,638
1,2021,11,08,2021-11-08,55.9,42.6,1018.2,10.0,9.2,14,22.9,64.9,41.0,0.0,999.9,0,652
2,2021,11,09,2021-11-09,54.7,47.3,1020.4,9.4,7.1,13,20.0,64.9,48.9,0.0,999.9,0,625
3,2021,11,10,2021-11-10,47.8,41.0,1020.5,9.7,6.1,13,999.9,57.9,37.9,0.0,999.9,1,624
4,2021,11,11,2021-11-11,52.7,45.4,1006.0,8.8,11.5,18.1,32.1,71.1,37.9,0.0,999.9,1,565
5,2021,11,12,2021-11-12,40.6,31.9,1005.9,9.5,11.8,18.1,33.0,57.0,35.1,0.44,999.9,1,544
6,2021,11,13,2021-11-13,37.1,30.8,1012.3,9.8,10.1,13,21.0,43.0,35.1,0.05,999.9,1,587
7,2021,11,14,2021-11-14,35.6,29.9,1009.0,8.6,12,20,31.1,39.0,33.1,0.03,999.9,1,560
1,2021,11,15,2021-11-15,32.9,23.5,1017.9,9.7,6.2,13,22.0,37.0,30.0,0.01,999.9,1,590
2,2021,11,16,2021-11-16,37.7,30.3,1017.5,9.5,4.8,12,22.0,48.9,30.0,0.01,999.9,0,592
3,2021,11,17,2021-11-17,54.7,49.4,1008.7,8.6,10.2,17.1,27.0,61.0,46.9,0.0,999.9,1,531
4,2021,11,18,2021-11-18,36.9,22.9,1019.1,10.0,12.4,20,31.1,61.0,32.0,0.13,999.9,1,573
5,2021,11,19,2021-11-19,32.8,18.7,1030.6,10.0,7.6,17.1,25.1,39.9,26.1,0.0,999.9,1,570
6,2021,11,20,2021-11-20,39.7,26.1,1023.0,10.0,8.9,14,20.0,50.0,27.1,0.0,999.9,0,603
7,2021,11,21,2021-11-21,43.5,32.4,1018.0,9.9,5.5,19,34.0,55.0,35.1,0.0,999.9,1,580
1,2021,11,22,2021-11-22,31.2,10.0,1021.5,10.0,10.5,18.1,33.0,55.0,23.0,0.0,999.9,0,530
2,2021,11,23,2021-11-23,31.7,11.5,1022.9,10.0,6.4,14,20.0,43.0,24.1,0.0,999.9,0,498
3,2021,11,24,2021-11-24,41.9,26.4,1015.1,10.0,12.5,17.1,26.0,53.1,24.3,0.0,999.9,0,590
4,2021,11,25,2021-11-25,44.1,37.4,1016.6,10.0,9.7,17.1,25.1,53.1,30.0,0.04,999.9,1,410
5,2021,11,26,2021-11-26,24.7,10.1,1023.6,10.0,8.3,17.1,27.0,30.0,19.0,0.0,999.9,0,540
6,2021,11,27,2021-11-27,33.7,21.0,1013.4,10.0,6.8,9.9,999.9,42.1,19.0,0.0,999.9,1,546
7,2021,11,28,2021-11-28,34.8,20.6,1015.1,10.0,10.3,15.9,27.0,42.1,30.0,0.0,999.9,0,566
1,2021,11,29,2021-11-29,33.1,14.9,1017.8,10.0,6.2,17.1,27.0,41.0,27.0,0.0,999.9,1,596
2,2021,11,30,2021-11-30,41.5,26.0,1013.5,10.0,8.5,13,19.0,53.1,27.1,0.0,999.9,0,564
3,2021,12,01,2021-12-01,41.3,30.7,1015.6,9.9,5.4,13,21.0,53.1,34.0,0.0,999.9,1,673
4,2021,12,02,2021-12-02,51.2,35.6,1007.5,9.9,11,19,28.0,59.0,34.0,0.0,999.9,0,626
5,2021,12,03,2021-12-03,45.7,31.5,1016.6,10.0,4.8,8.9,999.9,59.0,42.1,0.0,999.9,1,672
6,2021,12,04,2021-12-04,37.6,25.3,1023.7,8.3,6.6,11.1,15.9,51.1,30.9,0.0,999.9,1,596
7,2021,12,05,2021-12-05,37.6,20.0,1018.9,8.2,7.6,17.1,24.1,44.1,32.0,0.0,999.9,1,552
1,2021,12,06,2021-12-06,34.6,24.0,1010.6,9.0,13.6,22,33.0,41.0,24.1,0.26,999.9,1,554
2,2021,12,07,2021-12-07,18.3,0.2,1024.6,10.0,6.5,15.9,25.1,37.9,12.9,0.0,999.9,1,520
3,2021,12,08,2021-12-08,28.3,13.0,1015.9,10.0,7.8,12,999.9,35.1,12.9,0.0,999.9,0,602
4,2021,12,09,2021-12-09,34.3,22.7,1011.9,9.9,7.3,14,21.0,46.0,25.0,0.0,999.9,0,581
5,2021,12,10,2021-12-10,42.0,34.5,1009.5,9.1,6.7,14,20.0,46.9,28.2,0.0,999.9,1,590
6,2021,12,11,2021-12-11,45.3,38.0,1000.4,8.5,13.8,27,47.0,60.1,35.1,0.84,999.9,1,545
7,2021,12,12,2021-12-12,37.9,24.1,1018.2,10.0,10.6,17.1,26.0,57.9,32.0,0.0,999.9,0,590
1,2021,12,13,2021-12-13,42.5,28.1,1020.5,10.0,10.8,18.1,27.0,48.9,32.0,0.0,999.9,0,602
2,2021,12,14,2021-12-14,40.7,31.6,1026.3,9.9,3.7,9.9,999.9,54.0,32.0,0.0,999.9,0,564
3,2021,12,15,2021-12-15,56.2,50.1,1013.8,9.3,12.6,20,34.0,64.9,48.9,0.03,999.9,1,619
4,2021,12,16,2021-12-16,51.5,41.0,1006.8,9.8,20.5,32.1,52.1,66.2,37.9,0.0,999.9,1,595
5,2021,12,17,2021-12-17,32.9,20.4,1022.1,10.0,7.3,14,22.9,37.9,27.0,0.0,999.9,0,572
6,2021,12,18,2021-12-18,37.2,30.4,1019.5,8.5,9.5,13,22.0,39.9,27.1,0.04,999.9,1,579
7,2021,12,19,2021-12-19,32.4,22.3,1026.3,10.0,6.2,12,15.9,39.9,28.0,0.02,999.9,0,506
1,2021,12,20,2021-12-20,34.1,26.2,1021.5,10.0,10.7,15,25.1,42.1,28.9,0.0,999.9,0,537
2,2021,12,21,2021-12-21,32.4,23.4,1015.1,10.0,7.6,19,28.9,42.1,23.0,0.0,999.9,0,500
3,2021,12,22,2021-12-22,26.4,11.5,1014.7,10.0,9.4,19,31.1,39.9,19.0,0.0,999.9,0,474
4,2021,12,23,2021-12-23,34.1,21.9,1013.3,10.0,7.1,14,22.0,46.0,19.9,0.0,999.9,0,529
5,2021,12,24,2021-12-24,42.6,38.3,1004.4,7.3,6.1,12,19.0,55.0,27.1,0.0,999.9,1,483
6,2021,12,25,2021-12-25,49.1,40.2,1002.7,9.1,9.6,15.9,18.1,57.0,34.0,0.03,999.9,1,469
7,2021,12,26,2021-12-26,34.8,27.7,1016.7,10.0,4.5,14,19.0,55.0,26.1,0.0,999.9,0,443
1,2021,12,27,2021-12-27,39.9,35.3,1008.4,5.7,9.6,19,29.9,46.0,26.2,0.69,999.9,1,509
2,2021,12,28,2021-12-28,33.7,26.8,1010.0,7.8,7,14,17.1,46.0,30.0,0.32,1.2,1,454
3,2021,12,29,2021-12-29,34.7,28.5,1010.1,6.6,6.3,11.1,999.9,37.0,30.2,0.38,1.2,1,497
4,2021,12,30,2021-12-30,31.5,25.0,1012.8,8.1,5.2,9.9,999.9,37.0,28.0,0.01,1.2,1,549
5,2021,12,31,2021-12-31,36.6,31.4,1008.7,7.0,5.7,14,24.1,43.0,28.2,0.0,999.9,1,595