crimeDate,CRIME_NUM,location_description,day,month,year,temp,dewp,slp,visib,wdsp,mxpsd,gust,max,min,prcp,sndp,fog
2019-01-01,179,STREET,2,01,2019,30.7,28.2,1019.8,8.1,8.9,18.1,26.0,39.0,26.1,0.86,999.9,0
2019-01-02,148,STREET,3,01,2019,27.6,24.5,1022.2,7.6,5.6,15.0,22.0,34.0,26.1,0.01,999.9,0
2019-01-03,190,STREET,4,01,2019,29.2,22.9,1016.8,10.0,9.9,15.0,24.1,37.9,24.1,0.01,999.9,0
2019-01-04,166,STREET,5,01,2019,37.0,28.1,1010.1,10.0,9.1,15.0,21.0,48.0,24.3,0.0,999.9,0
2019-01-05,176,STREET,6,01,2019,38.9,32.0,1008.9,10.0,6.3,14.0,20.0,52.0,31.1,0.0,999.9,0
2019-01-06,138,STREET,7,01,2019,37.9,31.7,1020.8,10.0,8.4,13.0,999.9,52.0,30.0,0.0,999.9,0
2019-01-07,127,STREET,1,01,2019,43.6,38.7,1013.7,8.2,14.2,19.0,31.1,53.6,37.0,0.0,999.9,0
2019-01-08,135,STREET,2,01,2019,41.4,35.4,1008.4,8.2,10.9,25.1,41.0,53.1,36.0,0.44,999.9,0
2019-01-09,126,STREET,3,01,2019,23.2,11.6,1021.3,10.0,14.2,22.0,35.9,45.0,19.0,0.0,999.9,0
2019-01-10,148,STREET,4,01,2019,17.9,8.7,1029.8,10.0,6.1,11.1,999.9,25.0,14.0,0.0,999.9,0
2019-01-11,161,STREET,5,01,2019,23.4,17.4,1028.9,9.5,2.9,8.0,999.9,30.0,14.0,0.0,999.9,0
2019-01-12,143,STREET,6,01,2019,30.2,23.8,1027.0,6.8,7.3,14.0,21.0,32.0,17.1,0.0,2.0,1
2019-01-13,127,STREET,7,01,2019,29.7,24.0,1028.4,7.1,13.2,17.1,26.0,32.0,26.1,0.13,2.0,0
2019-01-14,139,STREET,1,01,2019,25.4,20.4,1028.5,9.2,6.6,11.1,17.1,30.9,23.0,0.01,1.2,0
2019-01-15,148,STREET,2,01,2019,25.5,21.8,1023.0,8.4,9.2,15.9,27.0,28.0,23.0,0.0,1.2,0
2019-01-16,149,STREET,3,01,2019,31.2,24.9,1021.7,9.0,8.9,14.0,22.0,34.0,24.1,0.0,1.2,0
2019-01-17,132,STREET,4,01,2019,30.3,24.0,1021.1,7.9,5.3,9.9,999.9,35.1,28.0,0.0,1.2,0
2019-01-18,137,STREET,5,01,2019,29.7,23.5,1020.4,9.0,7.5,14.0,18.1,35.1,27.0,0.0,999.9,0
2019-01-19,112,STREET,6,01,2019,26.4,23.3,1018.8,3.8,16.3,24.1,34.0,30.9,21.0,0.26,5.1,0
2019-01-20,110,STREET,7,01,2019,11.9,2.8,1023.6,9.0,13.5,22.0,28.9,28.0,6.1,0.02,5.1,0
2019-01-21,117,STREET,1,01,2019,9.4,0.2,1033.3,9.7,7.1,14.0,999.9,17.1,3.0,0.0,5.1,0
2019-01-22,112,STREET,2,01,2019,18.7,8.7,1025.3,7.7,10.2,14.0,25.1,32.0,3.0,0.0,3.9,0
2019-01-23,143,STREET,3,01,2019,29.5,27.9,1009.8,3.5,7.3,14.0,21.0,34.0,12.9,0.32,5.1,0
2019-01-24,115,STREET,4,01,2019,16.6,12.3,1011.3,6.8,7.4,17.1,29.9,34.0,9.0,0.08,5.1,0
2019-01-25,90,STREET,5,01,2019,1.3,-5.5,1022.3,8.6,11.0,17.1,28.0,21.9,-6.0,0.0,5.1,0
2019-01-26,125,STREET,6,01,2019,2.1,-4.7,1022.8,8.8,4.8,9.9,999.9,12.0,-7.1,0.03,5.9,0
2019-01-27,105,STREET,7,01,2019,3.8,-2.4,1019.5,8.6,5.6,9.9,999.9,12.0,-7.1,0.06,5.9,0
2019-01-28,96,STREET,1,01,2019,18.4,12.9,1007.8,4.4,8.9,15.9,22.9,34.0,-2.9,0.36,9.8,1
2019-01-29,106,STREET,2,01,2019,5.8,-0.8,1012.3,8.6,12.5,21.0,33.0,18.0,-2.0,0.17,9.1,0
2019-01-30,55,STREET,3,01,2019,-14.6,-23.8,1022.2,9.8,14.4,18.1,28.0,10.0,-23.1,0.0,7.9,0
2019-01-31,104,STREET,4,01,2019,-15.0,-23.0,1030.7,9.9,7.5,13.0,20.0,-4.0,-22.0,0.0,7.9,0
2019-02-01,156,STREET,5,02,2019,6.9,1.6,1027.5,6.3,3.2,7.0,999.9,21.0,-4.0,0.07,9.1,0
2019-02-02,172,STREET,6,02,2019,25.6,21.0,1020.8,6.8,9.0,13.0,22.9,42.1,1.9,0.02,7.1,0
2019-02-03,150,STREET,7,02,2019,42.3,40.1,1011.3,6.3,9.7,13.0,21.0,46.4,37.0,0.0,1.2,0
2019-02-04,152,STREET,1,02,2019,47.3,44.2,1007.0,7.6,9.2,14.0,24.1,51.1,37.9,0.0,3.9,0
2019-02-05,115,STREET,2,02,2019,29.5,24.3,1017.7,10.0,8.8,14.0,22.9,51.1,24.1,0.05,999.9,0
2019-02-06,124,STREET,3,02,2019,32.8,31.4,1013.9,3.7,6.8,14.0,20.0,36.0,25.0,0.31,999.9,1
2019-02-07,127,STREET,4,02,2019,35.6,34.0,1010.5,4.4,8.0,22.0,36.9,44.1,28.9,0.57,999.9,1
2019-02-08,139,STREET,5,02,2019,11.4,2.5,1026.2,8.9,18.5,25.1,41.0,28.9,3.9,0.15,999.9,0
2019-02-09,159,STREET,6,02,2019,11.8,2.2,1044.1,10.0,5.7,14.0,18.1,24.1,3.9,0.0,999.9,0
2019-02-10,138,STREET,7,02,2019,23.4,15.9,1034.4,8.6,6.8,9.9,999.9,28.0,19.9,0.0,1.2,0
2019-02-11,119,STREET,1,02,2019,28.0,25.3,1021.5,5.8,8.0,14.0,21.0,30.9,21.9,0.04,1.2,0
2019-02-12,119,STREET,2,02,2019,32.0,29.3,1009.6,3.8,11.6,19.0,33.0,34.0,26.6,0.51,1.2,0
2019-02-13,118,STREET,3,02,2019,18.5,14.6,1012.9,6.6,14.7,20.0,34.0,34.0,10.0,0.04,1.2,0
2019-02-14,140,STREET,4,02,2019,36.1,27.2,1006.3,10.0,7.4,11.1,19.0,50.0,12.0,0.01,1.2,0
2019-02-15,159,STREET,5,02,2019,22.8,15.3,1009.0,9.5,12.1,17.1,29.9,50.0,8.1,0.0,1.2,0
2019-02-16,144,STREET,6,02,2019,18.6,11.4,1019.3,10.0,6.4,12.0,999.9,32.0,9.0,0.0,999.9,0
2019-02-17,130,STREET,7,02,2019,25.3,20.4,1014.9,6.9,10.3,14.0,22.9,28.9,12.9,0.0,2.0,1
2019-02-18,131,STREET,1,02,2019,25.1,20.6,1023.8,4.9,7.9,12.0,999.9,30.9,19.9,0.25,3.1,0
2019-02-19,117,STREET,2,02,2019,21.8,12.9,1035.6,10.0,3.0,7.0,999.9,35.1,12.0,0.01,2.0,0
2019-02-20,140,STREET,3,02,2019,31.1,25.9,1020.1,6.5,10.1,15.9,22.9,37.9,28.0,0.01,1.2,0
2019-02-21,145,STREET,4,02,2019,30.9,21.3,1017.9,9.8,12.1,15.9,28.9,37.9,25.0,0.08,1.2,0
2019-02-22,134,STREET,5,02,2019,28.6,19.0,1029.0,9.2,5.4,9.9,999.9,41.0,19.0,0.0,1.2,0
2019-02-23,153,STREET,6,02,2019,35.6,29.0,1019.1,5.4,8.9,14.0,999.9,41.0,19.2,0.0,999.9,1
2019-02-24,124,STREET,7,02,2019,37.4,30.7,1000.9,7.5,17.4,28.9,47.0,53.1,21.0,0.77,999.9,1
2019-02-25,136,STREET,1,02,2019,12.3,0.5,1026.3,10.0,13.3,27.0,42.9,21.0,6.1,0.02,999.9,0
2019-02-26,133,STREET,2,02,2019,16.9,8.0,1032.7,9.0,9.3,13.0,19.0,23.0,6.1,0.0,999.9,0
2019-02-27,130,STREET,3,02,2019,24.6,17.4,1023.8,9.1,8.7,15.0,21.0,30.0,12.9,0.0,999.9,0
2019-02-28,105,STREET,4,02,2019,18.0,8.1,1024.7,10.0,5.7,14.0,20.0,27.0,10.9,0.01,999.9,0
2019-03-01,145,STREET,5,03,2019,26.7,16.0,1022.4,10.0,4.8,8.9,999.9,34.0,10.9,0.0,999.9,0
2019-03-02,157,STREET,6,03,2019,29.1,21.4,1022.5,8.7,6.9,12.0,17.1,34.0,23.0,0.0,999.9,0
2019-03-03,132,STREET,7,03,2019,22.2,10.7,1024.1,10.0,9.7,15.0,18.1,33.1,16.0,0.0,999.9,0
2019-03-04,107,STREET,1,03,2019,5.2,-6.4,1023.8,9.7,12.4,19.0,27.0,25.0,-2.9,0.0,999.9,0
2019-03-05,110,STREET,2,03,2019,11.9,0.4,1020.6,9.0,13.5,17.1,27.0,21.0,-2.9,0.0,999.9,0
2019-03-06,117,STREET,3,03,2019,16.3,3.7,1026.0,10.0,10.7,17.1,26.0,30.0,8.1,0.0,999.9,0
2019-03-07,129,STREET,4,03,2019,22.7,10.7,1027.0,10.0,7.3,14.0,22.9,30.0,9.0,0.0,999.9,0
2019-03-08,145,STREET,5,03,2019,28.0,20.3,1023.3,8.5,4.1,7.0,999.9,39.0,14.0,0.0,999.9,0
2019-03-09,140,STREET,6,03,2019,33.5,27.4,1015.4,7.3,10.5,21.0,32.1,41.0,21.0,0.0,999.9,0
2019-03-10,161,STREET,7,03,2019,36.6,32.2,1008.5,8.4,16.5,24.1,40.0,43.0,26.2,0.56,999.9,0
2019-03-11,164,STREET,1,03,2019,32.0,19.2,1026.1,10.0,10.0,18.1,27.0,41.0,27.0,0.0,999.9,0
2019-03-12,140,STREET,2,03,2019,35.2,23.5,1027.4,9.8,6.4,13.0,22.0,48.9,24.1,0.0,999.9,0
2019-03-13,139,STREET,3,03,2019,44.9,36.8,1013.4,9.2,10.5,17.1,26.0,57.9,24.3,0.32,999.9,0
2019-03-14,134,STREET,4,03,2019,55.3,48.4,999.7,9.3,15.3,29.9,48.0,62.1,39.9,0.26,999.9,0
2019-03-15,163,STREET,5,03,2019,38.0,33.0,1006.7,9.0,14.3,22.9,38.1,44.1,35.1,0.36,999.9,0
2019-03-16,147,STREET,6,03,2019,34.4,21.4,1024.4,10.0,10.1,15.9,24.1,41.0,28.0,0.0,999.9,0
2019-03-17,138,STREET,7,03,2019,34.8,21.9,1024.7,10.0,5.8,12.0,19.0,43.0,28.0,0.0,999.9,0
2019-03-18,130,STREET,1,03,2019,35.4,23.7,1027.4,9.6,6.9,12.0,999.9,43.0,27.0,0.0,999.9,0
2019-03-19,123,STREET,2,03,2019,38.7,24.0,1028.6,10.0,7.1,12.0,15.9,48.9,27.1,0.0,999.9,0
2019-03-20,150,STREET,3,03,2019,41.7,33.2,1020.4,7.9,7.1,12.0,19.0,48.9,30.2,0.01,999.9,0
2019-03-21,146,STREET,4,03,2019,39.8,34.8,1014.6,8.0,9.0,14.0,19.0,44.1,35.6,0.13,999.9,0
2019-03-22,141,STREET,5,03,2019,40.2,29.8,1017.0,10.0,10.4,18.1,21.0,46.0,34.0,0.0,999.9,0
2019-03-23,165,STREET,6,03,2019,36.5,24.9,1025.6,9.8,3.9,8.9,999.9,53.1,25.0,0.0,999.9,0
2019-03-24,154,STREET,7,03,2019,45.5,31.8,1020.7,9.6,4.2,15.9,999.9,53.1,25.2,0.0,999.9,0
2019-03-25,134,STREET,1,03,2019,36.0,25.6,1023.9,9.9,17.5,21.0,28.9,50.0,33.1,0.05,999.9,0
2019-03-26,128,STREET,2,03,2019,34.9,13.9,1030.4,10.0,5.8,13.0,999.9,48.0,23.0,0.0,999.9,0
2019-03-27,136,STREET,3,03,2019,41.8,17.3,1026.5,10.0,7.7,15.0,24.1,59.0,23.0,0.0,999.9,0
2019-03-28,146,STREET,4,03,2019,53.2,38.7,1016.8,10.0,12.1,15.9,28.0,64.9,46.9,0.01,999.9,0
2019-03-29,143,STREET,5,03,2019,46.7,32.0,1017.9,10.0,7.2,9.9,999.9,64.9,37.9,0.0,999.9,0
2019-03-30,139,STREET,6,03,2019,39.7,32.1,1012.8,9.3,10.9,20.0,25.1,57.0,34.0,0.39,999.9,0
2019-03-31,143,STREET,7,03,2019,30.7,14.6,1024.0,9.7,11.1,17.1,26.0,45.0,23.0,0.07,999.9,0
2019-04-01,143,STREET,1,04,2019,35.0,20.2,1025.7,10.0,9.3,20.0,29.9,48.9,23.0,0.0,999.9,0
2019-04-02,138,STREET,2,04,2019,44.7,30.6,1016.7,9.9,13.2,17.1,28.0,55.0,26.2,0.0,999.9,0
2019-04-03,121,STREET,3,04,2019,45.5,28.4,1021.2,10.0,9.2,15.0,24.1,57.9,37.0,0.0,999.9,0
2019-04-04,140,STREET,4,04,2019,46.0,38.1,1026.6,8.5,7.8,15.0,22.9,57.9,37.0,0.1,999.9,0
2019-04-05,178,STREET,5,04,2019,43.5,39.2,1019.9,7.2,5.2,11.1,19.0,57.0,39.0,0.15,999.9,0
2019-04-06,180,STREET,6,04,2019,51.7,44.3,1019.3,6.0,3.8,11.1,999.9,66.0,39.0,0.0,999.9,0
2019-04-07,195,STREET,7,04,2019,56.3,49.4,1013.9,9.3,6.3,17.1,34.0,66.9,39.0,0.0,999.9,0
2019-04-08,178,STREET,1,04,2019,61.2,46.7,1009.9,10.0,6.9,13.0,28.0,73.0,51.1,0.39,999.9,0
2019-04-09,147,STREET,2,04,2019,59.8,36.2,1009.7,10.0,8.9,13.0,24.1,73.0,48.0,0.0,999.9,0
2019-04-10,154,STREET,3,04,2019,40.5,30.7,1014.9,9.7,14.5,26.0,35.0,66.0,34.0,0.0,999.9,0
2019-04-11,159,STREET,4,04,2019,42.2,34.2,1008.6,10.0,17.0,20.0,32.1,55.9,34.0,0.13,999.9,0
2019-04-12,154,STREET,5,04,2019,47.9,35.4,1004.5,8.7,13.2,22.9,36.9,55.9,37.0,0.35,999.9,0
2019-04-13,153,STREET,6,04,2019,42.4,24.9,1016.8,10.0,11.0,15.9,25.1,52.0,35.1,0.07,999.9,0
2019-04-14,131,STREET,7,04,2019,36.8,29.9,1013.7,5.8,14.8,25.1,34.0,52.0,32.0,0.03,3.1,1
2019-04-15,165,STREET,1,04,2019,37.8,28.5,1014.7,8.5,7.7,12.0,22.0,52.0,30.9,0.32,2.0,0
2019-04-16,136,STREET,2,04,2019,56.0,41.8,1013.5,10.0,8.8,18.1,22.0,72.0,48.0,0.0,3.1,0
2019-04-17,152,STREET,3,04,2019,55.0,46.1,1011.5,8.5,9.0,19.0,27.0,77.0,44.1,0.0,999.9,0
2019-04-18,135,STREET,4,04,2019,58.5,50.3,1002.3,9.2,11.2,15.9,28.9,77.0,44.1,0.03,999.9,0
2019-04-19,143,STREET,5,04,2019,44.9,34.2,1009.3,10.0,20.6,28.9,40.0,64.9,41.0,0.28,999.9,0
2019-04-20,169,STREET,6,04,2019,49.5,20.7,1010.3,10.0,16.3,22.9,32.1,64.0,36.0,0.0,999.9,0
2019-04-21,147,STREET,7,04,2019,58.3,25.3,1013.4,10.0,5.9,13.0,21.0,77.0,36.0,0.0,999.9,0
2019-04-22,168,STREET,1,04,2019,68.1,42.0,1015.5,10.0,10.7,18.1,26.0,80.1,44.1,0.0,999.9,0
2019-04-23,165,STREET,2,04,2019,59.1,48.8,1013.7,9.7,10.1,17.1,25.1,80.1,48.9,0.02,999.9,0
2019-04-24,173,STREET,3,04,2019,52.7,38.4,1016.0,10.0,4.9,8.9,999.9,64.9,42.1,0.0,999.9,0
2019-04-25,175,STREET,4,04,2019,56.7,37.4,1008.9,10.0,4.1,8.9,999.9,66.9,42.1,0.0,999.9,0
2019-04-26,170,STREET,5,04,2019,55.6,38.0,1007.6,9.6,13.5,22.0,33.0,66.9,46.0,0.21,999.9,0
2019-04-27,141,STREET,6,04,2019,42.4,29.9,1013.0,7.2,8.3,21.0,999.9,63.0,32.0,0.02,2.0,1
2019-04-28,147,STREET,7,04,2019,39.1,27.2,1020.0,8.4,11.1,21.0,28.0,52.0,30.9,0.79,2.0,0
2019-04-29,146,STREET,1,04,2019,45.1,38.0,1018.7,6.9,8.3,18.1,28.0,52.0,31.1,0.54,999.9,0
2019-04-30,139,STREET,2,04,2019,44.4,42.6,1021.8,5.5,7.9,18.1,24.1,51.1,37.9,1.04,999.9,0
2019-05-01,142,STREET,3,05,2019,50.0,47.3,1014.7,6.9,8.9,14.0,22.0,57.9,39.0,2.06,999.9,0
2019-05-02,133,STREET,4,05,2019,44.3,42.4,1018.9,5.4,8.0,13.0,999.9,57.9,41.0,0.04,999.9,1
2019-05-03,172,STREET,5,05,2019,47.5,40.2,1018.9,9.5,10.2,15.9,21.0,55.0,39.9,0.61,999.9,0
2019-05-04,145,STREET,6,05,2019,49.5,38.1,1016.5,10.0,5.9,11.1,999.9,63.0,37.9,0.01,999.9,0
2019-05-05,191,STREET,7,05,2019,58.3,40.8,1012.0,10.0,5.0,11.1,17.1,73.0,37.9,0.0,999.9,0
2019-05-06,156,STREET,1,05,2019,59.3,47.7,1013.8,10.0,7.2,17.1,999.9,73.0,46.0,0.0,999.9,0
2019-05-07,123,STREET,2,05,2019,46.4,40.0,1022.1,9.4,12.0,17.1,25.1,50.0,44.1,0.47,999.9,0
2019-05-08,162,STREET,3,05,2019,50.1,38.7,1019.5,10.0,11.5,15.0,21.0,66.0,43.0,0.06,999.9,0
2019-05-09,147,STREET,4,05,2019,61.3,55.5,1007.2,7.4,9.8,19.0,28.0,68.0,46.0,1.05,999.9,0
2019-05-10,140,STREET,5,05,2019,49.6,38.2,1017.6,10.0,8.8,13.0,19.0,66.9,44.1,0.79,999.9,0
2019-05-11,156,STREET,6,05,2019,47.6,36.5,1020.2,9.9,6.4,9.9,999.9,57.9,44.1,0.0,999.9,0
2019-05-12,155,STREET,7,05,2019,46.2,37.5,1012.6,10.0,10.1,14.0,19.0,53.1,42.1,0.12,999.9,0
2019-05-13,181,STREET,1,05,2019,49.7,37.7,1012.1,9.9,7.5,12.0,999.9,61.0,42.1,0.05,999.9,0
2019-05-14,149,STREET,2,05,2019,54.3,37.1,1016.2,10.0,3.7,11.1,999.9,71.1,41.0,0.0,999.9,0
2019-05-15,164,STREET,3,05,2019,62.3,42.5,1014.3,10.0,4.6,11.1,999.9,75.0,41.0,0.0,999.9,0
2019-05-16,164,STREET,4,05,2019,66.3,54.8,1009.7,9.7,8.1,15.0,26.0,77.0,50.0,0.0,999.9,0
2019-05-17,163,STREET,5,05,2019,57.9,50.0,1009.6,9.9,9.0,22.0,31.1,77.0,46.0,0.45,999.9,0
2019-05-18,174,STREET,6,05,2019,55.7,47.4,1010.8,9.5,8.0,14.0,21.0,80.1,44.1,0.05,999.9,0
2019-05-19,184,STREET,7,05,2019,62.7,56.2,1003.6,8.3,10.7,22.0,36.9,80.1,44.1,0.48,999.9,0
2019-05-20,176,STREET,1,05,2019,53.3,43.1,1013.8,10.0,10.9,15.9,28.0,73.9,46.0,0.07,999.9,0
2019-05-21,118,STREET,2,05,2019,48.5,39.3,1019.6,9.5,10.5,20.0,31.1,57.0,45.0,0.01,999.9,0
2019-05-22,158,STREET,3,05,2019,61.4,50.1,1011.1,9.2,12.9,21.0,32.1,82.0,50.0,0.85,999.9,0
2019-05-23,176,STREET,4,05,2019,70.1,55.4,1013.7,9.6,12.1,20.0,28.0,82.0,48.9,0.14,999.9,0
2019-05-24,196,STREET,5,05,2019,62.3,51.8,1017.5,9.5,6.5,13.0,19.0,73.9,54.0,0.23,999.9,0
2019-05-25,213,STREET,6,05,2019,73.6,62.7,1012.0,10.0,9.4,15.9,28.9,81.0,54.0,0.03,999.9,0
2019-05-26,209,STREET,7,05,2019,70.0,57.6,1015.3,10.0,5.5,12.0,999.9,81.0,63.0,0.0,999.9,0
2019-05-27,171,STREET,1,05,2019,61.2,51.4,1015.3,8.9,6.1,21.0,31.1,73.9,53.1,0.0,999.9,0
2019-05-28,150,STREET,2,05,2019,64.5,60.1,1005.8,9.6,7.8,29.9,39.0,73.0,53.1,1.92,999.9,0
2019-05-29,144,STREET,3,05,2019,59.5,54.6,1007.6,8.2,7.0,18.1,26.0,75.0,52.0,0.7,999.9,0
2019-05-30,161,STREET,4,05,2019,66.0,57.0,1007.2,9.6,6.2,14.0,20.0,78.1,52.0,0.22,999.9,0
2019-05-31,179,STREET,5,05,2019,70.5,57.9,1009.9,10.0,6.5,15.0,21.0,81.0,60.1,0.0,999.9,0
2019-06-01,187,STREET,6,06,2019,71.0,60.3,1008.0,10.0,8.8,21.0,34.0,81.0,61.0,0.0,999.9,0
2019-06-02,171,STREET,7,06,2019,60.1,46.6,1011.9,9.9,7.3,13.0,18.1,80.1,52.0,0.0,999.9,0
2019-06-03,152,STREET,1,06,2019,57.8,38.2,1018.4,10.0,7.6,11.1,999.9,70.0,48.9,0.0,999.9,0
2019-06-04,162,STREET,2,06,2019,64.2,49.1,1015.0,9.6,8.4,17.1,22.9,82.0,48.9,0.0,999.9,0
2019-06-05,175,STREET,3,06,2019,74.4,63.8,1006.4,9.9,7.7,18.1,29.9,82.9,55.9,0.58,999.9,0
2019-06-06,143,STREET,4,06,2019,65.5,58.6,1011.2,7.9,6.4,13.0,999.9,82.9,57.0,0.29,999.9,0
2019-06-07,177,STREET,5,06,2019,66.2,57.0,1013.9,9.2,7.2,13.0,18.1,78.1,55.0,0.0,999.9,1
2019-06-08,213,STREET,6,06,2019,67.0,52.3,1015.1,10.0,8.6,13.0,22.0,78.1,55.0,0.0,999.9,0
2019-06-09,206,STREET,7,06,2019,68.8,57.7,1013.9,9.6,6.5,8.9,999.9,75.9,57.0,0.0,999.9,0
2019-06-10,167,STREET,1,06,2019,66.7,52.8,1016.8,9.1,11.4,19.0,28.9,75.0,60.1,0.0,999.9,0
2019-06-11,178,STREET,2,06,2019,68.8,43.8,1020.3,10.0,6.5,12.0,17.1,82.0,57.0,0.0,999.9,0
2019-06-12,145,STREET,3,06,2019,67.4,48.1,1013.2,9.7,8.3,18.1,27.0,82.0,57.0,0.0,999.9,0
2019-06-13,162,STREET,4,06,2019,57.9,47.6,1011.1,9.7,12.6,19.0,28.0,71.1,51.1,0.8,999.9,0
2019-06-14,171,STREET,5,06,2019,64.8,43.6,1014.9,10.0,10.9,21.0,35.0,80.1,51.1,0.05,999.9,0
2019-06-15,194,STREET,6,06,2019,66.5,56.9,1009.0,9.5,10.0,21.0,35.9,80.1,52.0,0.05,999.9,0
2019-06-16,176,STREET,7,06,2019,57.0,55.0,1009.4,4.7,7.1,13.0,999.9,70.0,54.0,0.09,999.9,0
2019-06-17,160,STREET,1,06,2019,59.0,52.6,1014.7,9.8,7.8,13.0,999.9,66.9,54.0,0.07,999.9,0
2019-06-18,154,STREET,2,06,2019,63.9,55.9,1014.0,7.3,3.7,7.0,999.9,78.1,54.0,0.0,999.9,1
2019-06-19,183,STREET,3,06,2019,66.6,56.3,1008.6,9.5,5.8,13.0,999.9,78.1,54.0,0.0,999.9,0
2019-06-20,138,STREET,4,06,2019,60.0,56.4,1005.4,8.2,11.0,15.9,999.9,69.1,55.4,0.42,999.9,0
2019-06-21,177,STREET,5,06,2019,62.8,48.8,1014.4,10.0,5.4,12.0,999.9,72.0,52.0,0.04,999.9,0
2019-06-22,215,STREET,6,06,2019,66.5,52.9,1015.8,10.0,8.8,18.1,26.0,79.0,52.0,0.0,999.9,0
2019-06-23,212,STREET,7,06,2019,73.1,62.8,1012.8,9.7,9.2,14.0,25.1,81.0,57.9,0.03,999.9,0
2019-06-24,176,STREET,1,06,2019,71.3,67.1,1003.6,9.3,7.6,17.1,33.0,81.0,63.0,0.35,999.9,0
2019-06-25,164,STREET,2,06,2019,72.0,59.1,1008.5,10.0,10.4,22.0,42.0,84.9,62.1,0.17,999.9,0
2019-06-26,169,STREET,3,06,2019,78.2,60.6,1014.8,10.0,5.4,11.1,999.9,89.1,62.1,0.14,999.9,0
2019-06-27,165,STREET,4,06,2019,77.2,65.5,1019.3,9.9,5.5,19.0,31.1,89.1,68.0,0.15,999.9,0
2019-06-28,216,STREET,5,06,2019,75.7,66.0,1019.2,10.0,8.0,22.9,29.9,90.0,68.0,0.02,999.9,0
2019-06-29,192,STREET,6,06,2019,78.4,66.9,1018.1,10.0,4.3,9.9,999.9,90.0,69.1,0.01,999.9,0
2019-06-30,197,STREET,7,06,2019,77.7,65.1,1016.6,10.0,4.7,39.0,52.1,91.0,69.1,0.0,999.9,0
2019-07-01,195,STREET,1,07,2019,77.1,67.5,1015.0,10.0,6.1,12.0,21.0,91.0,69.1,0.2,999.9,0
2019-07-02,163,STREET,2,07,2019,83.9,70.0,1011.7,10.0,7.4,20.0,25.1,91.9,69.1,0.0,999.9,0
2019-07-03,169,STREET,3,07,2019,77.6,68.7,1011.6,9.7,6.3,15.0,21.0,91.9,69.1,0.42,999.9,0
2019-07-04,205,STREET,4,07,2019,78.1,67.7,1013.1,9.8,7.1,13.0,18.1,91.0,69.1,0.41,999.9,0
2019-07-05,204,STREET,5,07,2019,81.4,69.1,1014.4,9.7,6.6,11.1,34.0,91.0,70.0,0.0,999.9,0
2019-07-06,189,STREET,6,07,2019,77.7,68.5,1015.0,9.8,8.0,20.0,27.0,91.0,72.0,0.47,999.9,0
2019-07-07,174,STREET,7,07,2019,70.2,58.1,1016.7,10.0,13.0,19.0,20.0,82.9,64.9,0.0,999.9,0
2019-07-08,193,STREET,1,07,2019,70.8,53.2,1017.3,10.0,7.0,14.0,999.9,82.9,60.1,0.0,999.9,0
2019-07-09,165,STREET,2,07,2019,74.2,57.5,1016.0,10.0,5.4,11.1,20.0,88.0,60.1,0.0,999.9,0
2019-07-10,188,STREET,3,07,2019,83.4,66.1,1012.2,10.0,8.9,15.0,22.0,93.9,61.0,0.01,999.9,0
2019-07-11,156,STREET,4,07,2019,77.5,61.6,1012.0,10.0,7.4,12.0,19.0,93.9,70.0,0.0,999.9,0
2019-07-12,166,STREET,5,07,2019,71.8,55.7,1014.5,10.0,5.2,9.9,15.0,87.1,59.0,0.0,999.9,0
2019-07-13,217,STREET,6,07,2019,81.9,63.2,1013.9,10.0,8.0,13.0,20.0,93.9,59.0,0.0,999.9,0
2019-07-14,202,STREET,7,07,2019,79.4,62.5,1018.1,10.0,7.0,13.0,999.9,93.9,70.0,0.0,999.9,0
2019-07-15,172,STREET,1,07,2019,81.0,65.1,1016.8,10.0,8.7,17.1,28.9,91.9,70.0,0.0,999.9,0
2019-07-16,175,STREET,2,07,2019,77.2,67.3,1013.2,9.7,6.9,13.0,22.0,91.9,71.1,0.0,999.9,0
2019-07-17,161,STREET,3,07,2019,80.5,70.7,1011.6,9.7,4.3,12.0,35.9,91.9,71.1,0.05,999.9,0
2019-07-18,173,STREET,4,07,2019,77.4,71.2,1010.0,8.6,7.7,20.0,29.9,91.9,71.1,0.47,999.9,0
2019-07-19,184,STREET,5,07,2019,85.5,75.7,1008.5,10.0,9.6,13.0,20.0,93.0,73.9,1.36,999.9,0
2019-07-20,207,STREET,6,07,2019,85.0,73.7,1009.9,10.0,11.2,25.1,32.1,95.0,73.0,0.02,999.9,0
2019-07-21,175,STREET,7,07,2019,73.6,66.4,1012.5,9.5,10.0,18.1,22.9,78.1,68.0,0.79,999.9,0
2019-07-22,167,STREET,1,07,2019,70.3,54.2,1016.3,10.0,12.6,18.1,28.0,79.0,64.9,0.03,999.9,0
2019-07-23,177,STREET,2,07,2019,69.9,54.3,1018.6,10.0,6.5,12.0,19.0,80.1,62.1,0.0,999.9,0
2019-07-24,171,STREET,3,07,2019,71.2,53.3,1020.3,10.0,4.6,8.9,15.9,81.0,62.1,0.0,999.9,0
2019-07-25,167,STREET,4,07,2019,73.3,51.3,1021.2,10.0,4.0,8.0,999.9,84.9,62.1,0.0,999.9,0
2019-07-26,200,STREET,5,07,2019,75.6,59.0,1021.3,10.0,7.3,13.0,19.0,84.9,63.0,0.0,999.9,0
2019-07-27,181,STREET,6,07,2019,79.7,62.4,1018.7,10.0,11.7,18.1,28.0,89.1,66.9,0.0,999.9,0
2019-07-28,219,STREET,7,07,2019,81.1,64.7,1016.6,10.0,10.0,15.0,24.1,89.1,71.1,0.0,999.9,0
2019-07-29,178,STREET,1,07,2019,77.3,67.1,1011.7,9.2,8.9,21.0,32.1,89.1,70.0,0.09,999.9,0
2019-07-30,174,STREET,2,07,2019,73.2,61.2,1014.3,10.0,6.1,11.1,15.0,82.0,66.9,0.23,999.9,0
2019-07-31,178,STREET,3,07,2019,68.6,55.6,1020.3,10.0,7.9,13.0,19.0,78.1,59.0,0.0,999.9,0
2019-08-01,184,STREET,4,08,2019,68.5,54.9,1021.6,10.0,6.2,9.9,999.9,80.1,57.0,0.0,999.9,0
2019-08-02,179,STREET,5,08,2019,72.0,57.1,1020.7,10.0,5.4,9.9,999.9,82.9,57.0,0.0,999.9,0
2019-08-03,188,STREET,6,08,2019,75.4,55.9,1018.4,10.0,3.0,7.0,999.9,89.1,61.0,0.0,999.9,0
2019-08-04,212,STREET,7,08,2019,78.7,61.5,1016.6,10.0,4.6,8.9,999.9,89.1,63.0,0.0,999.9,0
2019-08-05,178,STREET,1,08,2019,78.8,63.3,1014.4,10.0,5.4,14.0,22.0,90.0,70.0,0.0,999.9,0
2019-08-06,180,STREET,2,08,2019,76.1,63.5,1009.1,10.0,7.8,15.0,18.1,90.0,66.9,0.01,999.9,0
2019-08-07,181,STREET,3,08,2019,76.7,61.6,1009.7,10.0,5.3,12.0,18.1,88.0,66.0,0.0,999.9,0
2019-08-08,181,STREET,4,08,2019,79.1,59.6,1009.1,10.0,9.4,18.1,26.0,88.0,66.0,0.01,999.9,0
2019-08-09,177,STREET,5,08,2019,72.7,52.0,1013.1,9.9,5.8,12.0,15.0,87.1,62.1,0.0,999.9,0
2019-08-10,203,STREET,6,08,2019,74.2,55.9,1015.2,10.0,4.3,9.9,999.9,86.0,62.1,0.0,999.9,0
2019-08-11,216,STREET,7,08,2019,74.4,59.7,1015.4,10.0,7.2,12.0,18.1,86.0,66.9,0.0,999.9,0
2019-08-12,155,STREET,1,08,2019,76.0,69.0,1011.7,9.2,4.0,8.0,999.9,84.0,68.0,0.0,999.9,0
2019-08-13,172,STREET,2,08,2019,75.2,68.3,1009.5,7.4,5.3,12.0,22.0,86.0,70.0,0.5,999.9,0
2019-08-14,172,STREET,3,08,2019,71.9,64.8,1012.6,9.9,5.2,15.0,999.9,86.0,66.0,0.19,999.9,0
2019-08-15,181,STREET,4,08,2019,70.1,60.4,1014.9,10.0,8.5,14.0,999.9,82.9,63.0,0.0,999.9,0
2019-08-16,180,STREET,5,08,2019,71.8,60.1,1013.4,10.0,6.2,12.0,21.0,84.0,63.0,0.0,999.9,0
2019-08-17,193,STREET,6,08,2019,73.3,65.8,1011.5,9.7,4.2,12.0,999.9,84.0,64.0,0.0,999.9,0
2019-08-18,169,STREET,7,08,2019,73.5,67.1,1010.0,9.3,7.9,19.0,29.9,82.0,66.9,0.18,999.9,1
2019-08-19,180,STREET,1,08,2019,75.6,66.0,1014.1,10.0,3.5,8.9,999.9,84.9,68.0,0.86,999.9,0
2019-08-20,166,STREET,2,08,2019,74.3,69.8,1014.8,8.6,3.7,15.0,22.9,84.9,68.0,0.0,999.9,0
2019-08-21,153,STREET,3,08,2019,73.1,66.9,1013.8,10.0,4.7,12.0,19.0,82.9,64.9,0.35,999.9,0
2019-08-22,166,STREET,4,08,2019,71.4,60.1,1015.2,10.0,8.1,15.9,22.9,82.9,64.0,0.02,999.9,0
2019-08-23,181,STREET,5,08,2019,67.6,52.8,1020.6,10.0,9.2,15.9,19.0,75.9,57.9,0.0,999.9,0
2019-08-24,194,STREET,6,08,2019,66.8,52.5,1023.9,10.0,7.6,15.9,20.0,75.0,57.9,0.0,999.9,0
2019-08-25,179,STREET,7,08,2019,68.6,52.9,1020.1,10.0,7.5,14.0,21.0,78.1,60.1,0.0,999.9,0
2019-08-26,171,STREET,1,08,2019,70.2,63.1,1011.0,8.9,8.9,15.9,24.1,78.1,61.0,0.05,999.9,0
2019-08-27,179,STREET,2,08,2019,71.6,62.9,1008.0,10.0,8.8,13.0,22.0,79.0,64.9,1.35,999.9,0
2019-08-28,167,STREET,3,08,2019,68.2,52.1,1012.4,10.0,10.9,21.0,33.0,79.0,59.0,0.0,999.9,0
2019-08-29,188,STREET,4,08,2019,69.8,56.3,1013.1,10.0,9.8,18.1,29.9,84.0,57.9,0.0,999.9,0
2019-08-30,177,STREET,5,08,2019,69.6,52.7,1016.6,10.0,6.6,15.0,22.0,84.0,57.9,0.0,999.9,0
2019-08-31,196,STREET,6,08,2019,66.9,51.9,1023.8,10.0,7.6,15.0,999.9,75.0,59.0,0.0,999.9,0
2019-09-01,214,STREET,7,09,2019,66.9,60.3,1020.7,9.8,5.3,12.0,999.9,75.0,62.1,0.45,999.9,0
2019-09-02,174,STREET,1,09,2019,70.0,61.5,1018.4,9.2,4.7,9.9,999.9,82.0,61.0,0.34,999.9,0
2019-09-03,144,STREET,2,09,2019,72.3,65.1,1013.5,9.8,9.5,24.1,35.9,82.0,61.0,0.05,999.9,0
2019-09-04,129,STREET,3,09,2019,67.6,57.0,1016.0,10.0,8.5,11.1,24.1,80.1,59.0,0.17,999.9,0
2019-09-05,103,STREET,4,09,2019,63.9,52.2,1020.8,10.0,4.4,8.9,999.9,73.9,55.9,0.0,999.9,0
2019-09-06,173,STREET,5,09,2019,67.3,57.7,1013.8,10.0,9.0,15.0,20.0,73.9,55.9,0.0,999.9,0
2019-09-07,175,STREET,6,09,2019,66.3,55.9,1016.7,10.0,7.5,13.0,19.0,78.1,55.9,0.0,999.9,0
2019-09-08,160,STREET,7,09,2019,65.1,55.4,1018.4,9.9,7.7,12.0,999.9,78.1,55.9,0.0,999.9,0
2019-09-09,161,STREET,1,09,2019,66.5,58.5,1020.7,10.0,6.2,9.9,999.9,75.9,62.1,0.04,999.9,0
2019-09-10,138,STREET,2,09,2019,78.0,66.5,1017.3,10.0,9.4,15.9,26.0,90.0,62.1,0.01,999.9,0
2019-09-11,151,STREET,3,09,2019,80.5,70.4,1017.9,9.9,6.6,13.0,22.9,90.0,71.1,0.0,999.9,0
2019-09-12,170,STREET,4,09,2019,71.9,66.8,1017.5,7.4,7.3,19.0,31.1,89.1,63.0,0.47,999.9,0
2019-09-13,185,STREET,5,09,2019,72.7,65.4,1016.0,9.4,10.2,21.0,32.1,78.1,64.9,1.35,999.9,0
2019-09-14,192,STREET,6,09,2019,66.7,55.1,1021.0,10.0,7.1,15.0,19.0,80.1,55.9,0.0,999.9,0
2019-09-15,178,STREET,7,09,2019,70.6,62.7,1017.9,9.2,8.7,14.0,22.9,80.1,55.9,0.47,999.9,0
2019-09-16,169,STREET,1,09,2019,71.2,66.8,1018.2,7.7,5.2,11.1,999.9,78.1,63.0,0.02,999.9,0
2019-09-17,167,STREET,2,09,2019,69.3,63.2,1020.5,8.8,6.0,8.9,999.9,78.1,64.0,0.0,999.9,0
2019-09-18,141,STREET,3,09,2019,70.9,61.0,1019.3,10.0,6.0,11.1,999.9,82.0,62.1,0.0,999.9,0
2019-09-19,175,STREET,4,09,2019,72.2,58.8,1018.0,10.0,4.9,11.1,999.9,82.9,62.1,0.0,999.9,0
2019-09-20,158,STREET,5,09,2019,74.1,64.4,1018.6,9.5,3.5,8.0,999.9,84.0,63.0,0.01,999.9,0
2019-09-21,182,STREET,6,09,2019,75.1,67.0,1018.1,9.7,8.7,15.9,26.0,84.0,68.0,0.0,999.9,0
2019-09-22,134,STREET,7,09,2019,72.2,67.5,1013.4,8.3,10.4,17.1,27.0,78.1,69.1,0.33,999.9,0
2019-09-23,159,STREET,1,09,2019,66.7,57.7,1014.1,9.4,8.4,17.1,22.9,77.0,59.0,1.31,999.9,0
2019-09-24,151,STREET,2,09,2019,66.9,54.5,1014.5,10.0,8.2,15.0,22.9,79.0,57.9,0.0,999.9,0
2019-09-25,149,STREET,3,09,2019,70.3,55.9,1007.1,10.0,12.5,17.1,27.0,79.0,57.9,0.0,999.9,0
2019-09-26,144,STREET,4,09,2019,65.5,45.8,1012.1,10.0,8.5,12.0,20.0,79.0,55.9,0.0,999.9,0
2019-09-27,146,STREET,5,09,2019,63.3,49.2,1010.4,9.3,8.4,15.0,26.0,72.0,55.9,0.0,999.9,0
2019-09-28,165,STREET,6,09,2019,61.3,59.1,1016.3,6.4,11.2,18.1,25.1,69.1,54.0,2.45,999.9,0
2019-09-29,172,STREET,7,09,2019,60.9,57.9,1021.2,9.1,9.1,15.0,19.0,66.0,53.1,0.53,999.9,0
2019-09-30,150,STREET,1,09,2019,71.2,65.9,1016.5,6.1,5.9,14.0,21.0,84.9,60.1,0.06,999.9,1
2019-10-01,169,STREET,2,10,2019,78.6,67.3,1013.0,9.9,8.5,11.1,17.1,86.0,64.9,0.0,999.9,0
2019-10-02,140,STREET,3,10,2019,65.9,61.9,1011.8,6.5,10.4,15.0,21.0,82.9,57.2,0.08,999.9,0
2019-10-03,135,STREET,4,10,2019,60.7,56.3,1016.0,7.5,8.9,15.0,24.1,69.1,57.0,2.25,999.9,0
2019-10-04,164,STREET,5,10,2019,51.8,45.1,1026.5,10.0,9.5,17.1,20.0,57.0,46.0,0.57,999.9,0
2019-10-05,211,STREET,6,10,2019,54.6,46.3,1022.0,9.5,7.6,12.0,15.9,63.0,45.0,0.0,999.9,0
2019-10-06,161,STREET,7,10,2019,58.6,47.2,1016.6,10.0,8.9,14.0,24.1,66.9,48.0,0.27,999.9,0
2019-10-07,141,STREET,1,10,2019,58.6,43.0,1020.8,10.0,8.1,14.0,21.0,69.1,48.0,0.0,999.9,0
2019-10-08,147,STREET,2,10,2019,57.1,43.2,1022.6,10.0,2.4,8.9,999.9,70.0,46.0,0.0,999.9,0
2019-10-09,139,STREET,3,10,2019,59.8,44.3,1020.6,10.0,6.7,11.1,999.9,70.0,46.0,0.0,999.9,0
2019-10-10,121,STREET,4,10,2019,61.6,52.1,1017.5,10.0,7.0,11.1,17.1,70.0,50.0,0.0,999.9,0
2019-10-11,171,STREET,5,10,2019,59.7,55.2,1012.2,9.0,9.7,17.1,25.1,69.1,42.1,0.2,999.9,0
2019-10-12,189,STREET,6,10,2019,42.7,26.6,1015.4,9.7,12.9,19.0,32.1,66.9,35.1,0.58,999.9,0
2019-10-13,195,STREET,7,10,2019,45.4,31.9,1010.2,10.0,9.8,18.1,28.0,54.0,36.0,0.0,999.9,0
2019-10-14,149,STREET,1,10,2019,44.7,31.8,1016.6,10.0,7.1,13.0,19.0,54.0,37.0,0.0,999.9,0
2019-10-15,158,STREET,2,10,2019,50.0,40.6,1013.7,9.7,7.0,14.0,26.0,62.6,41.0,0.0,999.9,0
2019-10-16,182,STREET,3,10,2019,48.8,37.0,1011.0,10.0,14.1,22.9,36.9,62.1,41.0,0.0,999.9,0
2019-10-17,150,STREET,4,10,2019,46.0,36.4,1016.6,10.0,5.8,8.0,15.0,54.0,41.0,0.0,999.9,0
2019-10-18,161,STREET,5,10,2019,46.8,38.5,1017.2,10.0,4.8,11.1,17.1,59.0,37.9,0.0,999.9,0
2019-10-19,145,STREET,6,10,2019,53.4,40.4,1010.5,10.0,7.6,12.0,20.0,68.0,37.9,0.0,999.9,0
2019-10-20,187,STREET,7,10,2019,56.3,47.6,1010.2,9.9,5.3,8.9,999.9,68.0,44.1,0.0,999.9,0
2019-10-21,147,STREET,1,10,2019,56.2,50.9,1003.0,6.7,11.9,22.9,35.9,66.9,48.2,0.0,999.9,1
2019-10-22,162,STREET,2,10,2019,50.0,38.8,1001.3,10.0,15.5,22.0,39.0,66.9,46.0,0.05,999.9,0
2019-10-23,164,STREET,3,10,2019,47.5,33.7,1011.3,10.0,9.0,17.1,26.0,57.9,39.0,0.01,999.9,0
2019-10-24,151,STREET,4,10,2019,47.1,39.0,1021.6,10.0,6.3,15.0,999.9,57.9,39.9,0.02,999.9,0
2019-10-25,171,STREET,5,10,2019,44.5,34.1,1027.1,10.0,3.9,6.0,999.9,50.0,42.1,0.0,999.9,0
2019-10-26,114,STREET,6,10,2019,42.1,37.6,1018.0,7.4,6.7,21.0,26.0,48.2,36.0,0.0,999.9,0
2019-10-27,164,STREET,7,10,2019,48.6,42.0,1008.1,7.3,12.3,22.0,29.9,57.9,36.0,2.22,999.9,0
2019-10-28,143,STREET,1,10,2019,47.1,41.2,1016.5,9.9,3.6,7.0,999.9,57.9,41.0,0.04,999.9,0
2019-10-29,126,STREET,2,10,2019,40.3,36.3,1021.1,8.4,7.0,15.0,24.1,48.9,35.1,0.15,999.9,0
2019-10-30,133,STREET,3,10,2019,36.5,32.4,1024.1,6.3,7.8,15.9,25.1,45.0,32.0,0.27,1.2,0
2019-10-31,109,STREET,4,10,2019,33.4,31.7,1012.8,2.9,14.7,20.0,28.9,41.0,30.0,0.46,3.1,1
2019-11-01,134,STREET,5,11,2019,30.9,23.6,1021.6,9.6,8.3,14.0,21.0,44.1,23.0,0.11,2.0,0
2019-11-02,135,STREET,6,11,2019,38.0,31.3,1020.1,9.3,9.3,15.0,31.1,44.1,23.2,0.01,2.0,0
2019-11-03,187,STREET,7,11,2019,38.8,28.3,1019.7,10.0,7.4,14.0,25.1,53.1,30.0,0.0,999.9,0
2019-11-04,118,STREET,1,11,2019,47.6,34.7,1013.5,10.0,8.8,13.0,21.0,53.1,30.2,0.0,999.9,0
2019-11-05,122,STREET,2,11,2019,37.7,25.3,1022.6,10.0,8.2,13.0,22.9,51.1,32.0,0.0,999.9,0
2019-11-06,118,STREET,3,11,2019,38.6,24.7,1026.1,10.0,6.5,15.9,28.9,55.0,30.0,0.0,999.9,0
2019-11-07,140,STREET,4,11,2019,28.3,18.7,1030.0,9.1,11.1,17.1,21.0,37.0,21.9,0.01,999.9,0
2019-11-08,152,STREET,5,11,2019,23.0,8.1,1032.2,10.0,6.6,11.1,999.9,32.0,16.0,0.0,999.9,0
2019-11-09,135,STREET,6,11,2019,33.6,16.8,1018.7,10.0,9.4,15.0,21.0,46.0,16.0,0.0,999.9,0
2019-11-10,152,STREET,7,11,2019,40.6,30.9,1014.6,9.5,6.2,11.1,999.9,46.0,27.1,0.0,999.9,0
2019-11-11,97,STREET,1,11,2019,28.1,24.6,1022.7,3.7,13.2,22.0,28.9,43.0,19.9,0.18,3.1,0
2019-11-12,90,STREET,2,11,2019,13.4,1.9,1031.6,10.0,11.2,17.1,25.1,33.1,7.0,0.04,3.1,0
2019-11-13,116,STREET,3,11,2019,15.7,3.7,1025.8,10.0,9.1,15.0,24.1,25.0,7.0,0.0,2.0,0
2019-11-14,116,STREET,4,11,2019,27.1,19.9,1022.0,9.3,6.3,11.1,15.9,30.0,10.9,0.01,2.0,0
2019-11-15,179,STREET,5,11,2019,27.1,20.2,1027.6,9.3,5.9,9.9,999.9,37.9,21.9,0.0,1.2,0
2019-11-16,153,STREET,6,11,2019,32.8,26.6,1029.4,8.1,4.5,8.9,999.9,42.1,21.9,0.0,1.2,0
2019-11-17,162,STREET,7,11,2019,32.9,26.6,1019.4,9.7,6.2,8.0,999.9,42.1,26.1,0.0,1.2,0
2019-11-18,128,STREET,1,11,2019,36.7,33.5,1009.6,5.7,4.3,8.0,999.9,39.9,27.1,0.04,999.9,0
2019-11-19,147,STREET,2,11,2019,37.2,32.0,1009.1,8.2,3.2,7.0,999.9,41.0,34.0,0.0,999.9,0
2019-11-20,142,STREET,3,11,2019,40.8,37.3,1019.2,6.7,3.5,11.1,999.9,46.9,35.1,0.01,999.9,0
2019-11-21,133,STREET,4,11,2019,46.5,41.9,1012.6,8.8,12.7,22.0,36.9,54.0,37.9,0.26,999.9,0
2019-11-22,160,STREET,5,11,2019,36.0,26.8,1019.7,10.0,8.2,14.0,25.1,54.0,28.9,0.42,999.9,0
2019-11-23,165,STREET,6,11,2019,31.0,25.0,1014.0,10.0,4.5,8.9,999.9,39.9,24.1,0.0,999.9,0
2019-11-24,156,STREET,7,11,2019,38.0,30.2,1005.3,10.0,7.9,11.1,999.9,50.0,24.3,0.0,999.9,0
2019-11-25,148,STREET,1,11,2019,44.5,36.3,1002.4,10.0,6.8,9.9,999.9,53.1,32.0,0.0,999.9,0
2019-11-26,147,STREET,2,11,2019,41.2,34.3,1007.8,9.8,5.8,14.0,999.9,53.1,32.0,0.0,999.9,0
2019-11-27,127,STREET,3,11,2019,44.4,39.6,1001.1,7.6,16.1,31.1,46.0,55.0,33.1,0.62,999.9,0
2019-11-28,111,STREET,4,11,2019,33.8,25.2,1028.7,10.0,9.6,20.0,28.9,36.0,30.9,0.25,999.9,0
2019-11-29,120,STREET,5,11,2019,35.7,32.8,1028.6,8.6,5.5,8.9,999.9,39.9,31.1,0.0,999.9,0
2019-11-30,138,STREET,6,11,2019,37.3,34.2,1013.8,7.0,10.4,22.0,32.1,39.9,33.1,0.03,999.9,0
2019-12-01,164,STREET,7,12,2019,39.3,37.6,996.4,5.6,8.0,20.0,28.0,41.0,34.0,0.34,999.9,0
2019-12-02,139,STREET,1,12,2019,31.7,26.5,1013.4,9.4,11.3,15.9,22.9,41.0,28.9,0.11,999.9,0
2019-12-03,145,STREET,2,12,2019,32.4,26.2,1011.0,9.9,9.1,14.0,22.0,39.9,28.9,0.0,999.9,0
2019-12-04,157,STREET,3,12,2019,36.7,28.1,1004.2,10.0,11.4,20.0,29.9,43.0,29.1,0.0,999.9,0
2019-12-05,141,STREET,4,12,2019,35.7,27.9,1014.7,10.0,5.8,11.1,999.9,45.0,27.0,0.0,999.9,0
2019-12-06,147,STREET,5,12,2019,38.5,29.6,1019.7,10.0,9.8,20.0,28.9,45.0,29.1,0.0,999.9,0
2019-12-07,158,STREET,6,12,2019,30.7,23.8,1028.2,10.0,5.3,9.9,999.9,42.1,25.0,0.0,999.9,0
2019-12-08,149,STREET,7,12,2019,38.5,30.7,1016.3,8.9,10.3,15.0,22.9,46.9,25.2,0.0,999.9,0
2019-12-09,135,STREET,1,12,2019,45.8,43.3,1003.1,6.6,7.3,21.0,32.1,46.9,34.0,0.05,999.9,0
2019-12-10,128,STREET,2,12,2019,22.0,13.2,1016.1,9.8,12.5,20.0,31.1,46.9,14.0,0.0,999.9,0
2019-12-11,101,STREET,3,12,2019,17.9,7.4,1029.4,9.4,8.6,14.0,22.9,24.1,12.9,0.0,999.9,0
2019-12-12,127,STREET,4,12,2019,28.0,18.2,1027.8,9.8,8.3,15.0,27.0,45.0,12.9,0.0,999.9,0
2019-12-13,162,STREET,5,12,2019,39.7,27.5,1014.8,10.0,6.8,11.1,20.0,45.0,36.0,0.0,999.9,0
2019-12-14,162,STREET,6,12,2019,32.8,28.0,1007.8,7.7,5.1,15.9,22.9,45.0,27.0,0.0,999.9,0
2019-12-15,128,STREET,7,12,2019,23.5,15.2,1016.7,9.8,7.3,14.0,25.1,35.1,19.0,0.0,999.9,0
2019-12-16,100,STREET,1,12,2019,26.0,20.1,1021.5,8.3,4.7,8.0,999.9,30.2,24.1,0.01,999.9,0
2019-12-17,137,STREET,2,12,2019,24.9,18.7,1020.2,10.0,8.4,14.0,22.9,30.0,19.0,0.0,999.9,0
2019-12-18,122,STREET,3,12,2019,19.9,7.4,1023.9,9.9,9.1,15.9,22.0,28.9,10.0,0.0,999.9,0
2019-12-19,138,STREET,4,12,2019,22.9,8.8,1026.2,10.0,8.2,15.0,22.0,35.1,14.0,0.0,999.9,0
2019-12-20,149,STREET,5,12,2019,29.9,24.6,1029.0,7.2,3.5,8.9,999.9,41.0,15.1,0.0,999.9,0
2019-12-21,165,STREET,6,12,2019,37.5,28.5,1027.6,10.0,6.9,9.9,999.9,46.9,23.2,0.0,999.9,0
2019-12-22,170,STREET,7,12,2019,39.7,30.6,1024.2,10.0,7.8,12.0,20.0,52.0,33.1,0.0,999.9,0
2019-12-23,146,STREET,1,12,2019,42.0,31.8,1018.5,10.0,7.7,11.1,19.0,52.0,33.1,0.0,999.9,0
2019-12-24,121,STREET,2,12,2019,39.8,35.0,1017.7,5.8,5.7,13.0,21.0,55.0,30.0,0.0,999.9,1
2019-12-25,104,STREET,3,12,2019,47.5,39.7,1012.3,10.0,7.5,13.0,20.0,57.0,30.2,0.0,999.9,0
2019-12-26,118,STREET,4,12,2019,55.6,48.0,1012.4,10.0,10.2,12.0,26.0,61.0,37.0,0.0,999.9,0
2019-12-27,161,STREET,5,12,2019,36.9,31.7,1021.5,9.5,7.7,13.0,21.0,61.0,32.0,0.0,999.9,0
2019-12-28,161,STREET,6,12,2019,34.1,30.0,1022.9,6.5,4.5,9.9,999.9,44.1,27.0,0.0,999.9,0
2019-12-29,131,STREET,7,12,2019,51.9,49.0,1006.1,7.4,8.9,15.0,25.1,57.2,44.1,0.94,999.9,0
2019-12-30,120,STREET,1,12,2019,38.4,34.7,998.6,8.1,12.2,20.0,32.1,53.1,28.4,0.31,999.9,0
2019-12-31,123,STREET,2,12,2019,26.3,20.8,1004.8,7.1,15.2,26.0,36.9,30.0,24.1,0.13,1.2,0
2020-01-01,151,STREET,3,01,2020,28.3,21.8,1008.6,10.0,9.2,15.9,25.1,42.1,21.0,0.08,2.0,0
2020-01-02,132,STREET,4,01,2020,41.7,30.7,1001.3,10.0,12.5,17.1,27.0,48.0,37.0,0.0,999.9,0
2020-01-03,159,STREET,5,01,2020,38.4,32.9,1007.6,10.0,5.3,8.9,999.9,48.0,34.0,0.0,999.9,0
2020-01-04,132,STREET,6,01,2020,31.8,25.6,1014.1,8.5,7.6,12,17.1,41.0,28.9,0.03,1.2,1
2020-01-05,141,STREET,7,01,2020,30.7,23.9,1017.2,9.9,10.1,18.1,32.1,42.1,24.1,0.0,1.2,0
2020-01-06,133,STREET,1,01,2020,33.8,22.3,1018.9,10.0,10.1,19,32.1,42.1,24.3,0.0,999.9,0
2020-01-07,131,STREET,2,01,2020,33.9,22.3,1016.5,10.0,7.6,13,19.0,42.1,28.0,0.0,999.9,0
2020-01-08,141,STREET,3,01,2020,23.9,9.5,1024.3,10.0,10.7,18.1,27.0,39.9,14.0,0.0,999.9,0
2020-01-09,145,STREET,4,01,2020,32.0,21.4,1021.7,9.9,11.9,19,29.9,50.0,17.1,0.0,999.9,1
2020-01-10,110,STREET,5,01,2020,46.2,43.1,1016.3,5.8,10.8,19,32.1,50.0,23.2,0.03,999.9,1
2020-01-11,108,STREET,6,01,2020,34.3,32.7,1011.5,3.2,21,29.9,45.1,50.0,28.9,1.14,1.2,1
2020-01-12,117,STREET,7,01,2020,26.4,22.3,1023.0,7.6,8.7,24.1,38.1,37.0,23.0,0.06,2.0,1
2020-01-13,138,STREET,1,01,2020,31.1,26.8,1025.3,8.4,7,12,19.0,32.0,23.0,0.0,2.0,1
2020-01-14,150,STREET,2,01,2020,34.7,30.7,1021.1,8.2,8.5,14,24.1,39.0,30.9,0.0,1.2,0
2020-01-15,110,STREET,3,01,2020,31.7,29.6,1020.3,6.1,4.7,11.1,19.0,39.0,25.0,0.0,1.2,1
2020-01-16,165,STREET,4,01,2020,24.8,16.5,1032.6,9.5,11.5,18.1,24.1,36.0,15.1,0.0,999.9,0
2020-01-17,124,STREET,5,01,2020,18.8,9.6,1041.6,9.3,7,15,21.0,28.9,10.9,0.0,1.2,1
2020-01-18,105,STREET,6,01,2020,29.3,27.0,1013.1,4.8,13.1,22.9,39.0,35.1,10.9,0.74,2.0,1
2020-01-19,111,STREET,7,01,2020,9.0,1.6,1022.7,9.7,14.3,22.9,34.0,19.0,1.9,0.03,2.0,1
2020-01-20,148,STREET,1,01,2020,21.4,13.1,1034.4,10.0,6.9,12,999.9,30.9,1.9,0.0,2.0,0
2020-01-21,112,STREET,2,01,2020,21.1,14.5,1036.5,10.0,6,12,999.9,30.9,15.1,0.0,2.0,0
2020-01-22,118,STREET,3,01,2020,27.1,19.4,1025.6,10.0,10.3,13,22.9,34.0,15.1,0.0,2.0,0
2020-01-23,111,STREET,4,01,2020,31.6,26.2,1019.3,5.4,8,12,17.1,34.0,24.1,0.02,2.0,1
2020-01-24,140,STREET,5,01,2020,34.9,33.9,1013.4,2.5,5.1,9.9,999.9,37.4,33.1,0.27,1.2,1
2020-01-25,132,STREET,6,01,2020,33.2,32.5,1009.1,4.9,5.5,12,17.1,37.0,32.0,0.31,1.2,1
2020-01-26,163,STREET,7,01,2020,31.6,28.9,1012.8,9.0,8.6,11.1,18.1,34.0,28.0,0.09,1.2,1
2020-01-27,138,STREET,1,01,2020,29.8,26.9,1014.1,7.1,5.9,8.9,999.9,35.1,27.0,0.0,1.2,1
2020-01-28,134,STREET,2,01,2020,32.1,26.5,1018.7,9.4,4.9,7,999.9,35.1,27.1,0.0,999.9,1
2020-01-29,137,STREET,3,01,2020,31.7,23.4,1021.7,9.7,4.9,7,999.9,34.0,30.0,0.0,999.9,1
2020-01-30,128,STREET,4,01,2020,33.1,24.3,1022.9,9.7,2.7,7,999.9,35.1,31.1,0.0,999.9,0
2020-01-31,144,STREET,5,01,2020,34.1,27.6,1021.6,5.9,4.5,6,999.9,37.4,32.0,0.05,999.9,1
2020-02-01,179,STREET,6,02,2020,35.6,30.4,1015.1,6.2,7.7,15,24.1,37.9,32.0,0.04,999.9,1
2020-02-02,146,STREET,7,02,2020,41.4,30.8,1002.2,10.0,14.2,18.1,29.9,52.0,34.0,0.01,999.9,0
2020-02-03,153,STREET,1,02,2020,39.3,31.4,1007.4,10.0,6.2,13,999.9,52.0,30.0,0.0,999.9,0
2020-02-04,132,STREET,2,02,2020,36.4,27.6,1012.8,10.0,18.9,25.1,35.0,48.0,30.2,0.0,999.9,0
2020-02-05,127,STREET,3,02,2020,30.1,16.5,1020.2,10.0,12.2,19,29.9,39.0,27.0,0.0,999.9,1
2020-02-06,100,STREET,4,02,2020,28.8,21.9,1007.4,5.3,11.4,18.1,22.9,30.2,26.6,0.09,2.0,1
2020-02-07,159,STREET,5,02,2020,30.1,16.5,1005.6,9.1,7.8,11.1,18.1,37.9,24.1,0.03,1.2,1
2020-02-08,145,STREET,6,02,2020,32.3,20.1,1017.0,10.0,5.4,8.9,999.9,37.9,24.1,0.0,2.0,1
2020-02-09,136,STREET,7,02,2020,30.8,23.4,1021.5,8.0,8.2,15.9,27.0,37.0,25.0,0.0,1.2,1
2020-02-10,125,STREET,1,02,2020,31.9,26.0,1018.7,8.4,6.4,13,17.1,39.0,25.2,0.14,999.9,1
2020-02-11,119,STREET,2,02,2020,30.8,22.1,1020.4,9.0,7.7,19,31.1,39.0,27.0,0.0,999.9,0
2020-02-12,120,STREET,3,02,2020,29.6,20.2,1019.1,9.0,6.1,11.1,17.1,37.0,24.1,0.0,1.2,1
2020-02-13,100,STREET,4,02,2020,24.0,18.5,1018.1,3.5,9,18.1,25.1,37.0,10.0,0.2,3.1,1
2020-02-14,107,STREET,5,02,2020,6.0,-6.6,1033.4,10.0,6.5,13,999.9,15.1,-2.0,0.01,3.1,0
2020-02-15,122,STREET,6,02,2020,18.5,7.8,1024.7,10.0,11.3,15.9,27.0,33.1,-0.9,0.0,2.0,1
2020-02-16,148,STREET,7,02,2020,30.1,20.6,1019.2,9.4,4.2,8.9,999.9,43.0,7.0,0.0,1.2,0
2020-02-17,134,STREET,1,02,2020,34.5,25.6,1018.6,8.9,6.8,15.9,19.0,43.0,19.9,0.0,1.2,1
2020-02-18,132,STREET,2,02,2020,36.8,29.6,1017.4,7.1,11.6,17.1,32.1,41.0,28.2,0.13,1.2,1
2020-02-19,128,STREET,3,02,2020,24.7,8.7,1033.3,10.0,7.8,12,17.1,39.0,16.0,0.0,999.9,0
2020-02-20,131,STREET,4,02,2020,18.8,-1.2,1038.6,10.0,8.2,13,15.9,30.9,9.0,0.0,999.9,0
2020-02-21,148,STREET,5,02,2020,21.4,3.6,1036.3,10.0,8.8,17.1,26.0,37.9,10.0,0.0,999.9,0
2020-02-22,156,STREET,6,02,2020,36.0,18.1,1024.3,10.0,12.6,17.1,26.0,50.0,28.0,0.0,999.9,0
2020-02-23,181,STREET,7,02,2020,43.3,26.0,1015.8,10.0,10.4,14,22.0,55.0,28.2,0.0,999.9,0
2020-02-24,128,STREET,1,02,2020,41.3,29.2,1012.6,10.0,8.4,15.9,999.9,55.0,35.1,0.0,999.9,0
2020-02-25,95,STREET,2,02,2020,37.8,30.1,1013.2,9.7,17.8,27,35.0,39.9,33.8,0.0,999.9,1
2020-02-26,123,STREET,3,02,2020,31.0,24.7,1018.2,4.7,17.3,27,33.0,41.0,28.0,0.02,1.2,1
2020-02-27,133,STREET,4,02,2020,27.5,13.0,1018.5,10.0,10,15.9,25.1,33.1,25.0,0.1,1.2,1
2020-02-28,144,STREET,5,02,2020,24.2,8.1,1017.8,10.0,7.8,13,20.0,32.0,19.0,0.0,1.2,0
2020-02-29,150,STREET,6,02,2020,25.7,4.2,1021.8,10.0,8.1,12,18.1,37.0,17.1,0.0,1.2,0
2020-03-01,183,STREET,7,03,2020,40.7,25.5,1013.4,10.0,11,17.1,26.0,60.1,17.1,0.0,999.9,0
2020-03-02,133,STREET,1,03,2020,45.6,33.7,1006.7,10.0,6.1,9.9,15.0,60.1,30.2,0.0,999.9,0
2020-03-03,128,STREET,2,03,2020,38.5,28.9,1003.2,10.0,8.7,20,33.0,50.0,32.0,0.0,999.9,1
2020-03-04,123,STREET,3,03,2020,41.7,26.1,1011.0,10.0,8.4,14,20.0,48.9,32.0,0.0,999.9,0
2020-03-05,117,STREET,4,03,2020,41.9,25.1,1015.6,10.0,10.4,22,38.1,53.1,32.0,0.0,999.9,0
2020-03-06,152,STREET,5,03,2020,36.8,24.8,1022.6,9.7,15.3,24.1,33.0,53.1,32.0,0.0,999.9,1
2020-03-07,159,STREET,6,03,2020,34.6,20.9,1032.4,9.8,7.3,15,24.1,53.1,25.0,0.0,999.9,0
2020-03-08,155,STREET,7,03,2020,50.5,23.9,1023.4,10.0,13.7,19,31.1,66.9,42.1,0.0,999.9,0
2020-03-09,125,STREET,1,03,2020,55.1,38.1,1017.3,9.1,14.2,18.1,32.1,66.9,43.0,0.02,999.9,1
2020-03-10,130,STREET,2,03,2020,45.9,39.6,1018.5,9.0,9.6,15.9,28.9,57.0,37.0,0.81,999.9,1
2020-03-11,119,STREET,3,03,2020,39.4,32.1,1019.0,8.8,4.7,11.1,999.9,51.1,35.1,0.0,999.9,1
2020-03-12,132,STREET,4,03,2020,44.4,38.3,1010.7,8.2,7.2,12,20.0,57.9,36.0,0.0,999.9,1
2020-03-13,144,STREET,5,03,2020,44.1,28.5,1017.6,9.3,12.8,21,32.1,57.9,34.0,0.01,999.9,1
2020-03-14,170,STREET,6,03,2020,39.1,22.6,1030.9,9.7,8.7,15,999.9,50.0,33.1,0.0,999.9,1
2020-03-15,137,STREET,7,03,2020,35.8,25.7,1036.1,9.7,11.5,18.1,22.9,42.1,33.1,0.01,999.9,1
2020-03-16,106,STREET,1,03,2020,35.1,28.9,1028.6,8.3,4.5,8,999.9,42.1,30.0,0.0,999.9,1
2020-03-17,147,STREET,2,03,2020,40.8,28.0,1023.4,8.7,6.8,12,18.1,50.0,30.2,0.04,999.9,1
2020-03-18,121,STREET,3,03,2020,41.7,27.6,1022.4,8.5,5.6,9.9,999.9,50.0,37.0,0.0,999.9,1
2020-03-19,102,STREET,4,03,2020,44.7,41.8,1016.8,3.5,6.7,9.9,15.0,55.0,39.0,0.29,999.9,1
2020-03-20,109,STREET,5,03,2020,47.8,41.1,1016.5,9.4,12.5,17.1,28.9,64.4,34.0,0.28,999.9,1
2020-03-21,85,STREET,6,03,2020,31.2,18.4,1034.5,10.0,12,17.1,22.9,34.0,28.0,0.06,999.9,0
2020-03-22,78,STREET,7,03,2020,30.7,20.3,1033.3,9.0,6.4,12,19.0,37.0,26.1,0.0,999.9,1
2020-03-23,104,STREET,1,03,2020,35.6,30.7,1022.6,5.7,3.8,7,999.9,45.0,26.2,0.21,1.2,1
2020-03-24,87,STREET,2,03,2020,39.6,31.9,1019.9,7.9,5.3,11.1,999.9,48.9,33.1,0.05,3.1,0
2020-03-25,103,STREET,3,03,2020,42.7,34.5,1014.1,8.2,5.1,12,999.9,57.9,32.0,0.0,999.9,0
2020-03-26,91,STREET,4,03,2020,48.4,41.6,1009.7,9.9,9.1,15.9,22.0,57.9,32.0,0.0,999.9,1
2020-03-27,86,STREET,5,03,2020,41.7,38.4,1012.0,5.0,9.7,15,999.9,52.0,37.0,0.0,999.9,1
2020-03-28,99,STREET,6,03,2020,48.8,45.8,1006.3,6.7,8,17.1,24.1,60.8,44.1,0.33,999.9,1
2020-03-29,112,STREET,7,03,2020,51.4,41.7,1000.2,8.8,16.6,28,48.0,66.9,44.1,0.36,999.9,1
2020-03-30,102,STREET,1,03,2020,45.4,33.9,1016.6,10.0,12.6,18.1,32.1,63.0,39.9,0.0,999.9,1
2020-03-31,93,STREET,2,03,2020,39.8,32.0,1019.0,9.8,10.4,14,999.9,51.1,37.0,0.0,999.9,1
2020-04-01,98,STREET,3,04,2020,42.6,34.2,1018.1,10.0,7.5,14,999.9,53.1,37.0,0.0,999.9,0
2020-04-02,83,STREET,4,04,2020,45.9,33.3,1020.8,10.0,4.8,11.1,999.9,61.0,34.0,0.0,999.9,0
2020-04-03,121,STREET,5,04,2020,54.8,36.5,1018.0,10.0,4.8,12,999.9,70.0,34.0,0.0,999.9,1
2020-04-04,94,STREET,6,04,2020,47.6,38.2,1017.8,10.0,7.3,11.1,19.0,70.0,37.9,0.06,999.9,1
2020-04-05,100,STREET,7,04,2020,42.1,29.4,1021.9,10.0,7.3,13,999.9,53.1,35.1,0.0,999.9,0
2020-04-06,98,STREET,1,04,2020,47.3,33.5,1019.1,9.9,5.6,12,19.0,64.0,35.1,0.0,999.9,1
2020-04-07,110,STREET,2,04,2020,62.7,51.8,1007.9,9.3,5.8,15.9,24.1,80.1,51.1,0.04,999.9,1
2020-04-08,103,STREET,3,04,2020,60.7,51.1,1005.5,9.0,7,22,29.9,80.1,51.1,0.01,999.9,1
2020-04-09,83,STREET,4,04,2020,46.2,29.9,1006.9,10.0,14.7,24.1,36.9,53.1,39.9,0.22,999.9,1
2020-04-10,100,STREET,5,04,2020,40.1,22.7,1015.0,10.0,10.9,17.1,25.1,50.0,33.1,0.0,999.9,0
2020-04-11,113,STREET,6,04,2020,50.3,29.0,1012.6,10.0,5.7,14,22.0,63.0,33.1,0.0,999.9,1
2020-04-12,98,STREET,7,04,2020,55.6,45.4,1004.3,9.6,7.4,15.9,28.0,66.0,42.1,0.17,999.9,1
2020-04-13,76,STREET,1,04,2020,45.1,34.2,1006.8,9.7,15.6,22,33.0,66.0,36.0,0.15,999.9,1
2020-04-14,69,STREET,2,04,2020,35.4,17.8,1021.1,10.0,11.3,20,31.1,55.9,30.0,0.02,999.9,1
2020-04-15,71,STREET,3,04,2020,33.3,19.1,1018.9,8.0,7.1,15,20.0,41.0,27.0,0.08,1.2,1
2020-04-16,107,STREET,4,04,2020,36.6,14.8,1024.0,10.0,8.4,13,21.0,46.9,27.1,0.02,1.2,0
2020-04-17,95,STREET,5,04,2020,38.5,26.8,1020.9,6.8,6.2,11.1,15.9,46.9,28.2,0.18,1.2,1
2020-04-18,104,STREET,6,04,2020,43.5,30.8,1014.6,10.0,11.5,22,35.0,59.0,34.0,0.11,2.0,0
2020-04-19,86,STREET,7,04,2020,53.0,32.5,1008.0,10.0,13.1,19,28.9,62.1,34.0,0.0,999.9,0
2020-04-20,89,STREET,1,04,2020,48.3,29.9,1007.3,10.0,7.9,20,33.0,64.0,36.0,0.0,999.9,0
2020-04-21,101,STREET,2,04,2020,47.3,22.5,1009.1,10.0,14.9,22.9,34.0,64.0,36.0,0.04,999.9,1
2020-04-22,87,STREET,3,04,2020,45.9,26.9,1013.7,9.8,6.3,12,999.9,63.0,36.0,0.0,999.9,1
2020-04-23,103,STREET,4,04,2020,49.9,41.8,1007.0,9.9,5.3,14,15.9,63.0,39.9,0.06,999.9,1
2020-04-24,100,STREET,5,04,2020,44.7,39.3,1010.5,5.7,9.3,13,999.9,57.0,42.1,0.0,999.9,0
2020-04-25,79,STREET,6,04,2020,44.2,36.6,1014.3,9.8,11,18.1,999.9,50.0,39.9,0.0,999.9,1
2020-04-26,105,STREET,7,04,2020,49.5,32.8,1017.8,9.9,11,19,22.9,63.0,41.0,0.19,999.9,1
2020-04-27,92,STREET,1,04,2020,52.9,32.9,1019.0,10.0,7.9,15.9,28.0,68.0,39.9,0.0,999.9,1
2020-04-28,101,STREET,2,04,2020,61.0,52.8,1010.8,7.7,6.1,15.9,26.0,75.9,39.9,0.16,999.9,1
2020-04-29,107,STREET,3,04,2020,56.5,53.0,999.7,6.5,7.2,15,24.1,75.9,48.0,0.52,999.9,1
2020-04-30,103,STREET,4,04,2020,46.7,39.8,1005.9,8.0,13.2,21,32.1,61.0,42.1,1.77,999.9,1
2020-05-01,134,STREET,5,05,2020,52.0,35.1,1015.3,10.0,4.7,9.9,999.9,68.0,37.9,0.03,999.9,0
2020-05-02,122,STREET,6,05,2020,65.3,45.6,1011.6,10.0,9.3,15,25.1,77.0,57.0,0.0,999.9,0
2020-05-03,120,STREET,7,05,2020,66.8,39.6,1012.0,10.0,8.3,12,22.9,77.0,57.0,0.0,999.9,0
2020-05-04,97,STREET,1,05,2020,47.6,33.0,1018.6,10.0,14.7,26,31.1,73.9,39.9,0.0,999.9,0
2020-05-05,88,STREET,2,05,2020,44.9,35.6,1016.0,10.0,10,17.1,999.9,48.9,39.9,0.04,999.9,1
2020-05-06,116,STREET,3,05,2020,49.2,26.1,1018.2,10.0,7.2,11.1,18.1,63.0,39.9,0.05,999.9,0
2020-05-07,94,STREET,4,05,2020,56.2,34.1,1014.9,10.0,9.3,17.1,33.0,66.0,39.9,0.0,999.9,0
2020-05-08,107,STREET,5,05,2020,43.7,26.3,1015.4,10.0,13.1,24.1,31.1,66.0,39.0,0.0,999.9,0
2020-05-09,106,STREET,6,05,2020,42.3,21.2,1021.9,10.0,8.5,15,25.1,59.0,30.9,0.0,999.9,0
2020-05-10,101,STREET,7,05,2020,49.6,34.2,1015.6,9.5,11.1,20,26.0,59.0,31.1,0.0,999.9,1
2020-05-11,97,STREET,1,05,2020,43.3,32.3,1021.7,10.0,5.6,9.9,999.9,55.0,37.0,0.2,999.9,1
2020-05-12,117,STREET,2,05,2020,50.3,29.1,1022.2,10.0,8,15,21.0,63.0,41.0,0.0,999.9,0
2020-05-13,121,STREET,3,05,2020,53.5,28.9,1022.9,10.0,8.7,15,22.9,69.1,41.0,0.0,999.9,0
2020-05-14,98,STREET,4,05,2020,60.6,52.0,1014.7,8.2,9.5,13,22.0,73.0,42.1,0.52,999.9,1
2020-05-15,148,STREET,5,05,2020,68.0,59.5,1010.4,8.4,5.8,15.9,28.9,79.0,54.0,3.74,999.9,1
2020-05-16,146,STREET,6,05,2020,59.5,49.5,1017.7,10.0,9.2,15.9,20.0,79.0,50.0,0.03,999.9,0
2020-05-17,110,STREET,7,05,2020,58.7,54.2,1011.6,5.8,9.4,15.9,22.9,68.0,50.0,1.15,999.9,1
2020-05-18,127,STREET,1,05,2020,61.3,57.6,1006.8,6.0,6.2,13,999.9,68.0,53.1,2.52,999.9,1
2020-05-19,103,STREET,2,05,2020,54.2,51.9,1011.1,2.2,12.5,15.9,22.0,64.0,52.0,0.14,999.9,1
2020-05-20,157,STREET,3,05,2020,58.7,50.5,1019.0,9.6,10,15.9,22.0,66.0,52.0,0.11,999.9,1
2020-05-21,128,STREET,4,05,2020,61.5,49.2,1019.2,10.0,7.6,13,999.9,70.0,53.1,0.0,999.9,0
2020-05-22,136,STREET,5,05,2020,62.6,53.4,1016.8,7.6,3.3,8,999.9,72.0,57.0,0.0,999.9,1
2020-05-23,127,STREET,6,05,2020,65.8,56.3,1013.4,9.1,7.2,15.9,17.1,87.1,55.0,0.0,999.9,1
2020-05-24,172,STREET,7,05,2020,74.2,62.4,1011.6,9.5,5,15.9,22.9,90.0,55.0,0.52,999.9,1
2020-05-25,161,STREET,1,05,2020,78.0,64.1,1012.9,9.5,7.9,12,15.0,90.0,64.0,0.18,999.9,1
2020-05-26,128,STREET,2,05,2020,78.8,64.8,1014.2,10.0,7,20,999.9,91.9,68.0,99.99,999.9,1
2020-05-27,119,STREET,3,05,2020,79.5,64.1,1013.0,10.0,6.4,12,999.9,91.9,68.0,0.07,999.9,0
2020-05-28,130,STREET,4,05,2020,74.9,64.8,1010.8,9.5,8.9,18.1,999.9,87.1,70.0,0.03,999.9,1
2020-05-29,148,STREET,5,05,2020,66.8,55.2,1013.1,9.7,9,19,26.0,82.0,59.0,0.21,999.9,1
2020-05-30,213,STREET,6,05,2020,63.2,47.5,1020.2,10.0,7.9,17.1,999.9,75.9,55.0,0.0,999.9,0
2020-05-31,313,STREET,7,05,2020,58.7,40.9,1025.9,10.0,7.5,13,999.9,73.0,50.0,0.0,999.9,0
2020-06-01,189,STREET,1,06,2020,62.8,42.3,1022.9,10.0,9.1,18.1,25.1,75.9,53.1,0.0,999.9,1
2020-06-02,179,STREET,2,06,2020,77.4,56.7,1012.4,10.0,14.3,18.1,25.1,93.9,53.1,0.02,999.9,0
2020-06-03,180,STREET,3,06,2020,79.1,62.0,1009.6,9.8,9.2,19,22.9,91.9,66.2,0.0,999.9,1
2020-06-04,134,STREET,4,06,2020,78.3,61.2,1007.4,10.0,6.4,12,999.9,88.0,66.0,0.19,999.9,1
2020-06-05,148,STREET,5,06,2020,78.8,63.7,1009.3,9.9,6.2,13,21.0,89.1,70.0,0.0,999.9,0
2020-06-06,126,STREET,6,06,2020,73.9,56.9,1015.5,9.7,7.9,12,18.1,89.1,66.0,0.0,999.9,0
2020-06-07,169,STREET,7,06,2020,66.1,51.4,1018.6,10.0,8.5,13,999.9,79.0,55.9,0.0,999.9,0
2020-06-08,133,STREET,1,06,2020,74.8,52.8,1014.7,10.0,7,12,14.0,90.0,55.9,0.0,999.9,0
2020-06-09,95,STREET,2,06,2020,79.3,58.3,1006.0,9.7,10.5,29.9,52.1,91.0,62.1,0.0,999.9,1
2020-06-10,111,STREET,3,06,2020,76.0,66.9,998.3,9.6,12.5,22.9,38.1,82.9,66.2,0.56,999.9,1
2020-06-11,135,STREET,4,06,2020,68.2,50.8,1014.4,9.9,11,18.1,32.1,84.0,59.0,0.3,999.9,1
2020-06-12,154,STREET,5,06,2020,69.7,50.4,1022.9,10.0,6.1,14,20.0,82.0,59.0,0.0,999.9,0
2020-06-13,114,STREET,6,06,2020,58.2,45.0,1025.3,10.0,13,15.9,22.0,75.0,52.0,0.0,999.9,1
2020-06-14,126,STREET,7,06,2020,60.5,43.0,1027.0,10.0,9.8,17.1,18.1,68.0,52.0,0.0,999.9,0
2020-06-15,132,STREET,1,06,2020,62.6,43.0,1027.7,10.0,6.6,9.9,17.1,73.0,52.0,0.0,999.9,0
2020-06-16,139,STREET,2,06,2020,69.5,48.5,1025.9,10.0,5.5,11.1,999.9,86.0,52.0,0.0,999.9,0
2020-06-17,126,STREET,3,06,2020,76.0,53.6,1021.6,10.0,5.2,13,999.9,87.1,57.0,0.0,999.9,0
2020-06-18,142,STREET,4,06,2020,78.3,52.0,1017.3,10.0,4.7,12,999.9,89.1,64.0,0.0,999.9,0
2020-06-19,150,STREET,5,06,2020,80.6,54.9,1015.1,9.9,4.5,9.9,19.0,93.0,66.0,0.0,999.9,0
2020-06-20,168,STREET,6,06,2020,82.1,60.5,1013.4,9.8,7.1,15.9,24.1,93.0,69.1,0.0,999.9,1
2020-06-21,142,STREET,7,06,2020,75.7,63.9,1011.4,9.9,6.4,12,21.0,91.0,69.1,0.19,999.9,1
2020-06-22,176,STREET,1,06,2020,76.9,64.8,1009.8,9.7,6.5,15.9,25.1,87.1,66.9,0.0,999.9,1
2020-06-23,156,STREET,2,06,2020,69.7,58.2,1007.0,9.4,9.6,14,22.9,78.1,63.0,1.55,999.9,1
2020-06-24,135,STREET,3,06,2020,69.8,54.4,1009.9,10.0,6.2,12,19.0,80.1,61.0,0.0,999.9,1
2020-06-25,153,STREET,4,06,2020,73.5,53.0,1012.7,10.0,5.7,14,15.0,86.0,62.1,0.04,999.9,0
2020-06-26,142,STREET,5,06,2020,74.8,60.5,1013.1,9.4,5.7,11.1,17.1,86.0,62.1,0.0,999.9,1
2020-06-27,153,STREET,6,06,2020,78.0,68.3,1008.6,9.8,6.7,20,46.0,88.0,70.0,1.55,999.9,1
2020-06-28,183,STREET,7,06,2020,78.3,68.1,1008.2,10.0,5.6,14,999.9,88.0,72.0,0.0,999.9,0
2020-06-29,140,STREET,1,06,2020,81.1,68.5,1011.0,10.0,6.5,22.9,32.1,93.0,72.0,0.0,999.9,1
2020-06-30,150,STREET,2,06,2020,79.2,70.3,1012.2,9.7,5.4,9.9,999.9,93.0,72.0,0.3,999.9,1
2020-07-01,130,STREET,3,07,2020,81.4,66.7,1012.1,10.0,7.8,14,17.1,91.0,73.9,0.0,999.9,0
2020-07-02,171,STREET,4,07,2020,79.8,64.1,1015.7,10.0,6.3,9.9,999.9,91.0,69.1,0.0,999.9,0
2020-07-03,171,STREET,5,07,2020,80.8,62.2,1016.8,10.0,3.5,8.9,999.9,91.0,69.1,0.0,999.9,0
2020-07-04,191,STREET,6,07,2020,81.0,67.5,1016.1,10.0,5.6,14,18.1,91.0,69.1,0.0,999.9,0
2020-07-05,196,STREET,7,07,2020,81.9,66.3,1015.0,9.5,5.1,30.3,999.9,93.9,71.1,0.0,999.9,0
2020-07-06,145,STREET,1,07,2020,85.5,64.4,1014.6,10.0,3.6,9.9,999.9,95.0,71.1,0.0,999.9,0
2020-07-07,118,STREET,2,07,2020,86.5,66.6,1013.8,9.9,4.9,35,52.1,96.1,75.0,0.0,999.9,1
2020-07-08,134,STREET,3,07,2020,81.0,70.1,1013.0,10.0,5.1,21,31.1,96.1,73.0,0.19,999.9,1
2020-07-09,144,STREET,4,07,2020,84.3,69.4,1010.8,10.0,6.3,15.9,22.0,93.0,73.9,0.0,999.9,1
2020-07-10,171,STREET,5,07,2020,79.0,68.8,1008.9,9.5,10.6,15.9,28.0,93.0,71.1,0.65,999.9,1
2020-07-11,162,STREET,6,07,2020,78.0,63.7,1011.6,10.0,7.7,15.9,22.0,86.0,71.1,0.33,999.9,1
2020-07-12,173,STREET,7,07,2020,76.3,64.2,1010.0,10.0,8.9,18.1,25.1,84.9,71.1,0.0,999.9,0
2020-07-13,150,STREET,1,07,2020,73.6,60.8,1014.7,10.0,4.5,9.9,999.9,84.0,64.9,0.0,999.9,0
2020-07-14,163,STREET,2,07,2020,76.2,59.7,1015.7,10.0,6.5,14,21.0,86.0,64.9,0.0,999.9,0
2020-07-15,151,STREET,3,07,2020,79.5,65.7,1014.7,9.8,7.5,12,18.1,88.0,68.0,0.0,999.9,1
2020-07-16,157,STREET,4,07,2020,73.4,65.6,1014.6,9.4,8.2,15,999.9,88.0,66.0,0.46,999.9,1
2020-07-17,150,STREET,5,07,2020,78.1,65.4,1018.8,10.0,5.8,12,18.1,90.0,68.0,0.0,999.9,0
2020-07-18,153,STREET,6,07,2020,83.1,71.8,1014.5,10.0,9.3,15.9,24.1,91.0,68.0,0.0,999.9,0
2020-07-19,167,STREET,7,07,2020,81.5,73.2,1009.7,9.3,12.4,20,33.0,91.0,73.0,0.0,999.9,1
2020-07-20,143,STREET,1,07,2020,77.9,60.5,1014.2,10.0,6.6,11.1,18.1,87.1,68.0,0.18,999.9,0
2020-07-21,158,STREET,2,07,2020,76.6,63.2,1015.8,10.0,7.1,8.9,999.9,87.1,68.0,0.0,999.9,1
2020-07-22,143,STREET,3,07,2020,77.9,69.3,1013.1,10.0,6.2,9.9,999.9,88.0,72.0,0.03,999.9,1
2020-07-23,146,STREET,4,07,2020,74.5,59.6,1017.2,10.0,6.5,12,999.9,88.0,64.9,0.0,999.9,0
2020-07-24,147,STREET,5,07,2020,75.2,64.5,1020.2,10.0,5.8,11.1,999.9,87.1,64.9,0.0,999.9,0
2020-07-25,182,STREET,6,07,2020,80.2,65.9,1018.9,9.8,4.9,9.9,15.0,91.9,64.9,0.0,999.9,0
2020-07-26,178,STREET,7,07,2020,85.6,70.5,1015.7,10.0,9.4,18.1,26.0,96.1,69.1,0.0,999.9,0
2020-07-27,143,STREET,1,07,2020,80.6,70.8,1012.5,10.0,7.9,26,38.1,96.1,75.9,0.07,999.9,1
2020-07-28,157,STREET,2,07,2020,78.5,59.9,1013.4,10.0,7.3,12,22.0,90.0,69.1,0.01,999.9,0
2020-07-29,171,STREET,3,07,2020,81.2,65.3,1012.1,10.0,8.8,12,17.1,91.0,69.1,0.0,999.9,1
2020-07-30,153,STREET,4,07,2020,76.8,64.9,1012.2,9.7,9.9,19,24.1,91.0,72.0,0.66,999.9,1
2020-07-31,147,STREET,5,07,2020,73.8,61.2,1013.6,10.0,9.5,19,22.0,82.9,66.0,0.09,999.9,0
2020-08-01,154,STREET,6,08,2020,73.9,63.0,1012.2,10.0,7.5,13,999.9,82.0,69.1,0.0,999.9,1
2020-08-02,164,STREET,7,08,2020,74.8,62.6,1009.9,10.0,6.9,18.1,25.1,86.0,68.0,0.0,999.9,1
2020-08-03,159,STREET,1,08,2020,67.8,61.3,1015.2,10.0,8.3,15,17.1,86.0,63.0,0.05,999.9,0
2020-08-04,132,STREET,2,08,2020,66.0,49.9,1017.4,10.0,10.4,15.9,21.0,75.9,59.0,0.0,999.9,0
2020-08-05,152,STREET,3,08,2020,67.4,49.5,1018.9,10.0,5.1,9.9,17.1,78.1,55.9,0.0,999.9,0
2020-08-06,153,STREET,4,08,2020,73.4,54.5,1019.1,10.0,4.6,8.9,999.9,82.0,55.9,0.0,999.9,0
2020-08-07,151,STREET,5,08,2020,74.2,56.8,1020.0,10.0,3.9,8.9,999.9,86.0,62.1,0.0,999.9,0
2020-08-08,194,STREET,6,08,2020,78.2,59.8,1019.3,10.0,7.5,12,19.0,89.1,62.1,0.0,999.9,0
2020-08-09,193,STREET,7,08,2020,82.2,69.0,1016.8,10.0,8.9,14,20.0,93.0,68.0,0.0,999.9,0
2020-08-10,183,STREET,1,08,2020,79.2,71.9,1012.7,9.7,7.8,31.1,54.0,93.0,71.1,0.06,999.9,1
2020-08-11,149,STREET,2,08,2020,74.8,60.3,1013.7,10.0,6.2,11.1,999.9,91.0,66.0,0.41,999.9,0
2020-08-12,142,STREET,3,08,2020,75.6,54.8,1017.9,10.0,3.9,9.9,18.1,86.0,64.0,0.0,999.9,0
2020-08-13,169,STREET,4,08,2020,78.2,60.7,1018.3,10.0,4.9,9.9,15.0,87.1,64.0,0.0,999.9,0
2020-08-14,175,STREET,5,08,2020,78.8,61.7,1016.3,10.0,6.3,11.1,999.9,90.0,68.0,0.0,999.9,0
2020-08-15,179,STREET,6,08,2020,79.2,64.0,1013.4,9.8,4.4,11.1,999.9,91.0,68.0,0.0,999.9,1
2020-08-16,172,STREET,7,08,2020,74.7,58.2,1015.1,10.0,7.4,12,21.0,91.0,64.0,0.25,999.9,0
2020-08-17,171,STREET,1,08,2020,77.3,55.9,1015.2,10.0,5,8.9,999.9,86.0,64.0,0.0,999.9,0
2020-08-18,156,STREET,2,08,2020,74.9,54.4,1016.1,10.0,7.7,15.9,20.0,86.0,69.1,0.0,999.9,0
2020-08-19,168,STREET,3,08,2020,71.9,54.0,1018.2,10.0,4.4,11.1,999.9,84.0,62.1,0.0,999.9,0
2020-08-20,143,STREET,4,08,2020,74.4,52.9,1016.2,10.0,5.5,8.9,999.9,86.0,62.1,0.0,999.9,0
2020-08-21,160,STREET,5,08,2020,77.1,57.7,1013.6,10.0,4.8,8.9,999.9,88.0,64.0,0.0,999.9,0
2020-08-22,170,STREET,6,08,2020,78.5,59.3,1012.9,10.0,6.5,12,15.9,89.1,66.9,0.0,999.9,0
2020-08-23,174,STREET,7,08,2020,79.8,62.5,1013.8,10.0,6.7,13,18.1,91.9,66.9,0.0,999.9,1
2020-08-24,165,STREET,1,08,2020,82.6,67.9,1014.4,9.9,5.1,11.1,15.0,97.0,70.0,0.0,999.9,1
2020-08-25,153,STREET,2,08,2020,83.2,66.9,1015.8,10.0,7,21,33.0,97.0,72.0,0.03,999.9,1
2020-08-26,181,STREET,3,08,2020,83.6,68.7,1014.6,10.0,7.8,14,22.9,93.9,72.0,0.0,999.9,0
2020-08-27,167,STREET,4,08,2020,85.4,70.4,1010.8,10.0,9.2,12,19.0,95.0,75.9,0.0,999.9,0
2020-08-28,165,STREET,5,08,2020,85.5,70.6,1008.1,10.0,8.7,15.9,999.9,95.0,77.0,0.0,999.9,0
2020-08-29,171,STREET,6,08,2020,79.8,58.8,1006.3,10.0,12.6,17.1,22.0,95.0,70.0,0.0,999.9,0
2020-08-30,183,STREET,7,08,2020,72.0,53.0,1012.0,10.0,6.8,11.1,999.9,82.0,60.1,0.0,999.9,0
2020-08-31,167,STREET,1,08,2020,74.2,56.9,1009.6,10.0,8,12,18.1,84.9,60.1,0.0,999.9,0
2020-09-01,136,STREET,2,09,2020,73.3,62.3,1010.8,9.6,7,12,999.9,84.9,66.9,0.0,999.9,1
2020-09-02,151,STREET,3,09,2020,75.3,62.3,1008.6,9.0,7.8,13,24.1,88.0,69.1,0.24,999.9,1
2020-09-03,126,STREET,4,09,2020,76.7,54.7,1007.8,10.0,11.3,24.1,33.0,88.0,66.9,0.05,999.9,0
2020-09-04,172,STREET,5,09,2020,68.9,43.1,1016.8,10.0,8.4,15,25.1,88.0,55.9,0.0,999.9,0
2020-09-05,172,STREET,6,09,2020,72.9,48.5,1020.9,10.0,9.9,15.9,28.9,82.0,55.9,0.0,999.9,0
2020-09-06,175,STREET,7,09,2020,69.0,55.9,1017.3,9.2,8.5,20,29.9,82.9,59.0,0.2,999.9,1
2020-09-07,165,STREET,1,09,2020,75.7,60.2,1009.0,10.0,11,17.1,31.1,82.9,63.0,0.4,999.9,1
2020-09-08,135,STREET,2,09,2020,63.5,56.6,1015.4,8.6,13.6,22,25.1,80.1,60.1,0.67,999.9,1
2020-09-09,150,STREET,3,09,2020,61.9,56.8,1022.3,9.1,11.6,17.1,21.0,78.1,60.1,0.76,999.9,1
2020-09-10,154,STREET,4,09,2020,60.5,53.9,1026.6,9.2,10.4,15,20.0,68.0,55.0,0.56,999.9,1
2020-09-11,186,STREET,5,09,2020,62.4,57.2,1025.0,9.1,9,13,999.9,68.0,55.0,0.19,999.9,1
2020-09-12,186,STREET,6,09,2020,67.1,61.6,1016.3,7.5,7.9,11.1,18.1,73.0,61.0,0.05,999.9,1
2020-09-13,174,STREET,7,09,2020,67.9,58.2,1015.9,9.7,6.3,12,17.1,77.0,61.0,0.27,999.9,1
2020-09-14,155,STREET,1,09,2020,66.3,56.4,1025.3,10.0,3.3,8,999.9,77.0,57.9,0.02,999.9,0
2020-09-15,156,STREET,2,09,2020,67.8,56.0,1024.5,9.9,6.7,11.1,17.1,79.0,57.9,0.0,999.9,0
2020-09-16,175,STREET,3,09,2020,70.7,56.5,1016.9,9.9,7.9,14,21.0,84.0,60.1,0.0,999.9,0
2020-09-17,130,STREET,4,09,2020,68.2,54.7,1019.2,10.0,11.9,15.9,22.9,84.0,62.1,0.0,999.9,0
2020-09-18,128,STREET,5,09,2020,59.3,41.9,1025.4,10.0,11.6,17.1,22.9,69.1,55.9,0.0,999.9,0
2020-09-19,153,STREET,6,09,2020,54.2,38.6,1028.3,10.0,4.3,11.1,999.9,66.9,46.0,0.0,999.9,0
2020-09-20,164,STREET,7,09,2020,59.5,40.3,1028.5,10.0,4.8,11.1,20.0,73.0,46.0,0.0,999.9,0
2020-09-21,130,STREET,1,09,2020,63.7,41.2,1027.8,10.0,5.6,8.9,999.9,75.0,48.0,0.0,999.9,0
2020-09-22,131,STREET,2,09,2020,65.8,49.5,1022.5,10.0,3.9,8.9,15.9,79.0,53.1,0.0,999.9,0
2020-09-23,180,STREET,3,09,2020,68.9,55.3,1017.4,10.0,5.3,9.9,14.0,79.0,54.0,0.0,999.9,0
2020-09-24,147,STREET,4,09,2020,68.1,54.8,1013.9,10.0,6,11.1,999.9,79.0,57.9,0.0,999.9,0
2020-09-25,199,STREET,5,09,2020,70.7,54.1,1013.6,10.0,6.8,13,20.0,80.1,57.9,0.0,999.9,0
2020-09-26,167,STREET,6,09,2020,69.7,59.6,1009.2,10.0,9.9,14,27.0,80.1,61.0,0.0,999.9,0
2020-09-27,194,STREET,7,09,2020,71.9,57.5,1005.5,10.0,12.3,18.1,31.1,79.0,64.0,0.0,999.9,0
2020-09-28,144,STREET,1,09,2020,56.9,50.0,1008.2,9.5,6.7,13,24.1,77.0,53.1,0.4,999.9,1
2020-09-29,139,STREET,2,09,2020,53.3,44.5,1010.6,10.0,7,12,21.0,63.0,46.0,0.21,999.9,0
2020-09-30,166,STREET,3,09,2020,57.6,44.6,1004.4,10.0,11.6,21,35.0,66.9,46.9,0.0,999.9,1
2020-10-01,135,STREET,4,10,2020,52.8,41.4,1013.8,9.6,8.1,15,35.0,66.9,48.0,0.0,999.9,1
2020-10-02,132,STREET,5,10,2020,48.9,37.0,1021.3,10.0,6.5,11.1,18.1,59.0,42.1,0.21,999.9,1
2020-10-03,177,STREET,6,10,2020,50.0,36.2,1021.9,10.0,4.5,7,999.9,55.9,43.0,0.0,999.9,1
2020-10-04,170,STREET,7,10,2020,49.1,39.3,1022.0,10.0,7.6,14,20.0,57.0,41.0,0.11,999.9,1
2020-10-05,189,STREET,1,10,2020,48.5,32.2,1023.1,10.0,6.7,18.1,27.0,63.0,37.9,0.0,999.9,0
2020-10-06,166,STREET,2,10,2020,60.3,38.9,1013.1,10.0,10.7,15.9,25.1,75.0,37.9,0.0,999.9,0
2020-10-07,165,STREET,3,10,2020,67.1,44.5,1010.5,10.0,10.2,15.9,25.1,75.9,52.0,0.0,999.9,0
2020-10-08,141,STREET,4,10,2020,59.4,43.8,1019.6,10.0,3.6,11.1,999.9,75.9,50.0,0.0,999.9,0
2020-10-09,179,STREET,5,10,2020,63.0,46.6,1016.1,9.5,8.5,17.1,31.1,82.0,50.0,0.0,999.9,0
2020-10-10,185,STREET,6,10,2020,69.7,56.9,1010.8,10.0,11.4,15.9,21.0,82.0,52.0,0.0,999.9,0
2020-10-11,161,STREET,7,10,2020,61.3,51.3,1014.5,10.0,9,15,22.0,77.0,55.9,0.0,999.9,0
2020-10-12,134,STREET,1,10,2020,62.5,56.3,1009.0,9.2,10,21,35.0,69.1,55.0,0.0,999.9,1
2020-10-13,166,STREET,2,10,2020,56.8,37.4,1015.3,10.0,9.8,20,36.9,73.0,46.0,0.11,999.9,0
2020-10-14,172,STREET,3,10,2020,59.9,36.1,1011.6,10.0,9.4,20,42.0,79.0,46.0,0.0,999.9,0
2020-10-15,178,STREET,4,10,2020,58.3,35.1,1008.3,10.0,12.3,20,31.1,79.0,46.9,0.0,999.9,0
2020-10-16,147,STREET,5,10,2020,44.9,25.4,1020.6,10.0,8.3,15.9,22.9,64.0,37.0,0.0,999.9,1
2020-10-17,145,STREET,6,10,2020,49.1,28.1,1019.1,10.0,10.1,21,40.0,64.9,37.0,0.01,999.9,1
2020-10-18,133,STREET,7,10,2020,53.3,33.5,1016.1,9.8,10.3,17.1,28.9,64.9,42.1,0.0,999.9,1
2020-10-19,113,STREET,1,10,2020,41.9,35.5,1024.2,9.5,5.7,14,20.0,60.1,37.9,0.18,999.9,1
2020-10-20,134,STREET,2,10,2020,43.3,36.4,1022.7,9.2,7.8,13,999.9,53.1,37.9,0.05,999.9,1
2020-10-21,151,STREET,3,10,2020,50.8,42.7,1019.9,7.8,6.2,12,19.0,59.0,37.9,0.12,999.9,1
2020-10-22,168,STREET,4,10,2020,55.2,49.9,1016.6,5.2,7.5,13,20.0,78.1,46.4,2.03,999.9,1
2020-10-23,143,STREET,5,10,2020,61.0,54.3,1012.2,8.6,11.3,15,29.9,78.1,44.1,0.02,999.9,1
2020-10-24,130,STREET,6,10,2020,41.0,30.8,1024.7,10.0,7.9,15.9,22.0,48.0,34.0,0.65,999.9,0
2020-10-25,159,STREET,7,10,2020,42.0,32.6,1023.0,10.0,9.1,14,999.9,48.9,34.0,0.0,999.9,1
2020-10-26,123,STREET,1,10,2020,37.9,31.7,1023.9,8.7,10,15,19.0,46.9,34.0,0.01,999.9,1
2020-10-27,156,STREET,2,10,2020,35.8,27.7,1026.1,9.0,4.2,8,999.9,37.9,33.8,0.05,999.9,1
2020-10-28,145,STREET,3,10,2020,39.1,26.1,1018.8,10.0,6.7,14,20.0,51.1,30.9,0.03,999.9,0
2020-10-29,155,STREET,4,10,2020,44.6,33.6,1013.0,10.0,11.9,26,35.9,51.1,31.1,0.0,999.9,0
2020-10-30,162,STREET,5,10,2020,37.2,23.1,1022.8,10.0,7.3,15,21.0,48.9,30.9,0.0,999.9,0
2020-10-31,162,STREET,6,10,2020,41.0,28.4,1024.1,10.0,8.1,18.1,28.9,59.0,30.0,0.0,999.9,0
2020-11-01,170,STREET,7,11,2020,44.9,25.4,1016.4,10.0,16.8,25.1,44.1,59.0,32.0,0.0,999.9,0
2020-11-02,133,STREET,1,11,2020,36.8,17.2,1026.9,10.0,9.1,17.1,25.1,55.0,28.0,0.0,999.9,0
2020-11-03,140,STREET,2,11,2020,50.2,29.6,1018.5,10.0,7.7,12,22.0,69.1,29.1,0.0,999.9,0
2020-11-04,159,STREET,3,11,2020,61.1,40.5,1017.3,10.0,11.3,17.1,27.0,73.9,39.0,0.0,999.9,0
2020-11-05,156,STREET,4,11,2020,63.2,43.2,1018.9,10.0,10.2,14,22.0,73.9,52.0,0.0,999.9,0
2020-11-06,171,STREET,5,11,2020,60.8,45.9,1020.7,10.0,7.2,12,22.0,73.9,51.1,0.0,999.9,0
2020-11-07,173,STREET,6,11,2020,62.7,46.2,1020.4,10.0,9.2,14,21.0,73.9,51.1,0.0,999.9,0
2020-11-08,175,STREET,7,11,2020,63.0,51.2,1021.3,10.0,7.1,14,20.0,75.9,52.0,0.0,999.9,0
2020-11-09,129,STREET,1,11,2020,69.4,56.9,1018.5,10.0,9.6,17.1,29.9,75.9,52.0,0.0,999.9,0
2020-11-10,126,STREET,2,11,2020,70.5,59.8,1009.0,10.0,13.9,26,55.9,73.9,60.8,0.0,999.9,1
2020-11-11,121,STREET,3,11,2020,43.4,33.9,1013.7,9.8,12.2,21,35.9,62.1,35.1,0.32,999.9,1
2020-11-12,121,STREET,4,11,2020,42.7,31.5,1020.1,10.0,4.9,11.1,15.9,54.0,35.1,0.0,999.9,0
2020-11-13,110,STREET,5,11,2020,40.8,29.1,1019.4,10.0,7.4,17.1,26.0,54.0,33.1,0.02,999.9,1
2020-11-14,126,STREET,6,11,2020,35.1,25.7,1018.8,10.0,7.6,15,26.0,46.4,28.9,0.0,999.9,0
2020-11-15,118,STREET,7,11,2020,46.3,39.7,1000.7,9.0,17.2,28,42.9,55.0,29.1,0.28,999.9,1
2020-11-16,142,STREET,1,11,2020,37.6,24.6,1016.8,10.0,11.1,18.1,33.0,55.0,32.0,0.05,999.9,0
2020-11-17,110,STREET,2,11,2020,37.5,21.6,1026.9,10.0,10.7,15.9,28.0,46.9,28.9,0.0,999.9,0
2020-11-18,139,STREET,3,11,2020,41.3,22.2,1031.0,10.0,9.2,22,33.0,51.1,30.2,0.0,999.9,0
2020-11-19,121,STREET,4,11,2020,53.5,28.1,1016.4,10.0,17.1,24.1,35.9,66.0,35.1,0.0,999.9,0
2020-11-20,161,STREET,5,11,2020,57.4,37.0,1019.8,10.0,12,19,33.0,66.0,46.9,0.0,999.9,0
2020-11-21,167,STREET,6,11,2020,43.1,30.7,1032.4,10.0,5.7,9.9,999.9,61.0,36.0,0.0,999.9,0
2020-11-22,122,STREET,7,11,2020,43.1,33.8,1025.8,9.9,5.5,8.9,999.9,48.0,37.0,0.0,999.9,0
2020-11-23,149,STREET,1,11,2020,40.6,29.6,1024.3,10.0,6,9.9,17.1,46.9,33.1,0.0,999.9,0
2020-11-24,108,STREET,2,11,2020,37.4,31.0,1023.6,6.5,7.1,13,999.9,46.0,33.1,0.07,999.9,1
2020-11-25,120,STREET,3,11,2020,45.0,41.7,1010.0,4.3,6.9,12,999.9,46.9,34.0,0.51,999.9,1
2020-11-26,94,STREET,4,11,2020,44.0,39.2,1013.4,7.7,8.9,12,999.9,46.9,42.1,0.47,999.9,1
2020-11-27,149,STREET,5,11,2020,41.8,36.1,1018.4,8.8,6.7,9.9,999.9,46.0,39.0,0.0,999.9,0
2020-11-28,154,STREET,6,11,2020,37.4,26.7,1020.7,10.0,7.6,13,19.0,50.0,28.9,0.0,999.9,0
2020-11-29,135,STREET,7,11,2020,42.8,32.5,1015.4,10.0,9.6,15,25.1,50.0,29.1,0.0,999.9,0
2020-11-30,110,STREET,1,11,2020,34.5,21.5,1015.3,10.0,15.8,20,28.9,48.9,30.0,0.0,999.9,1
2020-12-01,109,STREET,2,12,2020,29.2,17.3,1017.7,10.0,9.8,15.9,22.9,37.0,25.0,0.0,999.9,0
2020-12-02,119,STREET,3,12,2020,33.3,17.1,1024.9,10.0,4.8,7,999.9,48.0,25.0,0.0,999.9,0
2020-12-03,110,STREET,4,12,2020,36.4,21.8,1021.9,10.0,9,15.9,25.1,48.0,26.2,0.0,999.9,0
2020-12-04,137,STREET,5,12,2020,37.6,26.4,1014.1,10.0,9.9,14,24.1,46.0,31.1,0.0,999.9,0
2020-12-05,149,STREET,6,12,2020,34.2,26.2,1019.8,10.0,5.3,8,999.9,46.0,28.9,0.0,999.9,0
2020-12-06,156,STREET,7,12,2020,35.4,28.3,1019.2,9.7,4.3,8,999.9,41.0,29.1,0.0,999.9,1
2020-12-07,113,STREET,1,12,2020,35.6,28.2,1017.1,9.9,3.3,8,999.9,37.9,33.1,0.0,999.9,0
2020-12-08,111,STREET,2,12,2020,35.0,26.5,1018.4,9.7,6.3,13,22.0,37.9,33.1,0.0,999.9,0
2020-12-09,140,STREET,3,12,2020,39.3,30.7,1011.6,7.4,7.1,14,20.0,53.1,32.0,0.0,999.9,0
2020-12-10,127,STREET,4,12,2020,42.0,31.4,1015.2,9.5,3.5,9.9,999.9,57.0,30.9,0.0,999.9,0
2020-12-11,120,STREET,5,12,2020,43.2,36.2,1012.8,8.8,9.6,24.1,28.9,57.0,31.1,0.0,999.9,1
2020-12-12,118,STREET,6,12,2020,40.0,36.6,1008.4,5.2,14.7,19,28.0,44.1,35.1,1.18,999.9,1
2020-12-13,152,STREET,7,12,2020,31.3,25.0,1019.5,9.8,5.8,11.1,999.9,42.1,27.0,0.49,999.9,1
2020-12-14,112,STREET,1,12,2020,29.8,19.0,1021.8,10.0,9.4,15,25.1,36.0,27.0,0.0,999.9,0
2020-12-15,128,STREET,2,12,2020,24.9,13.1,1028.5,10.0,6.3,12,999.9,34.0,18.0,0.0,999.9,0
2020-12-16,110,STREET,3,12,2020,31.2,21.9,1019.0,9.5,9.4,12,17.1,34.0,19.0,0.0,999.9,1
2020-12-17,125,STREET,4,12,2020,33.1,22.8,1019.1,9.9,6,8.9,999.9,35.1,29.1,0.0,999.9,1
2020-12-18,112,STREET,5,12,2020,30.1,22.3,1025.2,9.3,5.5,13,21.0,37.0,24.1,0.0,999.9,0
2020-12-19,158,STREET,6,12,2020,38.3,31.0,1017.0,9.9,10.2,17.1,26.0,43.0,25.2,0.0,999.9,0
2020-12-20,135,STREET,7,12,2020,36.4,28.2,1013.0,8.7,8.4,13,22.9,43.0,32.0,0.0,999.9,0
2020-12-21,134,STREET,1,12,2020,37.4,29.1,1005.8,9.1,8.7,18.1,28.0,46.0,33.1,0.0,999.9,1
2020-12-22,158,STREET,2,12,2020,37.3,27.3,1017.6,10.0,10,19,29.9,46.0,32.0,0.0,999.9,1
2020-12-23,132,STREET,3,12,2020,46.7,32.7,1007.1,9.7,16.3,26,35.9,57.9,32.0,0.0,999.9,1
2020-12-24,92,STREET,4,12,2020,21.9,11.6,1005.3,9.0,14.3,21,38.1,50.0,12.2,0.17,999.9,1
2020-12-25,84,STREET,5,12,2020,13.4,2.7,1014.3,9.7,10.5,15,21.0,26.1,8.1,0.0,999.9,1
2020-12-26,111,STREET,6,12,2020,23.1,10.4,1013.9,10.0,7.3,14,28.0,33.1,8.1,0.0,999.9,0
2020-12-27,120,STREET,7,12,2020,31.8,23.6,1010.5,10.0,5.6,11.1,999.9,46.9,19.0,0.0,999.9,0
2020-12-28,132,STREET,1,12,2020,33.0,23.3,1018.2,10.0,10.3,14,24.1,46.9,25.2,0.0,999.9,1
2020-12-29,93,STREET,2,12,2020,24.2,15.7,1032.4,9.6,5.1,15.9,22.9,34.0,18.0,0.0,1.2,1
2020-12-30,78,STREET,3,12,2020,31.8,26.6,1013.7,6.6,13.2,18.1,28.9,35.1,18.0,0.7,1.2,1
2020-12-31,120,STREET,4,12,2020,25.6,17.2,1023.1,9.9,5.1,12,22.0,35.1,23.0,0.01,1.2,0
2021-01-01,146,STREET,5,01,2021,26.7,22.3,1022.0,5.6,7.6,18.1,25.1,35.1,18.0,0.0,1.2,1
2021-01-02,100,STREET,6,01,2021,32.0,28.5,1016.2,3.8,7.5,15,999.9,35.1,19.2,0.38,2.0,1
2021-01-03,127,STREET,7,01,2021,31.9,28.4,1015.4,5.1,5.5,8,999.9,35.1,29.1,0.02,2.0,1
2021-01-04,125,STREET,1,01,2021,26.9,23.3,1016.2,5.8,6.7,9.9,999.9,33.1,24.1,0.01,2.0,1
2021-01-05,145,STREET,2,01,2021,30.9,27.2,1018.3,6.2,6.3,11.1,999.9,37.0,24.1,0.0,2.0,1
2021-01-06,113,STREET,3,01,2021,33.0,27.5,1026.4,5.4,2.7,8,999.9,39.0,28.9,0.0,2.0,0
2021-01-07,141,STREET,4,01,2021,35.3,28.3,1028.3,8.5,7.1,12,999.9,39.0,31.1,0.0,1.2,0
2021-01-08,144,STREET,5,01,2021,33.8,26.7,1025.6,9.2,9.6,15,999.9,37.9,30.9,0.0,1.2,1
2021-01-09,136,STREET,6,01,2021,31.4,22.9,1025.5,10.0,8.2,13,19.0,37.0,28.9,0.02,1.2,0
2021-01-10,141,STREET,7,01,2021,28.9,21.7,1027.1,10.0,4.2,7,999.9,37.0,28.0,0.0,1.2,0
2021-01-11,115,STREET,1,01,2021,25.2,19.8,1025.5,8.7,9.9,15.9,25.1,28.9,21.9,0.0,1.2,0
2021-01-12,136,STREET,2,01,2021,30.7,24.8,1019.0,9.7,11.2,15,22.9,37.0,21.9,0.0,1.2,0
2021-01-13,124,STREET,3,01,2021,34.5,28.2,1012.2,9.5,7.9,12,17.1,41.0,27.0,0.0,1.2,0
2021-01-14,126,STREET,4,01,2021,36.3,30.5,1002.8,9.6,6.4,12,20.0,41.0,31.1,0.0,1.2,1
2021-01-15,125,STREET,5,01,2021,35.4,30.7,997.8,9.4,7.5,13,22.0,39.9,32.0,0.14,999.9,1
2021-01-16,122,STREET,6,01,2021,33.0,28.9,1002.6,7.3,6.2,11.1,999.9,39.0,30.0,0.06,1.2,1
2021-01-17,123,STREET,7,01,2021,31.9,28.0,1006.0,6.0,5.9,8.9,999.9,36.0,28.4,0.03,1.2,1
2021-01-18,123,STREET,1,01,2021,28.4,22.9,1010.8,9.1,7.7,13,19.0,32.0,26.6,0.04,1.2,1
2021-01-19,109,STREET,2,01,2021,24.3,16.9,1019.9,9.3,7.7,12,21.0,30.0,19.9,0.0,1.2,1
2021-01-20,118,STREET,3,01,2021,22.7,14.7,1020.7,8.3,10.2,19,28.9,32.0,12.9,0.05,1.2,1
2021-01-21,105,STREET,4,01,2021,34.0,23.4,1007.2,10.0,13.8,22.9,32.1,39.0,30.0,0.0,1.2,0
2021-01-22,106,STREET,5,01,2021,22.8,9.7,1016.2,10.0,10.8,17.1,22.9,39.0,14.0,0.0,1.2,0
2021-01-23,124,STREET,6,01,2021,17.1,3.3,1027.9,10.0,4.3,8.9,999.9,30.0,10.0,0.0,999.9,0
2021-01-24,143,STREET,7,01,2021,29.7,19.8,1021.1,8.6,6.2,11.1,999.9,34.0,27.0,0.01,999.9,1
2021-01-25,119,STREET,1,01,2021,30.9,23.3,1017.9,9.8,9.4,18.1,26.0,34.0,28.0,0.01,999.9,1
2021-01-26,80,STREET,2,01,2021,31.0,26.9,1010.4,2.5,15.7,21,31.1,34.0,28.0,0.11,5.9,1
2021-01-27,103,STREET,3,01,2021,24.3,16.7,1025.6,10.0,11.1,19,21.0,32.0,19.9,0.07,5.1,0
2021-01-28,92,STREET,4,01,2021,16.8,4.8,1036.1,10.0,6.6,11.1,999.9,27.0,8.1,0.0,5.1,0
2021-01-29,88,STREET,5,01,2021,22.0,9.1,1032.0,10.0,3.8,9.9,999.9,32.0,8.1,0.0,5.1,0
2021-01-30,113,STREET,6,01,2021,30.5,19.8,1021.7,9.2,11.1,21,32.1,34.0,17.1,0.0,5.1,1
2021-01-31,65,STREET,7,01,2021,30.7,27.6,1012.4,1.0,15.3,21,29.9,34.0,28.9,0.32,15.0,1
2021-02-01,112,STREET,1,02,2021,29.5,23.4,1021.2,9.2,11.5,17.1,28.9,33.1,25.0,0.04,13.0,1
2021-02-02,107,STREET,2,02,2021,26.0,17.6,1024.4,10.0,8.6,12,999.9,33.1,21.0,0.0,11.8,0
2021-02-03,128,STREET,3,02,2021,25.5,16.8,1021.2,10.0,3.9,9.9,999.9,36.0,17.1,0.0,11.0,0
2021-02-04,97,STREET,4,02,2021,32.2,24.1,1008.5,8.0,10.2,21,28.9,39.0,17.1,0.0,11.0,1
2021-02-05,109,STREET,5,02,2021,17.1,9.6,1003.9,7.5,16.9,26,42.9,39.0,10.0,0.17,11.0,1
2021-02-06,101,STREET,6,02,2021,8.7,0.0,1015.6,8.9,9.5,17.1,28.9,19.0,3.0,0.0,11.0,1
2021-02-07,90,STREET,7,02,2021,1.3,-9.1,1023.9,8.8,8.6,11.1,18.1,12.0,-7.1,0.07,11.0,1
2021-02-08,94,STREET,1,02,2021,5.4,-4.7,1027.5,7.8,2.5,8.9,999.9,15.1,-6.0,0.0,14.2,1
2021-02-09,106,STREET,2,02,2021,8.2,-3.5,1028.6,8.3,7.7,14,999.9,18.0,0.0,0.08,13.0,1
2021-02-10,99,STREET,3,02,2021,9.7,-1.8,1030.2,8.7,5.9,11.1,999.9,18.0,0.0,0.0,13.0,1
2021-02-11,94,STREET,4,02,2021,11.7,0.9,1031.0,8.5,10.6,15.9,999.9,21.2,1.9,0.03,13.0,1
2021-02-12,122,STREET,5,02,2021,13.8,6.2,1029.4,8.7,8.3,14,999.9,17.6,10.0,0.01,11.8,1
2021-02-13,107,STREET,6,02,2021,7.8,0.3,1028.7,3.9,8.2,13,999.9,17.1,5.0,0.03,15.0,1
2021-02-14,86,STREET,7,02,2021,0.1,-12.2,1031.8,9.8,9.4,13,999.9,12.0,-5.1,0.06,15.0,1
2021-02-15,70,STREET,1,02,2021,3.5,-4.1,1029.7,2.8,13.3,20,28.9,12.0,-5.1,0.03,16.9,1
2021-02-16,71,STREET,2,02,2021,11.6,4.5,1019.3,5.1,11.3,18.1,27.0,19.9,0.0,0.19,20.1,1
2021-02-17,117,STREET,3,02,2021,15.5,4.9,1027.5,10.0,3.9,8,999.9,27.0,6.1,0.01,18.1,0
2021-02-18,119,STREET,4,02,2021,20.6,12.3,1028.4,6.0,5.1,8,999.9,27.0,8.1,0.01,18.1,1
2021-02-19,129,STREET,5,02,2021,16.2,7.9,1026.6,9.5,7,12,18.1,21.0,8.1,0.03,16.9,1
2021-02-20,145,STREET,6,02,2021,16.8,8.0,1027.9,7.8,4.7,8,999.9,28.9,6.1,0.0,16.1,1
2021-02-21,145,STREET,7,02,2021,25.6,16.1,1024.3,9.1,8,14,24.1,37.0,17.1,0.0,16.1,1
2021-02-22,127,STREET,1,02,2021,32.7,27.6,1008.0,6.0,13.1,17.1,27.0,37.9,17.2,0.26,14.2,1
2021-02-23,134,STREET,2,02,2021,40.4,30.3,1006.6,9.9,10.5,15.9,25.1,46.9,28.9,0.0,11.0,0
2021-02-24,139,STREET,3,02,2021,42.0,32.1,1009.1,10.0,10.3,15.9,22.9,46.9,37.9,0.0,7.1,0
2021-02-25,110,STREET,4,02,2021,33.9,23.9,1025.6,10.0,6.4,14,21.0,45.0,27.0,0.0,5.9,0
2021-02-26,117,STREET,5,02,2021,33.6,21.3,1023.7,10.0,6.4,12,999.9,43.0,24.1,0.0,5.1,0
2021-02-27,161,STREET,6,02,2021,40.3,31.2,1014.2,7.9,6.5,9.9,999.9,52.0,24.3,0.02,3.9,1
2021-02-28,141,STREET,7,02,2021,42.8,38.2,1011.9,6.2,8.1,19,31.1,52.0,33.1,0.0,1.2,1
2021-03-01,119,STREET,1,03,2021,32.5,21.7,1020.0,10.0,9.8,15.9,24.1,48.9,26.1,0.01,3.1,0
2021-03-02,132,STREET,2,03,2021,29.6,14.5,1026.2,10.0,6.9,18.1,28.0,43.0,21.9,0.0,999.9,0
2021-03-03,127,STREET,3,03,2021,44.3,30.1,1014.6,10.0,8.6,14,22.0,59.0,22.1,0.0,999.9,0
2021-03-04,122,STREET,4,03,2021,35.7,27.0,1024.9,9.8,11,17.1,24.1,59.0,30.9,0.0,999.9,0
2021-03-05,122,STREET,5,03,2021,34.1,20.2,1028.3,10.0,6.3,12,20.0,48.9,24.1,0.0,999.9,0
2021-03-06,133,STREET,6,03,2021,36.5,22.9,1027.5,10.0,3,11.1,999.9,48.9,25.2,0.0,999.9,0
2021-03-07,127,STREET,7,03,2021,36.5,22.2,1028.6,10.0,4.5,12,15.0,52.0,26.1,0.0,999.9,0
2021-03-08,146,STREET,1,03,2021,50.8,32.3,1025.3,10.0,10.9,18.1,27.0,62.1,44.1,0.0,999.9,0
2021-03-09,139,STREET,2,03,2021,52.6,36.1,1024.0,10.0,5.9,18.1,31.1,69.1,39.9,0.0,999.9,0
2021-03-10,147,STREET,3,03,2021,61.0,42.5,1014.7,10.0,14.7,20,35.0,69.1,57.0,0.0,999.9,1
2021-03-11,120,STREET,4,03,2021,55.3,43.5,1013.6,10.0,16.1,26,47.0,69.1,45.0,0.16,999.9,1
2021-03-12,142,STREET,5,03,2021,45.2,29.1,1027.4,10.0,7.4,11.1,999.9,64.0,37.0,0.0,999.9,0
2021-03-13,138,STREET,6,03,2021,43.2,24.7,1031.0,10.0,4.8,8.9,999.9,59.0,30.9,0.0,999.9,0
2021-03-14,148,STREET,7,03,2021,45.4,26.4,1027.5,10.0,11.8,22.9,31.1,59.0,31.1,0.0,999.9,0
2021-03-15,107,STREET,1,03,2021,35.0,22.6,1025.9,7.9,16,22.9,31.1,48.0,28.9,0.0,2.0,1
2021-03-16,114,STREET,2,03,2021,34.8,30.1,1016.3,5.5,6.4,17.1,26.0,39.9,28.9,0.23,1.2,1
2021-03-17,103,STREET,3,03,2021,35.7,30.3,1016.8,7.5,8,20,25.1,39.0,33.1,0.0,1.2,1
2021-03-18,101,STREET,4,03,2021,38.6,33.2,1014.5,7.9,23.8,31.1,42.9,43.0,34.0,0.4,999.9,1
2021-03-19,118,STREET,5,03,2021,39.0,21.4,1030.6,10.0,14,22.9,31.1,45.0,35.1,0.03,999.9,0
2021-03-20,112,STREET,6,03,2021,40.9,23.1,1033.3,10.0,4.5,11.1,999.9,57.9,28.0,0.0,999.9,0
2021-03-21,160,STREET,7,03,2021,49.8,26.8,1026.8,10.0,7.8,15,22.9,64.9,28.2,0.0,999.9,0
2021-03-22,130,STREET,1,03,2021,56.5,29.0,1018.8,10.0,9.5,14,26.0,68.0,37.0,0.0,999.9,0
2021-03-23,130,STREET,2,03,2021,56.8,41.0,1013.0,9.6,7,15,22.9,68.0,46.0,0.0,999.9,1
2021-03-24,111,STREET,3,03,2021,55.2,48.5,1004.2,9.5,13.4,21,35.9,64.0,50.0,0.24,999.9,1
2021-03-25,121,STREET,4,03,2021,47.0,40.0,1011.3,9.8,8.4,15.9,27.0,57.9,42.1,0.01,999.9,1
2021-03-26,125,STREET,5,03,2021,39.3,33.9,1012.8,9.6,9.6,22,28.0,50.0,35.1,0.18,999.9,1
2021-03-27,133,STREET,6,03,2021,47.2,39.6,1015.2,8.8,6.5,15.9,24.1,66.0,35.1,0.0,999.9,0
2021-03-28,140,STREET,7,03,2021,47.6,34.0,1011.2,9.9,15,24.1,34.0,66.0,36.0,0.0,999.9,1
2021-03-29,132,STREET,1,03,2021,43.6,25.7,1019.1,10.0,9.7,20,36.9,62.1,30.9,0.0,999.9,0
2021-03-30,121,STREET,2,03,2021,56.8,35.1,1008.6,10.0,17.5,22.9,38.1,66.9,48.9,0.0,999.9,0
2021-03-31,109,STREET,3,03,2021,42.1,18.8,1018.3,10.0,11.7,15.9,25.1,68.0,34.0,0.0,999.9,1
2021-04-01,116,STREET,4,04,2021,33.4,12.4,1030.4,10.0,12.3,15.9,22.9,44.1,24.1,0.0,999.9,0
2021-04-02,140,STREET,5,04,2021,36.0,16.1,1033.2,10.0,5.9,14,19.0,51.1,24.1,0.0,999.9,0
2021-04-03,154,STREET,6,04,2021,51.3,23.0,1022.1,10.0,12.9,18.1,28.0,71.1,26.2,0.0,999.9,0
2021-04-04,149,STREET,7,04,2021,59.8,37.1,1019.8,10.0,4.4,13,21.0,75.9,39.9,0.0,999.9,0
2021-04-05,131,STREET,1,04,2021,67.0,46.7,1013.5,10.0,9.9,17.1,24.1,75.9,60.1,0.0,999.9,1
2021-04-06,156,STREET,2,04,2021,69.7,48.4,1010.6,10.0,9.5,14,24.1,81.0,59.0,0.0,999.9,0
2021-04-07,150,STREET,3,04,2021,70.2,51.6,1008.9,10.0,8.7,15.9,32.1,82.0,59.0,0.0,999.9,1
2021-04-08,120,STREET,4,04,2021,63.5,54.9,1002.4,9.2,7.6,15,24.1,82.0,55.0,0.03,999.9,1
2021-04-09,123,STREET,5,04,2021,54.1,46.9,1002.6,9.4,10.8,19,31.1,69.1,51.1,0.33,999.9,1
2021-04-10,136,STREET,6,04,2021,52.8,47.3,1004.1,8.6,7.4,15,22.0,62.1,46.9,0.0,999.9,1
2021-04-11,133,STREET,7,04,2021,50.1,44.3,994.1,9.3,4.7,9.9,999.9,55.9,45.0,0.26,999.9,1
2021-04-12,121,STREET,1,04,2021,54.5,43.8,1004.9,9.8,8.9,19,29.9,62.1,45.0,0.01,999.9,1
2021-04-13,113,STREET,2,04,2021,49.4,32.8,1016.7,10.0,10.1,17.1,28.0,62.1,42.1,0.0,999.9,0
2021-04-14,105,STREET,3,04,2021,44.3,26.4,1019.4,10.0,8.2,15.9,22.0,54.0,36.0,0.0,999.9,0
2021-04-15,130,STREET,4,04,2021,44.7,30.6,1017.0,10.0,9.4,14,21.0,55.9,36.0,0.0,999.9,0
2021-04-16,122,STREET,5,04,2021,46.9,35.3,1015.9,10.0,5.4,9.9,999.9,57.0,39.0,0.0,999.9,0
2021-04-17,148,STREET,6,04,2021,44.1,33.3,1014.5,10.0,6.4,11.1,999.9,57.0,35.1,0.0,999.9,0
2021-04-18,114,STREET,7,04,2021,49.2,27.3,1013.4,10.0,4.5,11.1,15.9,62.1,35.1,0.0,999.9,0
2021-04-19,111,STREET,1,04,2021,50.9,31.9,1010.1,10.0,9.4,14,21.0,62.1,39.0,0.0,999.9,1
2021-04-20,107,STREET,2,04,2021,40.2,24.0,1016.7,9.1,6.9,12,999.9,52.0,34.0,0.0,999.9,1
2021-04-21,104,STREET,3,04,2021,39.1,23.9,1018.9,9.7,7.8,22,33.0,50.0,34.0,0.0,999.9,0
2021-04-22,136,STREET,4,04,2021,41.7,25.5,1018.9,9.8,6.3,15,22.9,60.1,32.0,0.0,999.9,0
2021-04-23,129,STREET,5,04,2021,52.8,27.1,1016.7,10.0,9.9,15,22.9,62.1,32.0,0.0,999.9,0
2021-04-24,133,STREET,6,04,2021,55.4,40.9,1012.1,10.0,3.3,14,999.9,64.0,43.0,0.0,999.9,1
2021-04-25,132,STREET,7,04,2021,46.2,33.6,1016.3,9.9,10.4,18.1,20.0,64.0,39.9,0.0,999.9,1
2021-04-26,132,STREET,1,04,2021,52.8,31.7,1015.2,10.0,12.2,24.1,41.0,79.0,39.0,0.0,999.9,0
2021-04-27,174,STREET,2,04,2021,73.3,50.3,1005.9,10.0,13.2,17.1,27.0,86.0,64.9,0.0,999.9,0
2021-04-28,117,STREET,3,04,2021,52.3,43.7,1009.7,9.5,8.8,17.1,999.9,9999.9,46.4,0.0,999.9,1
2021-04-29,99,STREET,4,04,2021,53.5,45.2,1010.4,9.2,8.3,12,15.9,71.1,46.9,0.04,999.9,1
2021-04-30,150,STREET,5,04,2021,53.1,37.4,1017.5,10.0,10.4,22.9,27.0,71.1,46.9,0.04,999.9,0
2021-05-01,195,STREET,6,05,2021,55.9,34.3,1015.4,10.0,12.8,27,41.0,84.9,42.1,0.0,999.9,0
2021-05-02,191,STREET,7,05,2021,74.4,50.4,1003.5,10.0,13.6,22,29.9,84.0,63.0,0.0,999.9,0
2021-05-03,124,STREET,1,05,2021,65.4,57.0,1001.5,9.5,9.7,19,28.9,84.9,59.0,0.01,999.9,1
2021-05-04,100,STREET,2,05,2021,56.9,51.0,1007.8,9.9,8,11.1,15.0,73.0,52.0,0.06,999.9,1
2021-05-05,138,STREET,3,05,2021,51.2,37.1,1017.1,10.0,7.9,15,22.0,61.0,41.0,0.0,999.9,0
2021-05-06,111,STREET,4,05,2021,49.2,35.2,1019.5,10.0,7.2,13,999.9,61.0,41.0,0.05,999.9,1
2021-05-07,115,STREET,5,05,2021,50.2,32.4,1016.3,10.0,8,17.1,24.1,60.1,44.1,0.01,999.9,0
2021-05-08,131,STREET,6,05,2021,45.0,32.5,1019.7,9.6,6,15,999.9,60.1,37.0,0.0,999.9,0
2021-05-09,134,STREET,7,05,2021,46.1,34.8,1014.7,9.4,10.7,17.1,24.1,57.0,37.0,0.12,999.9,1
2021-05-10,128,STREET,1,05,2021,46.2,33.4,1019.6,10.0,7.8,15,15.9,57.0,39.0,0.1,999.9,0
2021-05-11,115,STREET,2,05,2021,46.3,30.2,1025.9,10.0,7.4,15.9,22.0,55.9,36.0,0.0,999.9,0
2021-05-12,104,STREET,3,05,2021,49.8,27.0,1030.7,10.0,4.8,12,17.1,62.1,36.0,0.0,999.9,0
2021-05-13,129,STREET,4,05,2021,55.4,24.1,1029.1,10.0,4,8.9,999.9,70.0,37.0,0.0,999.9,0
2021-05-14,176,STREET,5,05,2021,60.3,27.5,1025.7,10.0,5.5,11.1,999.9,71.1,41.0,0.0,999.9,0
2021-05-15,175,STREET,6,05,2021,58.6,37.9,1022.8,10.0,6.9,12,24.1,71.1,48.0,0.0,999.9,1
2021-05-16,142,STREET,7,05,2021,61.7,47.0,1021.1,10.0,3.5,8,999.9,72.0,55.0,0.01,999.9,0
2021-05-17,160,STREET,1,05,2021,63.5,48.7,1021.0,10.0,5.9,11.1,999.9,72.0,55.0,0.0,999.9,0
2021-05-18,143,STREET,2,05,2021,65.2,54.6,1022.1,10.0,8.8,18.1,24.1,75.9,55.9,0.0,999.9,1
2021-05-19,142,STREET,3,05,2021,68.7,61.2,1021.1,9.6,9.5,15.9,26.0,75.9,57.9,0.07,999.9,1
2021-05-20,149,STREET,4,05,2021,74.1,60.4,1022.6,10.0,9.2,17.1,25.1,86.0,66.0,0.04,999.9,1
2021-05-21,158,STREET,5,05,2021,77.3,58.3,1024.7,10.0,8.9,15,25.1,86.0,66.0,0.0,999.9,0
2021-05-22,170,STREET,6,05,2021,77.6,61.0,1026.1,10.0,5.1,11.1,19.0,88.0,69.1,0.0,999.9,0
2021-05-23,178,STREET,7,05,2021,75.3,63.6,1022.0,9.9,6.9,11.1,14.0,84.9,60.1,0.0,999.9,1
2021-05-24,163,STREET,1,05,2021,68.5,56.5,1019.4,7.3,6.1,12,20.0,89.1,55.4,0.02,999.9,1
2021-05-25,164,STREET,2,05,2021,79.0,58.1,1015.1,10.0,10.4,21,32.1,86.0,73.0,0.0,999.9,1
2021-05-26,172,STREET,3,05,2021,72.8,58.8,1014.2,9.0,10.7,21,26.0,84.9,64.9,0.77,999.9,1
2021-05-27,128,STREET,4,05,2021,57.3,45.3,1019.3,9.9,13.3,20,28.9,82.0,50.0,0.74,999.9,1
2021-05-28,113,STREET,5,05,2021,48.2,42.8,1014.7,8.4,18.4,27,35.0,59.0,44.1,0.24,999.9,1
2021-05-29,157,STREET,6,05,2021,51.4,31.4,1021.9,9.8,13.1,18.1,28.9,60.1,44.1,0.29,999.9,1
2021-05-30,161,STREET,7,05,2021,55.7,32.7,1024.8,10.0,4.8,11.1,999.9,69.1,42.1,0.0,999.9,0
2021-05-31,154,STREET,1,05,2021,62.7,40.5,1023.9,10.0,6,13,17.1,70.0,42.1,0.0,999.9,0
2021-06-01,155,STREET,2,06,2021,63.2,46.1,1022.6,9.7,3.9,11.1,999.9,77.0,50.0,0.0,999.9,0
2021-06-02,156,STREET,3,06,2021,67.3,47.5,1017.0,10.0,5.2,9.9,14.0,78.1,50.0,0.0,999.9,0
2021-06-03,169,STREET,4,06,2021,70.7,48.9,1011.9,9.9,4.4,8.9,999.9,87.1,55.9,0.0,999.9,0
2021-06-04,155,STREET,5,06,2021,79.8,50.4,1011.8,10.0,8.6,15.9,25.1,90.0,71.1,0.0,999.9,1
2021-06-05,162,STREET,6,06,2021,80.6,54.8,1011.8,10.0,10.7,17.1,22.9,91.9,69.1,0.0,999.9,0
2021-06-06,190,STREET,7,06,2021,81.5,59.2,1012.0,10.0,10.2,15.9,28.9,91.9,69.1,0.0,999.9,0
2021-06-07,162,STREET,1,06,2021,77.5,67.5,1012.4,9.9,7.3,9.9,15.9,89.1,72.0,0.0,999.9,1
2021-06-08,157,STREET,2,06,2021,77.5,67.8,1014.7,9.8,3.5,8,999.9,91.0,71.1,0.0,999.9,1
2021-06-09,166,STREET,3,06,2021,79.9,66.7,1015.7,10.0,4.4,9.9,17.1,91.0,71.1,0.01,999.9,0
2021-06-10,163,STREET,4,06,2021,77.3,65.0,1014.0,10.0,5.1,9.9,999.9,90.0,66.0,0.0,999.9,0
2021-06-11,150,STREET,5,06,2021,81.2,66.3,1010.0,10.0,4,8.9,999.9,91.9,66.0,0.0,999.9,0
2021-06-12,149,STREET,6,06,2021,79.9,67.8,1009.7,9.3,4.8,20,35.0,93.0,68.0,0.0,999.9,1
2021-06-13,192,STREET,7,06,2021,77.9,58.8,1013.3,10.0,6.1,8.9,14.0,93.0,66.0,1.5,999.9,0
2021-06-14,161,STREET,1,06,2021,75.3,52.8,1012.8,10.0,10.4,19,24.1,87.1,64.9,0.0,999.9,0
2021-06-15,155,STREET,2,06,2021,70.5,52.7,1017.7,10.0,7.1,14,20.0,82.9,62.1,0.0,999.9,0
2021-06-16,146,STREET,3,06,2021,67.1,44.9,1019.3,10.0,7.5,15,15.9,77.0,55.9,0.0,999.9,0
2021-06-17,158,STREET,4,06,2021,71.5,46.0,1015.3,10.0,5.7,15,21.0,88.0,55.9,0.0,999.9,1
2021-06-18,173,STREET,5,06,2021,80.9,62.5,1008.3,10.0,8.7,28.9,40.0,90.0,57.9,0.24,999.9,1
2021-06-19,208,STREET,6,06,2021,79.5,62.2,1007.4,10.0,7.8,18.1,26.0,90.0,66.9,0.01,999.9,0
2021-06-20,179,STREET,7,06,2021,72.3,63.0,1005.9,9.8,5.7,12,999.9,90.0,62.1,0.0,999.9,1
2021-06-21,138,STREET,1,06,2021,69.8,57.8,1003.9,9.4,10.7,26,34.0,82.0,62.1,1.85,999.9,1
2021-06-22,184,STREET,2,06,2021,62.9,44.8,1014.0,10.0,7.7,15.9,22.9,73.0,54.0,0.0,999.9,0
2021-06-23,142,STREET,3,06,2021,68.9,52.0,1015.4,10.0,10.1,19,29.9,79.0,54.0,0.0,999.9,1
2021-06-24,154,STREET,4,06,2021,71.9,57.8,1014.5,9.0,11,17.1,27.0,79.0,64.9,0.02,999.9,1
2021-06-25,141,STREET,5,06,2021,72.0,69.1,1011.9,7.9,9.2,15.9,26.0,75.9,68.0,1.49,999.9,1
2021-06-26,132,STREET,6,06,2021,75.0,70.5,1009.0,9.2,7.6,14,22.0,82.0,70.0,0.45,999.9,1
2021-06-27,187,STREET,7,06,2021,76.5,69.2,1010.4,10.0,11.5,17.1,28.9,82.9,70.0,0.46,999.9,1
2021-06-28,167,STREET,1,06,2021,71.9,65.2,1018.3,9.9,5.6,12,999.9,82.9,66.0,0.0,999.9,1
2021-06-29,147,STREET,2,06,2021,76.2,71.0,1019.7,9.5,5.9,11.1,17.1,84.0,66.0,0.17,999.9,1
2021-06-30,141,STREET,3,06,2021,76.8,68.7,1018.3,9.7,4.9,15,22.9,84.0,71.1,0.29,999.9,1
2021-07-01,157,STREET,4,07,2021,71.3,62.3,1016.2,10.0,10.3,18.1,25.1,82.9,66.0,0.29,999.9,1
2021-07-02,178,STREET,5,07,2021,64.8,54.5,1018.5,10.0,7.7,14,999.9,75.9,57.0,0.0,999.9,0
2021-07-03,192,STREET,6,07,2021,70.4,55.1,1016.5,10.0,6.4,12,19.0,86.0,57.0,0.0,999.9,0
2021-07-04,194,STREET,7,07,2021,79.1,64.3,1013.5,10.0,6.4,11.1,15.0,89.1,59.0,0.0,999.9,0
2021-07-05,189,STREET,1,07,2021,81.6,67.7,1013.9,10.0,10.2,18.1,26.0,91.0,70.0,0.0,999.9,0
2021-07-06,142,STREET,2,07,2021,83.4,67.7,1015.1,10.0,9.6,13,22.9,91.0,73.0,0.0,999.9,0
2021-07-07,141,STREET,3,07,2021,80.5,67.6,1012.7,10.0,7.3,18.1,25.1,91.0,73.0,0.0,999.9,0
2021-07-08,143,STREET,4,07,2021,66.7,61.1,1012.3,10.0,7.1,12,999.9,89.1,63.0,0.0,999.9,1
2021-07-09,156,STREET,5,07,2021,66.4,53.7,1016.8,10.0,6.8,11.1,15.9,75.9,59.0,0.0,999.9,0
2021-07-10,169,STREET,6,07,2021,69.3,57.7,1015.6,10.0,7.5,13,15.9,75.9,59.0,0.0,999.9,1
2021-07-11,138,STREET,7,07,2021,67.8,63.2,1013.1,8.8,11.5,15.9,26.0,75.9,63.0,0.15,999.9,1
2021-07-12,136,STREET,1,07,2021,69.7,63.5,1015.9,10.0,8.1,14,18.1,73.9,66.0,0.05,999.9,1
2021-07-13,173,STREET,2,07,2021,71.1,66.6,1015.6,6.6,5.5,9.9,999.9,80.1,66.9,0.04,999.9,1
2021-07-14,132,STREET,3,07,2021,76.3,66.5,1018.3,10.0,6.8,13,20.0,84.0,68.0,0.0,999.9,1
2021-07-15,125,STREET,4,07,2021,75.4,68.4,1014.0,9.8,9.9,15.9,28.9,84.0,69.1,0.12,999.9,1
2021-07-16,167,STREET,5,07,2021,68.9,64.5,1015.3,8.7,9.1,15,999.9,79.0,64.9,1.04,999.9,1
2021-07-17,178,STREET,6,07,2021,70.6,62.5,1017.7,10.0,9.8,15.9,22.9,77.0,64.0,0.04,999.9,1
2021-07-18,152,STREET,7,07,2021,72.7,62.0,1021.7,10.0,7.7,12,15.0,82.0,63.0,0.0,999.9,0
2021-07-19,140,STREET,1,07,2021,73.4,62.6,1021.4,10.0,5.5,8.9,999.9,84.9,63.0,0.0,999.9,0
2021-07-20,134,STREET,2,07,2021,76.2,62.7,1018.1,10.0,6.4,15.9,18.1,88.0,64.0,0.0,999.9,0
2021-07-21,147,STREET,3,07,2021,69.6,62.0,1019.4,8.7,8.8,12,999.9,88.0,64.9,0.0,999.9,0
2021-07-22,140,STREET,4,07,2021,72.2,64.1,1021.0,9.2,3.8,9.9,999.9,86.0,64.0,0.0,999.9,0
2021-07-23,160,STREET,5,07,2021,80.5,69.9,1018.6,6.7,6.6,9.9,15.0,89.1,64.0,0.0,999.9,0
2021-07-24,156,STREET,6,07,2021,82.0,71.4,1012.9,7.1,9.4,28,35.0,91.9,73.9,0.0,999.9,1
2021-07-25,178,STREET,7,07,2021,81.5,64.4,1012.3,10.0,4.6,8.9,999.9,91.9,72.0,0.12,999.9,0
2021-07-26,147,STREET,1,07,2021,81.6,57.9,1015.0,10.0,3.7,7,999.9,93.9,70.0,0.0,999.9,0
2021-07-27,154,STREET,2,07,2021,80.2,63.7,1016.3,10.0,5.9,14,19.0,93.9,70.0,0.0,999.9,0
2021-07-28,137,STREET,3,07,2021,81.0,70.4,1015.7,10.0,6.1,21,28.0,88.0,70.0,0.21,999.9,1
2021-07-29,179,STREET,4,07,2021,81.7,71.9,1012.3,9.9,9.8,28.9,42.0,89.1,70.0,0.17,999.9,1
2021-07-30,133,STREET,5,07,2021,70.3,58.6,1018.9,10.0,11.6,17.1,22.0,89.1,66.0,0.0,999.9,0
2021-07-31,186,STREET,6,07,2021,69.4,56.9,1017.4,10.0,4.3,12,999.9,80.1,61.0,0.0,999.9,1
2021-08-01,190,STREET,7,08,2021,71.8,60.1,1015.2,8.3,9,15,21.0,80.1,62.1,0.0,999.9,0
2021-08-02,151,STREET,1,08,2021,68.7,55.7,1020.2,10.0,5.9,15,999.9,78.1,60.1,0.0,999.9,0
2021-08-03,143,STREET,2,08,2021,71.6,54.0,1018.9,10.0,3.5,9.9,999.9,82.9,60.1,0.0,999.9,0
2021-08-04,142,STREET,3,08,2021,74.8,55.6,1018.8,10.0,2.7,8.9,999.9,84.9,62.1,0.0,999.9,0
2021-08-05,133,STREET,4,08,2021,76.0,56.5,1018.5,9.3,6,12,19.0,87.1,64.0,0.0,999.9,0
2021-08-06,149,STREET,5,08,2021,77.0,61.8,1014.9,10.0,9,13,21.0,87.1,66.0,0.0,999.9,0
2021-08-07,157,STREET,6,08,2021,76.2,66.7,1014.0,9.3,6.4,19,33.0,89.1,66.0,0.19,999.9,1
2021-08-08,174,STREET,7,08,2021,82.8,69.4,1011.3,9.5,9.9,20,40.0,91.9,66.0,0.0,999.9,1
2021-08-09,135,STREET,1,08,2021,74.6,68.6,1010.8,9.7,10,17.1,32.1,91.9,70.0,0.03,999.9,1
2021-08-10,138,STREET,2,08,2021,81.0,74.0,1011.1,9.5,6.6,15,24.1,93.0,70.0,0.64,999.9,1
2021-08-11,124,STREET,3,08,2021,77.8,70.3,1009.8,9.5,10.3,25.1,49.9,93.0,70.0,0.38,999.9,1
2021-08-12,140,STREET,4,08,2021,80.1,70.7,1011.1,10.0,10.2,17.1,39.0,88.0,72.0,0.09,999.9,1
2021-08-13,112,STREET,5,08,2021,75.9,62.4,1016.5,10.0,5.7,9.9,999.9,84.9,72.0,0.0,999.9,0
2021-08-14,180,STREET,6,08,2021,72.9,52.5,1022.7,10.0,6.5,9.9,999.9,84.0,62.1,0.0,999.9,0
2021-08-15,164,STREET,7,08,2021,70.6,51.5,1023.3,10.0,4.6,11.1,17.1,80.1,60.1,0.0,999.9,0
2021-08-16,144,STREET,1,08,2021,72.3,56.5,1019.2,10.0,5.4,11.1,15.0,80.1,60.1,0.0,999.9,0
2021-08-17,138,STREET,2,08,2021,74.2,61.2,1016.7,10.0,4.2,8.9,999.9,84.0,63.0,0.0,999.9,0
2021-08-18,139,STREET,3,08,2021,77.2,68.6,1017.4,9.7,5.8,8.9,999.9,86.0,66.0,0.0,999.9,0
2021-08-19,141,STREET,4,08,2021,79.2,69.9,1017.8,9.5,5,13,999.9,88.0,70.0,0.0,999.9,1
2021-08-20,145,STREET,5,08,2021,79.8,69.1,1014.4,8.8,4.8,9.9,999.9,91.0,70.0,0.0,999.9,1
2021-08-21,166,STREET,6,08,2021,79.7,69.1,1010.6,9.1,7.2,18.1,28.9,91.0,70.0,0.0,999.9,1
2021-08-22,161,STREET,7,08,2021,76.3,66.8,1013.8,10.0,7.2,12,18.1,88.0,70.0,0.6,999.9,0
2021-08-23,149,STREET,1,08,2021,75.1,65.6,1014.7,10.0,5.2,9.9,15.9,87.1,66.9,0.0,999.9,0
2021-08-24,131,STREET,2,08,2021,82.5,72.1,1013.7,9.7,6.8,19,39.0,95.0,66.9,0.0,999.9,1
2021-08-25,118,STREET,3,08,2021,78.7,70.8,1016.3,9.5,6.4,21,31.1,95.0,71.1,1.91,999.9,1
2021-08-26,152,STREET,4,08,2021,77.4,69.5,1019.3,9.6,4.8,9.9,17.1,93.9,70.0,0.39,999.9,1
2021-08-27,173,STREET,5,08,2021,80.7,70.0,1016.8,10.0,4.8,9.9,15.0,91.0,70.0,0.0,999.9,0
2021-08-28,172,STREET,6,08,2021,83.6,72.8,1016.9,10.0,7.8,12,21.0,91.9,73.0,0.0,999.9,0
2021-08-29,196,STREET,7,08,2021,81.5,71.7,1015.5,10.0,9.4,20,28.9,91.9,73.9,0.0,999.9,1
2021-08-30,151,STREET,1,08,2021,76.2,63.1,1014.4,10.0,4.8,8.9,999.9,89.1,66.9,0.28,999.9,0
2021-08-31,141,STREET,2,08,2021,74.7,58.9,1010.8,10.0,4.9,12,999.9,84.9,66.0,0.0,999.9,0
2021-09-01,178,STREET,3,09,2021,73.2,58.7,1012.6,10.0,11.4,15.9,22.0,82.0,66.9,0.0,999.9,1
2021-09-02,142,STREET,4,09,2021,69.5,55.6,1018.5,10.0,5.8,14,999.9,78.1,62.1,0.0,999.9,0
2021-09-03,178,STREET,5,09,2021,69.7,56.6,1018.6,10.0,5.9,8.9,999.9,78.1,62.1,0.0,999.9,1
2021-09-04,178,STREET,6,09,2021,70.1,60.2,1013.2,9.9,7.1,14,18.1,75.0,64.0,0.01,999.9,1
2021-09-05,199,STREET,7,09,2021,69.5,56.3,1011.5,10.0,7.1,12,24.1,82.0,60.1,0.0,999.9,1
2021-09-06,162,STREET,1,09,2021,72.0,53.0,1012.6,10.0,4.9,9.9,999.9,82.0,60.1,0.0,999.9,0
2021-09-07,142,STREET,2,09,2021,72.3,61.0,1008.4,10.0,9,19,29.9,88.0,61.0,0.0,999.9,1
2021-09-08,155,STREET,3,09,2021,69.7,52.5,1008.1,10.0,8.7,15.9,27.0,88.0,59.0,0.0,999.9,0
2021-09-09,133,STREET,4,09,2021,66.9,51.2,1014.0,10.0,5.8,8.9,999.9,79.0,57.9,0.0,999.9,0
2021-09-10,176,STREET,5,09,2021,68.5,52.4,1017.2,10.0,4.4,11.1,18.1,80.1,57.9,0.0,999.9,0
2021-09-11,172,STREET,6,09,2021,73.6,59.2,1013.4,10.0,7.5,13,20.0,87.1,59.0,0.0,999.9,0
2021-09-12,194,STREET,7,09,2021,78.8,64.5,1013.1,10.0,8.8,13,20.0,87.1,64.9,0.0,999.9,0
2021-09-13,177,STREET,1,09,2021,74.6,65.6,1016.2,10.0,6.3,13,999.9,88.0,68.0,0.0,999.9,0
2021-09-14,152,STREET,2,09,2021,77.1,65.8,1010.0,9.5,10.5,18.1,25.1,88.0,68.0,0.0,999.9,0
2021-09-15,145,STREET,3,09,2021,68.4,53.4,1014.5,10.0,6.5,15.9,22.9,86.0,59.0,0.0,999.9,0
2021-09-16,175,STREET,4,09,2021,68.7,51.4,1018.2,10.0,4.5,11.1,14.0,82.0,57.0,0.0,999.9,0
2021-09-17,158,STREET,5,09,2021,74.8,57.8,1017.3,10.0,6.3,15.9,27.0,89.1,57.0,0.0,999.9,1
2021-09-18,192,STREET,6,09,2021,71.4,62.2,1020.9,9.9,8.6,13,15.9,89.1,64.0,0.45,999.9,1
2021-09-19,198,STREET,7,09,2021,73.6,62.3,1019.0,10.0,4.5,11.1,999.9,89.1,64.0,0.0,999.9,0
2021-09-20,172,STREET,1,09,2021,75.7,66.9,1013.3,9.4,7.7,13,22.9,89.1,64.0,0.0,999.9,1
2021-09-21,137,STREET,2,09,2021,69.0,62.2,1014.1,9.2,11.3,15.9,31.1,82.0,61.0,0.23,999.9,1
2021-09-22,155,STREET,3,09,2021,59.7,50.4,1019.7,9.4,13.9,21,28.9,75.9,55.9,0.42,999.9,1
2021-09-23,161,STREET,4,09,2021,58.0,42.0,1015.4,10.0,11.6,14,24.1,66.9,51.1,0.4,999.9,0
2021-09-24,165,STREET,5,09,2021,62.7,44.0,1013.5,10.0,9,19,32.1,79.0,51.1,0.0,999.9,0
2021-09-25,167,STREET,6,09,2021,61.4,45.9,1014.1,9.8,9.8,15.9,25.1,79.0,50.0,0.12,999.9,1
2021-09-26,179,STREET,7,09,2021,66.1,41.2,1013.6,10.0,9.5,17.1,29.9,82.9,50.0,0.0,999.9,0
2021-09-27,165,STREET,1,09,2021,73.4,54.5,1008.3,10.0,10.3,18.1,22.9,87.1,54.0,0.0,999.9,0
2021-09-28,184,STREET,2,09,2021,65.9,54.7,1014.1,10.0,9.6,17.1,999.9,87.1,60.1,0.0,999.9,0
2021-09-29,150,STREET,3,09,2021,67.0,54.5,1016.8,10.0,4.8,8.9,999.9,82.0,55.0,0.0,999.9,0
2021-09-30,147,STREET,4,09,2021,68.7,55.0,1020.1,10.0,4.5,8.9,999.9,82.0,55.0,0.0,999.9,0
2021-10-01,192,STREET,5,10,2021,70.8,57.1,1021.1,10.0,4.2,8.9,999.9,84.9,61.0,0.0,999.9,0
2021-10-02,194,STREET,6,10,2021,72.7,61.5,1016.5,9.9,6.8,15,21.0,84.9,61.0,0.02,999.9,1
2021-10-03,180,STREET,7,10,2021,70.6,65.6,1010.2,9.4,5,8.9,14.0,80.1,66.0,0.14,999.9,1
2021-10-04,173,STREET,1,10,2021,66.9,62.5,1012.4,9.5,7.7,18.1,24.1,75.9,64.0,0.0,999.9,1
2021-10-05,156,STREET,2,10,2021,65.6,60.8,1021.0,10.0,11.9,18.1,22.0,73.0,64.0,0.0,999.9,1
2021-10-06,153,STREET,3,10,2021,65.6,61.9,1023.3,7.7,8.3,11.1,999.9,68.0,64.0,0.0,999.9,1
2021-10-07,149,STREET,4,10,2021,68.1,64.3,1019.8,7.2,6.7,12,25.1,75.0,64.0,0.03,999.9,1
2021-10-08,133,STREET,5,10,2021,67.0,62.2,1015.9,8.4,2.7,9.9,999.9,75.0,62.1,0.63,999.9,1
2021-10-09,184,STREET,6,10,2021,69.4,61.9,1013.4,9.3,3.5,9.9,15.0,80.1,62.1,0.02,999.9,1
2021-10-10,149,STREET,7,10,2021,73.0,63.9,1007.5,9.9,8.7,17.1,26.0,80.1,64.0,0.01,999.9,1
2021-10-11,143,STREET,1,10,2021,72.2,63.7,1005.6,9.1,9.2,15,26.0,79.0,66.0,0.02,999.9,1
2021-10-12,170,STREET,2,10,2021,63.0,60.0,1008.4,8.9,9.5,15,20.0,77.0,61.0,0.76,999.9,1
2021-10-13,163,STREET,3,10,2021,60.0,55.0,1014.0,8.9,4.1,15,20.0,71.1,53.1,0.01,999.9,1
2021-10-14,157,STREET,4,10,2021,66.7,58.3,1011.1,9.5,6.8,13,21.0,71.1,53.1,0.41,999.9,1
2021-10-15,172,STREET,5,10,2021,57.7,48.7,1012.1,10.0,5.3,12,999.9,71.1,52.0,0.1,999.9,1
2021-10-16,158,STREET,6,10,2021,52.1,38.1,1014.8,10.0,8.9,14,24.1,62.1,44.1,0.02,999.9,1
2021-10-17,163,STREET,7,10,2021,53.3,35.0,1019.1,10.0,6.9,11.1,18.1,66.0,42.1,0.0,999.9,0
2021-10-18,162,STREET,1,10,2021,57.0,39.0,1019.6,10.0,3.7,8.9,15.0,72.0,43.0,0.0,999.9,0
2021-10-19,149,STREET,2,10,2021,60.7,45.6,1018.5,10.0,6.6,12,20.0,72.0,45.0,0.0,999.9,0
2021-10-20,144,STREET,3,10,2021,61.3,47.3,1016.7,10.0,6.8,14,19.0,72.0,52.0,0.0,999.9,0
2021-10-21,151,STREET,4,10,2021,56.7,48.6,1011.3,9.9,10.1,15.9,24.1,72.0,48.0,0.0,999.9,1
2021-10-22,156,STREET,5,10,2021,47.9,38.2,1017.3,10.0,5.4,9.9,999.9,64.9,41.0,0.0,999.9,1
2021-10-23,162,STREET,6,10,2021,47.4,33.6,1016.7,10.0,4.1,8,999.9,55.9,39.0,0.0,999.9,0
2021-10-24,135,STREET,7,10,2021,45.7,39.4,1015.4,8.7,5.5,20,29.9,55.9,39.0,0.0,999.9,1
2021-10-25,140,STREET,1,10,2021,49.6,45.2,1010.3,7.4,19.4,26,40.0,55.0,39.0,2.26,999.9,1
2021-10-26,175,STREET,2,10,2021,49.1,41.3,1018.6,10.0,8,9.9,999.9,57.0,42.1,0.35,999.9,0
2021-10-27,153,STREET,3,10,2021,47.1,38.1,1016.2,10.0,5.3,13,999.9,57.0,37.9,0.0,999.9,0
2021-10-28,139,STREET,4,10,2021,51.3,46.1,1006.1,9.0,8.9,13,999.9,55.9,37.9,0.0,999.9,1
2021-10-29,159,STREET,5,10,2021,54.3,52.3,1001.3,4.9,12.3,22,29.9,57.0,48.0,0.51,999.9,1
2021-10-30,166,STREET,6,10,2021,54.4,48.8,1004.1,8.1,13.9,19,29.9,59.0,51.1,0.5,999.9,1
2021-10-31,199,STREET,7,10,2021,48.7,41.1,1011.3,10.0,8.3,15,21.0,59.0,45.0,0.04,999.9,0
2021-11-01,147,STREET,1,11,2021,41.4,28.1,1023.9,10.0,7.3,14,21.0,53.1,35.1,0.0,999.9,0
2021-11-02,137,STREET,2,11,2021,39.6,25.2,1026.8,10.0,7.2,13,20.0,48.9,32.0,0.0,999.9,0
2021-11-03,140,STREET,3,11,2021,36.9,24.4,1029.0,10.0,4.6,8.9,15.9,46.9,28.9,0.0,999.9,0
2021-11-04,144,STREET,4,11,2021,37.8,24.3,1027.7,10.0,3.9,8.9,999.9,46.9,28.9,0.0,999.9,0
2021-11-05,143,STREET,5,11,2021,41.5,28.6,1027.0,10.0,6.5,12,19.0,52.0,29.1,0.0,999.9,0
2021-11-06,162,STREET,6,11,2021,45.9,31.9,1023.0,10.0,7.7,12,21.0,59.0,34.0,0.0,999.9,0
2021-11-07,199,STREET,7,11,2021,52.4,39.6,1020.0,9.9,8.1,14,22.9,64.9,36.0,0.0,999.9,0
2021-11-08,178,STREET,1,11,2021,55.9,42.6,1018.2,10.0,9.2,14,22.9,64.9,41.0,0.0,999.9,0
2021-11-09,147,STREET,2,11,2021,54.7,47.3,1020.4,9.4,7.1,13,20.0,64.9,48.9,0.0,999.9,0
2021-11-10,151,STREET,3,11,2021,47.8,41.0,1020.5,9.7,6.1,13,999.9,57.9,37.9,0.0,999.9,1
2021-11-11,151,STREET,4,11,2021,52.7,45.4,1006.0,8.8,11.5,18.1,32.1,71.1,37.9,0.0,999.9,1
2021-11-12,152,STREET,5,11,2021,40.6,31.9,1005.9,9.5,11.8,18.1,33.0,57.0,35.1,0.44,999.9,1
2021-11-13,159,STREET,6,11,2021,37.1,30.8,1012.3,9.8,10.1,13,21.0,43.0,35.1,0.05,999.9,1
2021-11-14,147,STREET,7,11,2021,35.6,29.9,1009.0,8.6,12,20,31.1,39.0,33.1,0.03,999.9,1
2021-11-15,150,STREET,1,11,2021,32.9,23.5,1017.9,9.7,6.2,13,22.0,37.0,30.0,0.01,999.9,1
2021-11-16,138,STREET,2,11,2021,37.7,30.3,1017.5,9.5,4.8,12,22.0,48.9,30.0,0.01,999.9,0
2021-11-17,132,STREET,3,11,2021,54.7,49.4,1008.7,8.6,10.2,17.1,27.0,61.0,46.9,0.0,999.9,1
2021-11-18,141,STREET,4,11,2021,36.9,22.9,1019.1,10.0,12.4,20,31.1,61.0,32.0,0.13,999.9,1
2021-11-19,166,STREET,5,11,2021,32.8,18.7,1030.6,10.0,7.6,17.1,25.1,39.9,26.1,0.0,999.9,1
2021-11-20,152,STREET,6,11,2021,39.7,26.1,1023.0,10.0,8.9,14,20.0,50.0,27.1,0.0,999.9,0
2021-11-21,166,STREET,7,11,2021,43.5,32.4,1018.0,9.9,5.5,19,34.0,55.0,35.1,0.0,999.9,1
2021-11-22,132,STREET,1,11,2021,31.2,10.0,1021.5,10.0,10.5,18.1,33.0,55.0,23.0,0.0,999.9,0
2021-11-23,129,STREET,2,11,2021,31.7,11.5,1022.9,10.0,6.4,14,20.0,43.0,24.1,0.0,999.9,0
2021-11-24,131,STREET,3,11,2021,41.9,26.4,1015.1,10.0,12.5,17.1,26.0,53.1,24.3,0.0,999.9,0
2021-11-25,106,STREET,4,11,2021,44.1,37.4,1016.6,10.0,9.7,17.1,25.1,53.1,30.0,0.04,999.9,1
2021-11-26,126,STREET,5,11,2021,24.7,10.1,1023.6,10.0,8.3,17.1,27.0,30.0,19.0,0.0,999.9,0
2021-11-27,151,STREET,6,11,2021,33.7,21.0,1013.4,10.0,6.8,9.9,999.9,42.1,19.0,0.0,999.9,1
2021-11-28,144,STREET,7,11,2021,34.8,20.6,1015.1,10.0,10.3,15.9,27.0,42.1,30.0,0.0,999.9,0
2021-11-29,141,STREET,1,11,2021,33.1,14.9,1017.8,10.0,6.2,17.1,27.0,41.0,27.0,0.0,999.9,1
2021-11-30,138,STREET,2,11,2021,41.5,26.0,1013.5,10.0,8.5,13,19.0,53.1,27.1,0.0,999.9,0
2021-12-01,147,STREET,3,12,2021,41.3,30.7,1015.6,9.9,5.4,13,21.0,53.1,34.0,0.0,999.9,1
2021-12-02,173,STREET,4,12,2021,51.2,35.6,1007.5,9.9,11,19,28.0,59.0,34.0,0.0,999.9,0
2021-12-03,175,STREET,5,12,2021,45.7,31.5,1016.6,10.0,4.8,8.9,999.9,59.0,42.1,0.0,999.9,1
2021-12-04,148,STREET,6,12,2021,37.6,25.3,1023.7,8.3,6.6,11.1,15.9,51.1,30.9,0.0,999.9,1
2021-12-05,135,STREET,7,12,2021,37.6,20.0,1018.9,8.2,7.6,17.1,24.1,44.1,32.0,0.0,999.9,1
2021-12-06,127,STREET,1,12,2021,34.6,24.0,1010.6,9.0,13.6,22,33.0,41.0,24.1,0.26,999.9,1
2021-12-07,121,STREET,2,12,2021,18.3,0.2,1024.6,10.0,6.5,15.9,25.1,37.9,12.9,0.0,999.9,1
2021-12-08,146,STREET,3,12,2021,28.3,13.0,1015.9,10.0,7.8,12,999.9,35.1,12.9,0.0,999.9,0
2021-12-09,157,STREET,4,12,2021,34.3,22.7,1011.9,9.9,7.3,14,21.0,46.0,25.0,0.0,999.9,0
2021-12-10,129,STREET,5,12,2021,42.0,34.5,1009.5,9.1,6.7,14,20.0,46.9,28.2,0.0,999.9,1
2021-12-11,161,STREET,6,12,2021,45.3,38.0,1000.4,8.5,13.8,27,47.0,60.1,35.1,0.84,999.9,1
2021-12-12,172,STREET,7,12,2021,37.9,24.1,1018.2,10.0,10.6,17.1,26.0,57.9,32.0,0.0,999.9,0
2021-12-13,156,STREET,1,12,2021,42.5,28.1,1020.5,10.0,10.8,18.1,27.0,48.9,32.0,0.0,999.9,0
2021-12-14,105,STREET,2,12,2021,40.7,31.6,1026.3,9.9,3.7,9.9,999.9,54.0,32.0,0.0,999.9,0
2021-12-15,134,STREET,3,12,2021,56.2,50.1,1013.8,9.3,12.6,20,34.0,64.9,48.9,0.03,999.9,1
2021-12-16,132,STREET,4,12,2021,51.5,41.0,1006.8,9.8,20.5,32.1,52.1,66.2,37.9,0.0,999.9,1
2021-12-17,140,STREET,5,12,2021,32.9,20.4,1022.1,10.0,7.3,14,22.9,37.9,27.0,0.0,999.9,0
2021-12-18,151,STREET,6,12,2021,37.2,30.4,1019.5,8.5,9.5,13,22.0,39.9,27.1,0.04,999.9,1
2021-12-19,115,STREET,7,12,2021,32.4,22.3,1026.3,10.0,6.2,12,15.9,39.9,28.0,0.02,999.9,0
2021-12-20,115,STREET,1,12,2021,34.1,26.2,1021.5,10.0,10.7,15,25.1,42.1,28.9,0.0,999.9,0
2021-12-21,106,STREET,2,12,2021,32.4,23.4,1015.1,10.0,7.6,19,28.9,42.1,23.0,0.0,999.9,0
2021-12-22,104,STREET,3,12,2021,26.4,11.5,1014.7,10.0,9.4,19,31.1,39.9,19.0,0.0,999.9,0
2021-12-23,115,STREET,4,12,2021,34.1,21.9,1013.3,10.0,7.1,14,22.0,46.0,19.9,0.0,999.9,0
2021-12-24,98,STREET,5,12,2021,42.6,38.3,1004.4,7.3,6.1,12,19.0,55.0,27.1,0.0,999.9,1
2021-12-25,113,STREET,6,12,2021,49.1,40.2,1002.7,9.1,9.6,15.9,18.1,57.0,34.0,0.03,999.9,1
2021-12-26,91,STREET,7,12,2021,34.8,27.7,1016.7,10.0,4.5,14,19.0,55.0,26.1,0.0,999.9,0
2021-12-27,138,STREET,1,12,2021,39.9,35.3,1008.4,5.7,9.6,19,29.9,46.0,26.2,0.69,999.9,1
2021-12-28,108,STREET,2,12,2021,33.7,26.8,1010.0,7.8,7,14,17.1,46.0,30.0,0.32,1.2,1
2021-12-29,122,STREET,3,12,2021,34.7,28.5,1010.1,6.6,6.3,11.1,999.9,37.0,30.2,0.38,1.2,1
2021-12-30,150,STREET,4,12,2021,31.5,25.0,1012.8,8.1,5.2,9.9,999.9,37.0,28.0,0.01,1.2,1
2021-12-31,154,STREET,5,12,2021,36.6,31.4,1008.7,7.0,5.7,14,24.1,43.0,28.2,0.0,999.9,1