"","month","day","year","CrimeTotalAssaultTheft.year.1","temp","Crime_Total","Theft","Assault"
"1","Jan","Wednesday",2019,2019,27.6,0.543293718166384,0.581632653061224,0.315789473684211
"2","Jan","Thursday",2019,2019,29.2,0.706281833616299,0.806122448979592,0.473684210526316
"3","Jan","Friday",2019,2019,37,0.736842105263158,0.73469387755102,0.456140350877193
"4","Jan","Saturday",2019,2019,38.9,0.775891341256367,0.698979591836735,0.210526315789474
"5","Jan","Sunday",2019,2019,37.9,0.558573853989813,0.607142857142857,0.385964912280702
"6","Jan","Monday",2019,2019,43.6,0.578947368421053,0.658163265306122,0.508771929824561
"7","Jan","Tuesday",2019,2019,41.4,0.621392190152801,0.668367346938776,0.526315789473684
"8","Jan","Wednesday",2019,2019,23.2,0.502546689303905,0.663265306122449,0.421052631578947
"9","Jan","Thursday",2019,2019,17.9,0.595925297113752,0.612244897959184,0.298245614035088
"10","Jan","Friday",2019,2019,23.4,0.762308998302207,0.831632653061224,0.350877192982456
"11","Jan","Saturday",2019,2019,30.2,0.573853989813243,0.647959183673469,0.526315789473684
"12","Jan","Sunday",2019,2019,29.7,0.404074702886248,0.403061224489796,0.263157894736842
"13","Jan","Monday",2019,2019,25.4,0.509337860780985,0.63265306122449,0.649122807017544
"14","Jan","Tuesday",2019,2019,25.5,0.616298811544992,0.61734693877551,0.456140350877193
"15","Jan","Wednesday",2019,2019,31.2,0.619694397283531,0.688775510204082,0.508771929824561
"16","Jan","Thursday",2019,2019,30.3,0.539898132427844,0.647959183673469,0.526315789473684
"17","Jan","Friday",2019,2019,29.7,0.565365025466893,0.642857142857143,0.508771929824561
"18","Jan","Saturday",2019,2019,26.4,0.31748726655348,0.387755102040816,0
"19","Jan","Sunday",2019,2019,11.9,0.268251273344652,0.316326530612245,0.315789473684211
"20","Jan","Monday",2019,2019,9.4,0.375212224108659,0.5,0.298245614035088
"21","Jan","Tuesday",2019,2019,18.7,0.494057724957555,0.566326530612245,0.421052631578947
"22","Jan","Wednesday",2019,2019,29.5,0.555178268251273,0.709183673469388,0.368421052631579
"23","Jan","Thursday",2019,2019,16.6,0.461799660441426,0.505102040816326,0.333333333333333
"24","Jan","Friday",2019,2019,1.3,0.426146010186757,0.520408163265306,0.175438596491228
"25","Jan","Saturday",2019,2019,2.1,0.33446519524618,0.403061224489796,0.157894736842105
"26","Jan","Sunday",2019,2019,3.8,0.32088285229202,0.413265306122449,0.666666666666667
"27","Jan","Monday",2019,2019,18.4,0.315789473684211,0.285714285714286,0.43859649122807
"28","Jan","Tuesday",2019,2019,5.8,0.269949066213922,0.459183673469388,0.43859649122807
"29","Jan","Wednesday",2019,2019,-14.6,0.0101867572156197,0.11734693877551,0.0175438596491228
"30","Jan","Thursday",2019,2019,-15,0.210526315789474,0.326530612244898,0.315789473684211
"31","Feb","Friday",2019,2019,6.9,0.748726655348047,0.63265306122449,0.368421052631579
"32","Feb","Saturday",2019,2019,25.6,0.65704584040747,0.75,0.456140350877193
"33","Feb","Sunday",2019,2019,42.3,0.441426146010187,0.413265306122449,0.614035087719298
"34","Feb","Monday",2019,2019,47.3,0.68081494057725,0.729591836734694,0.701754385964912
"35","Feb","Tuesday",2019,2019,29.5,0.539898132427844,0.653061224489796,0.56140350877193
"36","Feb","Wednesday",2019,2019,32.8,0.511035653650255,0.561224489795918,0.56140350877193
"37","Feb","Thursday",2019,2019,35.6,0.568760611205433,0.678571428571429,0.649122807017544
"38","Feb","Friday",2019,2019,11.4,0.521222410865874,0.668367346938776,0.228070175438596
"39","Feb","Saturday",2019,2019,11.8,0.714770797962649,0.739795918367347,0.298245614035088
"40","Feb","Sunday",2019,2019,23.4,0.514431239388795,0.535714285714286,0.368421052631579
"41","Feb","Monday",2019,2019,28,0.494057724957555,0.591836734693878,0.298245614035088
"42","Feb","Tuesday",2019,2019,32,0.560271646859083,0.612244897959184,0.649122807017544
"43","Feb","Wednesday",2019,2019,18.5,0.522920203735144,0.556122448979592,0.56140350877193
"44","Feb","Thursday",2019,2019,36.1,0.691001697792869,0.658163265306122,0.771929824561403
"45","Feb","Friday",2019,2019,22.8,0.689303904923599,0.770408163265306,0.684210526315789
"46","Feb","Saturday",2019,2019,18.6,0.580645161290323,0.683673469387755,0.280701754385965
"47","Feb","Sunday",2019,2019,25.3,0.480475382003396,0.505102040816326,0.473684210526316
"48","Feb","Monday",2019,2019,25.1,0.432937181663837,0.586734693877551,0.245614035087719
"49","Feb","Tuesday",2019,2019,21.8,0.471986417657046,0.48469387755102,0.578947368421053
"50","Feb","Wednesday",2019,2019,31.1,0.509337860780985,0.530612244897959,0.315789473684211
"51","Feb","Thursday",2019,2019,30.9,0.612903225806452,0.729591836734694,0.543859649122807
"52","Feb","Friday",2019,2019,28.6,0.640067911714771,0.566326530612245,0.473684210526316
"53","Feb","Saturday",2019,2019,35.6,0.529711375212224,0.545918367346939,0.403508771929825
"54","Feb","Sunday",2019,2019,37.4,0.359932088285229,0.51530612244898,0.140350877192982
"55","Feb","Monday",2019,2019,12.3,0.444821731748727,0.571428571428571,0.228070175438596
"56","Feb","Tuesday",2019,2019,16.9,0.465195246179966,0.571428571428571,0.56140350877193
"57","Feb","Wednesday",2019,2019,24.6,0.533106960950764,0.540816326530612,0.350877192982456
"58","Feb","Thursday",2019,2019,18,0.441426146010187,0.596938775510204,0.263157894736842
"59","Mar","Friday",2019,2019,26.7,0.714770797962649,0.576530612244898,0.385964912280702
"60","Mar","Saturday",2019,2019,29.1,0.560271646859083,0.494897959183673,0.473684210526316
"61","Mar","Sunday",2019,2019,22.2,0.366723259762309,0.285714285714286,0.368421052631579
"62","Mar","Monday",2019,2019,5.2,0.354838709677419,0.433673469387755,0.228070175438596
"63","Mar","Tuesday",2019,2019,11.9,0.351443123938879,0.433673469387755,0.350877192982456
"64","Mar","Wednesday",2019,2019,16.3,0.499151103565365,0.561224489795918,0.43859649122807
"65","Mar","Thursday",2019,2019,22.7,0.466893039049236,0.561224489795918,0.175438596491228
"66","Mar","Friday",2019,2019,28,0.650254668930391,0.510204081632653,0.491228070175439
"67","Mar","Saturday",2019,2019,33.5,0.478777589134126,0.448979591836735,0.315789473684211
"68","Mar","Sunday",2019,2019,36.6,0.470288624787776,0.408163265306122,0.491228070175439
"69","Mar","Monday",2019,2019,32,0.619694397283531,0.637755102040816,0.56140350877193
"70","Mar","Tuesday",2019,2019,35.2,0.495755517826825,0.596938775510204,0.368421052631579
"71","Mar","Wednesday",2019,2019,44.9,0.599320882852292,0.581632653061224,0.859649122807018
"72","Mar","Thursday",2019,2019,55.3,0.578947368421053,0.494897959183673,0.666666666666667
"73","Mar","Friday",2019,2019,38,0.67911714770798,0.637755102040816,0.754385964912281
"74","Mar","Saturday",2019,2019,34.4,0.731748726655348,0.596938775510204,0.631578947368421
"75","Mar","Sunday",2019,2019,34.8,0.470288624787776,0.397959183673469,0.578947368421053
"76","Mar","Monday",2019,2019,35.4,0.536502546689304,0.525510204081633,0.684210526315789
"77","Mar","Tuesday",2019,2019,38.7,0.524617996604414,0.571428571428571,0.631578947368421
"78","Mar","Wednesday",2019,2019,41.7,0.607809847198642,0.622448979591837,0.508771929824561
"79","Mar","Thursday",2019,2019,39.8,0.601018675721562,0.693877551020408,0.596491228070175
"80","Mar","Friday",2019,2019,40.2,0.634974533106961,0.714285714285714,0.403508771929825
"81","Mar","Saturday",2019,2019,36.5,0.602716468590832,0.63265306122449,0.43859649122807
"82","Mar","Sunday",2019,2019,45.5,0.531409168081494,0.540816326530612,0.56140350877193
"83","Mar","Monday",2019,2019,36,0.516129032258065,0.561224489795918,0.526315789473684
"84","Mar","Tuesday",2019,2019,34.9,0.572156196943973,0.612244897959184,0.43859649122807
"85","Mar","Wednesday",2019,2019,41.8,0.616298811544992,0.494897959183673,0.719298245614035
"86","Mar","Thursday",2019,2019,53.2,0.590831918505942,0.581632653061224,0.807017543859649
"87","Mar","Friday",2019,2019,46.7,0.577249575551783,0.61734693877551,0.368421052631579
"88","Mar","Saturday",2019,2019,39.7,0.556876061120543,0.525510204081633,0.543859649122807
"89","Mar","Sunday",2019,2019,30.7,0.512733446519525,0.48469387755102,0.280701754385965
"90","Apr","Monday",2019,2019,35,0.775891341256367,0.729591836734694,0.666666666666667
"91","Apr","Tuesday",2019,2019,44.7,0.546689303904924,0.51530612244898,0.473684210526316
"92","Apr","Wednesday",2019,2019,45.5,0.585738539898132,0.505102040816326,0.771929824561403
"93","Apr","Thursday",2019,2019,46,0.556876061120543,0.586734693877551,0.456140350877193
"94","Apr","Friday",2019,2019,43.5,0.628183361629881,0.673469387755102,0.578947368421053
"95","Apr","Saturday",2019,2019,51.7,0.692699490662139,0.525510204081633,0.508771929824561
"96","Apr","Sunday",2019,2019,56.3,0.624787775891341,0.448979591836735,0.614035087719298
"97","Apr","Monday",2019,2019,61.2,0.694397283531409,0.602040816326531,0.719298245614035
"98","Apr","Tuesday",2019,2019,59.8,0.607809847198642,0.551020408163265,0.701754385964912
"99","Apr","Wednesday",2019,2019,40.5,0.548387096774194,0.63265306122449,0.421052631578947
"100","Apr","Thursday",2019,2019,42.2,0.697792869269949,0.724489795918367,0.684210526315789
"101","Apr","Friday",2019,2019,47.9,0.755517826825127,0.698979591836735,0.842105263157895
"102","Apr","Saturday",2019,2019,42.4,0.711375212224109,0.668367346938776,0.526315789473684
"103","Apr","Sunday",2019,2019,36.8,0.34125636672326,0.336734693877551,0.157894736842105
"104","Apr","Monday",2019,2019,37.8,0.66044142614601,0.704081632653061,0.543859649122807
"105","Apr","Tuesday",2019,2019,56,0.633276740237691,0.545918367346939,0.649122807017544
"106","Apr","Wednesday",2019,2019,55,0.606112054329372,0.581632653061224,0.385964912280702
"107","Apr","Thursday",2019,2019,58.5,0.497453310696095,0.489795918367347,0.526315789473684
"108","Apr","Friday",2019,2019,44.9,0.534804753820034,0.627551020408163,0.333333333333333
"109","Apr","Saturday",2019,2019,49.5,0.67062818336163,0.520408163265306,0.56140350877193
"110","Apr","Sunday",2019,2019,58.3,0.526315789473684,0.423469387755102,0.543859649122807
"111","Apr","Monday",2019,2019,68.1,0.68251273344652,0.469387755102041,0.807017543859649
"112","Apr","Tuesday",2019,2019,59.1,0.692699490662139,0.785714285714286,0.491228070175439
"113","Apr","Wednesday",2019,2019,52.7,0.623089983022071,0.642857142857143,0.754385964912281
"114","Apr","Thursday",2019,2019,56.7,0.733446519524618,0.683673469387755,0.824561403508772
"115","Apr","Friday",2019,2019,55.6,0.723259762308998,0.76530612244898,0.859649122807018
"116","Apr","Saturday",2019,2019,42.4,0.499151103565365,0.505102040816326,0.298245614035088
"117","Apr","Sunday",2019,2019,39.1,0.460101867572156,0.438775510204082,0.385964912280702
"118","Apr","Monday",2019,2019,45.1,0.648556876061121,0.76530612244898,0.578947368421053
"119","Apr","Tuesday",2019,2019,44.4,0.66893039049236,0.775510204081633,0.596491228070175
"120","May","Wednesday",2019,2019,50,0.818336162988115,0.780612244897959,0.87719298245614
"121","May","Thursday",2019,2019,44.3,0.617996604414261,0.663265306122449,0.508771929824561
"122","May","Friday",2019,2019,47.5,0.774193548387097,0.918367346938776,0.666666666666667
"123","May","Saturday",2019,2019,49.5,0.617996604414261,0.530612244897959,0.666666666666667
"124","May","Sunday",2019,2019,58.3,0.753820033955857,0.591836734693878,0.684210526315789
"125","May","Monday",2019,2019,59.3,0.775891341256367,0.75,0.736842105263158
"126","May","Tuesday",2019,2019,46.4,0.619694397283531,0.780612244897959,0.649122807017544
"127","May","Wednesday",2019,2019,50.1,0.719864176570458,0.653061224489796,0.719298245614035
"128","May","Thursday",2019,2019,61.3,0.68251273344652,0.627551020408163,1
"129","May","Friday",2019,2019,49.6,0.786078098471986,0.673469387755102,0.56140350877193
"130","May","Saturday",2019,2019,47.6,0.612903225806452,0.683673469387755,0.385964912280702
"131","May","Sunday",2019,2019,46.2,0.502546689303905,0.510204081632653,0.368421052631579
"132","May","Monday",2019,2019,49.7,0.772495755517827,0.73469387755102,0.859649122807018
"133","May","Tuesday",2019,2019,54.3,0.65365025466893,0.653061224489796,0.578947368421053
"134","May","Wednesday",2019,2019,62.3,0.730050933786078,0.770408163265306,0.807017543859649
"135","May","Thursday",2019,2019,66.3,0.687606112054329,0.729591836734694,0.736842105263158
"136","May","Friday",2019,2019,57.9,0.747028862478778,0.622448979591837,0.754385964912281
"137","May","Saturday",2019,2019,55.7,0.716468590831918,0.76530612244898,0.578947368421053
"138","May","Sunday",2019,2019,62.7,0.747028862478778,0.520408163265306,0.789473684210526
"139","May","Monday",2019,2019,53.3,0.804753820033956,0.790816326530612,1
"140","May","Tuesday",2019,2019,48.5,0.66723259762309,0.596938775510204,0.578947368421053
"141","May","Wednesday",2019,2019,61.4,0.741935483870968,0.571428571428571,0.894736842105263
"142","May","Thursday",2019,2019,70.1,0.741935483870968,0.739795918367347,0.894736842105263
"143","May","Friday",2019,2019,62.3,0.869269949066214,0.831632653061224,0.87719298245614
"144","May","Saturday",2019,2019,73.6,0.916808149405772,0.770408163265306,0.824561403508772
"145","May","Sunday",2019,2019,70,0.833616298811545,0.61734693877551,0.859649122807018
"146","May","Monday",2019,2019,61.2,0.697792869269949,0.668367346938776,0.456140350877193
"147","May","Tuesday",2019,2019,64.5,0.699490662139219,0.755102040816326,0.666666666666667
"148","May","Wednesday",2019,2019,59.5,0.684210526315789,0.714285714285714,0.842105263157895
"149","May","Thursday",2019,2019,66,0.696095076400679,0.755102040816326,0.508771929824561
"150","May","Friday",2019,2019,70.5,0.842105263157895,0.755102040816326,0.929824561403509
"151","Jun","Saturday",2019,2019,71,1,0.816326530612245,0.614035087719298
"152","Jun","Sunday",2019,2019,60.1,0.67741935483871,0.642857142857143,0.947368421052632
"153","Jun","Monday",2019,2019,57.8,0.629881154499151,0.668367346938776,0.842105263157895
"154","Jun","Tuesday",2019,2019,64.2,0.741935483870968,0.668367346938776,0.912280701754386
"155","Jun","Wednesday",2019,2019,74.4,0.772495755517827,0.816326530612245,0.929824561403509
"156","Jun","Thursday",2019,2019,65.5,0.689303904923599,0.744897959183674,0.578947368421053
"157","Jun","Friday",2019,2019,66.2,0.828522920203735,0.75,0.666666666666667
"158","Jun","Saturday",2019,2019,67,0.938879456706282,0.943877551020408,0.719298245614035
"159","Jun","Sunday",2019,2019,68.8,0.797962648556876,0.75,0.824561403508772
"160","Jun","Monday",2019,2019,66.7,0.787775891341256,0.826530612244898,0.649122807017544
"161","Jun","Tuesday",2019,2019,68.8,0.750424448217317,0.760204081632653,0.807017543859649
"162","Jun","Wednesday",2019,2019,67.4,0.645161290322581,0.76530612244898,0.43859649122807
"163","Jun","Thursday",2019,2019,57.9,0.621392190152801,0.709183673469388,0.491228070175439
"164","Jun","Friday",2019,2019,64.8,0.799660441426146,0.775510204081633,0.912280701754386
"165","Jun","Saturday",2019,2019,66.5,0.843803056027165,0.714285714285714,0.789473684210526
"166","Jun","Sunday",2019,2019,57,0.6553480475382,0.556122448979592,0.771929824561403
"167","Jun","Monday",2019,2019,59,0.707979626485569,0.693877551020408,0.912280701754386
"168","Jun","Tuesday",2019,2019,63.9,0.646859083191851,0.719387755102041,0.491228070175439
"169","Jun","Wednesday",2019,2019,66.6,0.803056027164686,0.729591836734694,0.894736842105263
"170","Jun","Thursday",2019,2019,60,0.67572156196944,0.724489795918367,0.894736842105263
"171","Jun","Friday",2019,2019,62.8,0.753820033955857,0.826530612244898,0.666666666666667
"172","Jun","Saturday",2019,2019,66.5,0.831918505942275,0.918367346938776,0.666666666666667
"173","Jun","Sunday",2019,2019,73.1,0.804753820033956,0.683673469387755,0.754385964912281
"174","Jun","Monday",2019,2019,71.3,0.806451612903226,0.755102040816326,0.754385964912281
"175","Jun","Tuesday",2019,2019,72,0.762308998302207,0.831632653061224,0.771929824561403
"176","Jun","Wednesday",2019,2019,78.2,0.786078098471986,0.897959183673469,0.701754385964912
"177","Jun","Thursday",2019,2019,77.2,0.704584040747029,0.770408163265306,0.701754385964912
"178","Jun","Friday",2019,2019,75.7,0.867572156196944,0.887755102040816,0.719298245614035
"179","Jun","Saturday",2019,2019,78.4,0.898132427843803,0.887755102040816,0.526315789473684
"180","Jun","Sunday",2019,2019,77.7,0.796264855687606,0.801020408163265,0.631578947368421
"181","Jul","Monday",2019,2019,77.1,0.976230899830221,0.943877551020408,0.649122807017544
"182","Jul","Tuesday",2019,2019,83.9,0.736842105263158,0.673469387755102,0.771929824561403
"183","Jul","Wednesday",2019,2019,77.6,0.801358234295416,0.790816326530612,0.824561403508772
"184","Jul","Thursday",2019,2019,78.1,0.787775891341256,0.525510204081633,0.578947368421053
"185","Jul","Friday",2019,2019,81.4,0.943972835314092,0.744897959183674,0.771929824561403
"186","Jul","Saturday",2019,2019,77.7,0.816638370118846,0.724489795918367,0.631578947368421
"187","Jul","Sunday",2019,2019,70.2,0.747028862478778,0.607142857142857,0.614035087719298
"188","Jul","Monday",2019,2019,70.8,0.845500848896435,0.918367346938776,0.631578947368421
"189","Jul","Tuesday",2019,2019,74.2,0.692699490662139,0.607142857142857,0.719298245614035
"190","Jul","Wednesday",2019,2019,83.4,0.852292020373514,0.908163265306122,0.87719298245614
"191","Jul","Thursday",2019,2019,77.5,0.730050933786078,0.637755102040816,1
"192","Jul","Friday",2019,2019,71.8,0.769100169779287,0.75,0.56140350877193
"193","Jul","Saturday",2019,2019,81.9,0.945670628183362,0.729591836734694,0.596491228070175
"194","Jul","Sunday",2019,2019,79.4,0.772495755517827,0.709183673469388,0.491228070175439
"195","Jul","Monday",2019,2019,81,0.826825127334465,0.88265306122449,0.719298245614035
"196","Jul","Tuesday",2019,2019,77.2,0.713073005093379,0.75,0.684210526315789
"197","Jul","Wednesday",2019,2019,80.5,0.794567062818336,0.948979591836735,0.736842105263158
"198","Jul","Thursday",2019,2019,77.4,0.721561969439728,0.831632653061224,0.473684210526316
"199","Jul","Friday",2019,2019,85.5,0.792869269949066,0.775510204081633,0.614035087719298
"200","Jul","Saturday",2019,2019,85,0.835314091680815,0.86734693877551,0.631578947368421
"201","Jul","Sunday",2019,2019,73.6,0.745331069609508,0.698979591836735,0.719298245614035
"202","Jul","Monday",2019,2019,70.3,0.772495755517827,0.862244897959184,0.719298245614035
"203","Jul","Tuesday",2019,2019,69.9,0.769100169779287,0.928571428571429,0.456140350877193
"204","Jul","Wednesday",2019,2019,71.2,0.696095076400679,0.903061224489796,0.771929824561403
"205","Jul","Thursday",2019,2019,73.3,0.789473684210526,0.86734693877551,0.543859649122807
"206","Jul","Friday",2019,2019,75.6,0.814940577249576,0.862244897959184,0.736842105263158
"207","Jul","Saturday",2019,2019,79.7,0.833616298811545,0.913265306122449,0.543859649122807
"208","Jul","Sunday",2019,2019,81.1,0.845500848896435,0.719387755102041,0.543859649122807
"209","Jul","Monday",2019,2019,77.3,0.814940577249576,0.831632653061224,0.649122807017544
"210","Jul","Tuesday",2019,2019,73.2,0.750424448217317,0.857142857142857,0.614035087719298
"211","Jul","Wednesday",2019,2019,68.6,0.641765704584041,0.816326530612245,0.403508771929825
"212","Aug","Thursday",2019,2019,68.5,0.99320882852292,1.14795918367347,0.596491228070175
"213","Aug","Friday",2019,2019,72,0.926994906621392,1.23469387755102,0.56140350877193
"214","Aug","Saturday",2019,2019,75.4,0.906621392190153,1,0.649122807017544
"215","Aug","Sunday",2019,2019,78.7,0.860780984719864,0.969387755102041,0.596491228070175
"216","Aug","Monday",2019,2019,78.8,0.804753820033956,0.760204081632653,0.719298245614035
"217","Aug","Tuesday",2019,2019,76.1,0.762308998302207,0.719387755102041,0.649122807017544
"218","Aug","Wednesday",2019,2019,76.7,0.753820033955857,0.744897959183674,0.43859649122807
"219","Aug","Thursday",2019,2019,79.1,0.823429541595925,0.964285714285714,0.456140350877193
"220","Aug","Friday",2019,2019,72.7,0.782682512733446,0.887755102040816,0.508771929824561
"221","Aug","Saturday",2019,2019,74.2,0.789473684210526,0.698979591836735,0.754385964912281
"222","Aug","Sunday",2019,2019,74.4,0.792869269949066,0.755102040816326,0.543859649122807
"223","Aug","Monday",2019,2019,76,0.634974533106961,0.852040816326531,0.578947368421053
"224","Aug","Tuesday",2019,2019,75.2,0.724957555178268,0.846938775510204,0.526315789473684
"225","Aug","Wednesday",2019,2019,71.9,0.777589134125637,0.785714285714286,0.771929824561403
"226","Aug","Thursday",2019,2019,70.1,0.813242784380306,0.887755102040816,0.947368421052632
"227","Aug","Friday",2019,2019,71.8,0.743633276740238,0.755102040816326,0.666666666666667
"228","Aug","Saturday",2019,2019,73.3,0.808149405772496,0.780612244897959,0.596491228070175
"229","Aug","Sunday",2019,2019,73.5,0.719864176570458,0.581632653061224,0.473684210526316
"230","Aug","Monday",2019,2019,75.6,0.767402376910017,0.678571428571429,0.754385964912281
"231","Aug","Tuesday",2019,2019,74.3,0.67402376910017,0.693877551020408,0.631578947368421
"232","Aug","Wednesday",2019,2019,73.1,0.65704584040747,0.816326530612245,0.403508771929825
"233","Aug","Thursday",2019,2019,71.4,0.711375212224109,0.795918367346939,0.578947368421053
"234","Aug","Friday",2019,2019,67.6,0.757215619694397,0.933673469387755,0.543859649122807
"235","Aug","Saturday",2019,2019,66.8,0.820033955857385,0.816326530612245,0.543859649122807
"236","Aug","Sunday",2019,2019,68.6,0.733446519524618,0.607142857142857,0.684210526315789
"237","Aug","Monday",2019,2019,70.2,0.67062818336163,0.663265306122449,0.719298245614035
"238","Aug","Tuesday",2019,2019,71.6,0.67402376910017,0.795918367346939,0.403508771929825
"239","Aug","Wednesday",2019,2019,68.2,0.709677419354839,0.943877551020408,0.684210526315789
"240","Aug","Thursday",2019,2019,69.8,0.743633276740238,0.846938775510204,0.473684210526316
"241","Aug","Friday",2019,2019,69.6,0.733446519524618,0.688775510204082,0.631578947368421
"242","Aug","Saturday",2019,2019,66.9,0.745331069609508,0.826530612244898,0.456140350877193
"243","Sep","Sunday",2019,2019,66.9,0.945670628183362,0.816326530612245,0.56140350877193
"244","Sep","Monday",2019,2019,70,0.750424448217317,0.775510204081633,0.736842105263158
"245","Sep","Tuesday",2019,2019,72.3,0.585738539898132,0.698979591836735,0.508771929824561
"246","Sep","Wednesday",2019,2019,67.6,0.590831918505942,0.790816326530612,0.56140350877193
"247","Sep","Thursday",2019,2019,63.9,0.533106960950764,0.673469387755102,0.403508771929825
"248","Sep","Friday",2019,2019,67.3,0.743633276740238,0.801020408163265,0.473684210526316
"249","Sep","Saturday",2019,2019,66.3,0.68251273344652,0.739795918367347,0.666666666666667
"250","Sep","Sunday",2019,2019,65.1,0.65365025466893,0.545918367346939,0.614035087719298
"251","Sep","Monday",2019,2019,66.5,0.752122241086587,0.744897959183674,0.631578947368421
"252","Sep","Tuesday",2019,2019,78,0.65365025466893,0.76530612244898,0.684210526315789
"253","Sep","Wednesday",2019,2019,80.5,0.704584040747029,0.678571428571429,0.491228070175439
"254","Sep","Thursday",2019,2019,71.9,0.764006791171477,0.897959183673469,0.894736842105263
"255","Sep","Friday",2019,2019,72.7,0.818336162988115,0.816326530612245,0.56140350877193
"256","Sep","Saturday",2019,2019,66.7,0.728353140916808,0.688775510204082,0.614035087719298
"257","Sep","Sunday",2019,2019,70.6,0.764006791171477,0.571428571428571,0.842105263157895
"258","Sep","Monday",2019,2019,71.2,0.799660441426146,0.836734693877551,0.719298245614035
"259","Sep","Tuesday",2019,2019,69.3,0.757215619694397,0.678571428571429,0.807017543859649
"260","Sep","Wednesday",2019,2019,70.9,0.713073005093379,0.704081632653061,0.912280701754386
"261","Sep","Thursday",2019,2019,72.2,0.770797962648557,0.719387755102041,0.719298245614035
"262","Sep","Friday",2019,2019,74.1,0.816638370118846,0.923469387755102,0.578947368421053
"263","Sep","Saturday",2019,2019,75.1,0.716468590831918,0.73469387755102,0.596491228070175
"264","Sep","Sunday",2019,2019,72.2,0.544991511035654,0.612244897959184,0.333333333333333
"265","Sep","Monday",2019,2019,66.7,0.731748726655348,0.795918367346939,0.754385964912281
"266","Sep","Tuesday",2019,2019,66.9,0.716468590831918,0.780612244897959,0.578947368421053
"267","Sep","Wednesday",2019,2019,70.3,0.641765704584041,0.653061224489796,0.666666666666667
"268","Sep","Thursday",2019,2019,65.5,0.634974533106961,0.668367346938776,0.491228070175439
"269","Sep","Friday",2019,2019,63.3,0.565365025466893,0.673469387755102,0.298245614035088
"270","Sep","Saturday",2019,2019,61.3,0.619694397283531,0.673469387755102,0.526315789473684
"271","Sep","Sunday",2019,2019,60.9,0.641765704584041,0.693877551020408,0.508771929824561
"272","Sep","Monday",2019,2019,71.2,0.709677419354839,0.801020408163265,0.526315789473684
"273","Oct","Tuesday",2019,2019,78.6,0.928692699490662,0.811224489795918,0.807017543859649
"274","Oct","Wednesday",2019,2019,65.9,0.67062818336163,0.785714285714286,0.631578947368421
"275","Oct","Thursday",2019,2019,60.7,0.67062818336163,0.73469387755102,0.789473684210526
"276","Oct","Friday",2019,2019,51.8,0.646859083191851,0.744897959183674,0.491228070175439
"277","Oct","Saturday",2019,2019,54.6,0.65874363327674,0.704081632653061,0.473684210526316
"278","Oct","Sunday",2019,2019,58.6,0.568760611205433,0.693877551020408,0.543859649122807
"279","Oct","Monday",2019,2019,58.6,0.697792869269949,0.673469387755102,0.649122807017544
"280","Oct","Tuesday",2019,2019,57.1,0.640067911714771,0.709183673469388,0.754385964912281
"281","Oct","Wednesday",2019,2019,59.8,0.67741935483871,0.668367346938776,0.543859649122807
"282","Oct","Thursday",2019,2019,61.6,0.529711375212224,0.540816326530612,0.403508771929825
"283","Oct","Friday",2019,2019,59.7,0.66723259762309,0.76530612244898,0.719298245614035
"284","Oct","Saturday",2019,2019,42.7,0.66893039049236,0.739795918367347,0.350877192982456
"285","Oct","Sunday",2019,2019,45.4,0.614601018675722,0.663265306122449,0.333333333333333
"286","Oct","Monday",2019,2019,44.7,0.595925297113752,0.693877551020408,0.526315789473684
"287","Oct","Tuesday",2019,2019,50,0.694397283531409,0.801020408163265,0.719298245614035
"288","Oct","Wednesday",2019,2019,48.8,0.689303904923599,0.785714285714286,0.43859649122807
"289","Oct","Thursday",2019,2019,46,0.578947368421053,0.704081632653061,0.421052631578947
"290","Oct","Friday",2019,2019,46.8,0.626485568760611,0.688775510204082,0.596491228070175
"291","Oct","Saturday",2019,2019,53.4,0.650254668930391,0.602040816326531,0.526315789473684
"292","Oct","Sunday",2019,2019,56.3,0.65365025466893,0.612244897959184,0.649122807017544
"293","Oct","Monday",2019,2019,56.2,0.640067911714771,0.642857142857143,0.508771929824561
"294","Oct","Tuesday",2019,2019,50,0.550084889643463,0.556122448979592,0.543859649122807
"295","Oct","Wednesday",2019,2019,47.5,0.619694397283531,0.739795918367347,0.666666666666667
"296","Oct","Thursday",2019,2019,47.1,0.646859083191851,0.841836734693878,0.526315789473684
"297","Oct","Friday",2019,2019,44.5,0.706281833616299,0.913265306122449,0.43859649122807
"298","Oct","Saturday",2019,2019,42.1,0.380305602716469,0.489795918367347,0.228070175438596
"299","Oct","Sunday",2019,2019,48.6,0.621392190152801,0.704081632653061,0.385964912280702
"300","Oct","Monday",2019,2019,47.1,0.551782682512733,0.63265306122449,0.526315789473684
"301","Oct","Tuesday",2019,2019,40.3,0.509337860780985,0.683673469387755,0.526315789473684
"302","Oct","Wednesday",2019,2019,36.5,0.412563667232598,0.561224489795918,0.421052631578947
"303","Oct","Thursday",2019,2019,33.4,0.431239388794567,0.596938775510204,0.543859649122807
"304","Nov","Friday",2019,2019,30.9,0.886247877758913,0.806122448979592,0.491228070175439
"305","Nov","Saturday",2019,2019,38,0.558573853989813,0.622448979591837,0.596491228070175
"306","Nov","Sunday",2019,2019,38.8,0.6553480475382,0.658163265306122,0.789473684210526
"307","Nov","Monday",2019,2019,47.6,0.572156196943973,0.724489795918367,0.333333333333333
"308","Nov","Tuesday",2019,2019,37.7,0.511035653650255,0.51530612244898,0.385964912280702
"309","Nov","Wednesday",2019,2019,38.6,0.553480475382003,0.51530612244898,0.578947368421053
"310","Nov","Thursday",2019,2019,28.3,0.558573853989813,0.688775510204082,0.56140350877193
"311","Nov","Friday",2019,2019,23,0.585738539898132,0.607142857142857,0.421052631578947
"312","Nov","Saturday",2019,2019,33.6,0.636672325976231,0.653061224489796,0.385964912280702
"313","Nov","Sunday",2019,2019,40.6,0.538200339558574,0.397959183673469,0.280701754385965
"314","Nov","Monday",2019,2019,28.1,0.269949066213922,0.377551020408163,0.157894736842105
"315","Nov","Tuesday",2019,2019,13.4,0.359932088285229,0.576530612244898,0.210526315789474
"316","Nov","Wednesday",2019,2019,15.7,0.412563667232598,0.586734693877551,0.192982456140351
"317","Nov","Thursday",2019,2019,27.1,0.412563667232598,0.653061224489796,0.596491228070175
"318","Nov","Friday",2019,2019,27.1,0.718166383701188,0.801020408163265,0.385964912280702
"319","Nov","Saturday",2019,2019,32.8,0.558573853989813,0.581632653061224,0.385964912280702
"320","Nov","Sunday",2019,2019,32.9,0.623089983022071,0.688775510204082,0.157894736842105
"321","Nov","Monday",2019,2019,36.7,0.590831918505942,0.678571428571429,0.578947368421053
"322","Nov","Tuesday",2019,2019,37.2,0.597623089983022,0.668367346938776,0.526315789473684
"323","Nov","Wednesday",2019,2019,40.8,0.66893039049236,0.755102040816326,0.631578947368421
"324","Nov","Thursday",2019,2019,46.5,0.555178268251273,0.622448979591837,0.526315789473684
"325","Nov","Friday",2019,2019,36,0.66553480475382,0.647959183673469,0.473684210526316
"326","Nov","Saturday",2019,2019,31,0.623089983022071,0.724489795918367,0.456140350877193
"327","Nov","Sunday",2019,2019,38,0.616298811544992,0.607142857142857,0.543859649122807
"328","Nov","Monday",2019,2019,44.5,0.609507640067912,0.806122448979592,0.333333333333333
"329","Nov","Tuesday",2019,2019,41.2,0.582342954159593,0.714285714285714,0.385964912280702
"330","Nov","Wednesday",2019,2019,44.4,0.512733446519525,0.683673469387755,0.596491228070175
"331","Nov","Thursday",2019,2019,33.8,0.293718166383701,0.311224489795918,0.263157894736842
"332","Nov","Friday",2019,2019,35.7,0.533106960950764,0.622448979591837,0.333333333333333
"333","Nov","Saturday",2019,2019,37.3,0.556876061120543,0.811224489795918,0.140350877192982
"334","Dec","Sunday",2019,2019,39.3,0.66044142614601,0.63265306122449,0.298245614035088
"335","Dec","Monday",2019,2019,31.7,0.634974533106961,0.826530612244898,0.43859649122807
"336","Dec","Tuesday",2019,2019,32.4,0.602716468590832,0.862244897959184,0.578947368421053
"337","Dec","Wednesday",2019,2019,36.7,0.697792869269949,0.795918367346939,0.578947368421053
"338","Dec","Thursday",2019,2019,35.7,0.619694397283531,0.841836734693878,0.771929824561403
"339","Dec","Friday",2019,2019,38.5,0.68081494057725,0.908163265306122,0.473684210526316
"340","Dec","Saturday",2019,2019,30.7,0.619694397283531,0.903061224489796,0.315789473684211
"341","Dec","Sunday",2019,2019,38.5,0.570458404074703,0.48469387755102,0.403508771929825
"342","Dec","Monday",2019,2019,45.8,0.628183361629881,0.836734693877551,0.614035087719298
"343","Dec","Tuesday",2019,2019,22,0.577249575551783,0.811224489795918,0.526315789473684
"344","Dec","Wednesday",2019,2019,17.9,0.460101867572156,0.581632653061224,0.631578947368421
"345","Dec","Thursday",2019,2019,28,0.544991511035654,0.821428571428571,0.473684210526316
"346","Dec","Friday",2019,2019,39.7,0.67402376910017,0.775510204081633,0.596491228070175
"347","Dec","Saturday",2019,2019,32.8,0.589134125636672,0.857142857142857,0.245614035087719
"348","Dec","Sunday",2019,2019,23.5,0.543293718166384,0.602040816326531,0.245614035087719
"349","Dec","Monday",2019,2019,26,0.490662139219015,0.627551020408163,0.421052631578947
"350","Dec","Tuesday",2019,2019,24.9,0.568760611205433,0.668367346938776,0.315789473684211
"351","Dec","Wednesday",2019,2019,19.9,0.539898132427844,0.770408163265306,0.0526315789473684
"352","Dec","Thursday",2019,2019,22.9,0.590831918505942,0.836734693877551,0.508771929824561
"353","Dec","Friday",2019,2019,29.9,0.66383701188455,0.903061224489796,0.245614035087719
"354","Dec","Saturday",2019,2019,37.5,0.699490662139219,0.795918367346939,0.578947368421053
"355","Dec","Sunday",2019,2019,39.7,0.587436332767402,0.602040816326531,0.543859649122807
"356","Dec","Monday",2019,2019,42,0.604414261460102,0.704081632653061,0.719298245614035
"357","Dec","Tuesday",2019,2019,39.8,0.490662139219015,0.673469387755102,0.385964912280702
"358","Dec","Wednesday",2019,2019,47.5,0.298811544991511,0.275510204081633,0.473684210526316
"359","Dec","Thursday",2019,2019,55.6,0.466893039049236,0.48469387755102,0.403508771929825
"360","Dec","Friday",2019,2019,36.9,0.607809847198642,0.760204081632653,0.157894736842105
"361","Dec","Saturday",2019,2019,34.1,0.516129032258065,0.51530612244898,0.508771929824561
"362","Dec","Sunday",2019,2019,51.9,0.601018675721562,0.612244897959184,0.315789473684211
"363","Dec","Monday",2019,2019,38.4,0.477079796264856,0.642857142857143,0.473684210526316
"364","Dec","Tuesday",2019,2019,26.3,0.363327674023769,0.418367346938776,0.0701754385964912
"365","Jan","Friday",2021,2021,26.7,0.6553480475382,0.188775510204082,0.166666666666667
"366","Jan","Saturday",2021,2021,32,0.193548387096774,0.204081632653061,0.0833333333333333
"367","Jan","Sunday",2021,2021,31.9,0.305602716468591,0.163265306122449,0.0666666666666667
"368","Jan","Monday",2021,2021,26.9,0.33276740237691,0.25,0.15
"369","Jan","Tuesday",2021,2021,30.9,0.34804753820034,0.280612244897959,0.166666666666667
"370","Jan","Wednesday",2021,2021,33,0.249575551782683,0.198979591836735,0.333333333333333
"371","Jan","Thursday",2021,2021,35.3,0.410865874363328,0.392857142857143,0.166666666666667
"372","Jan","Friday",2021,2021,33.8,0.429541595925297,0.372448979591837,0.516666666666667
"373","Jan","Saturday",2021,2021,31.4,0.268251273344652,0.193877551020408,0.283333333333333
"374","Jan","Sunday",2021,2021,28.9,0.378607809847199,0.214285714285714,0.216666666666667
"375","Jan","Monday",2021,2021,25.2,0.261460101867572,0.239795918367347,0.45
"376","Jan","Tuesday",2021,2021,30.7,0.392190152801358,0.321428571428571,0.266666666666667
"377","Jan","Wednesday",2021,2021,34.5,0.305602716468591,0.23469387755102,0.25
"378","Jan","Thursday",2021,2021,36.3,0.33786078098472,0.311224489795918,0.133333333333333
"379","Jan","Friday",2021,2021,35.4,0.419354838709677,0.336734693877551,0.516666666666667
"380","Jan","Saturday",2021,2021,33,0.254668930390492,0.178571428571429,0.283333333333333
"381","Jan","Sunday",2021,2021,31.9,0.3446519524618,0.255102040816327,0.25
"382","Jan","Monday",2021,2021,28.4,0.234295415959253,0.244897959183673,0.0666666666666667
"383","Jan","Tuesday",2021,2021,24.3,0.31748726655348,0.260204081632653,0.25
"384","Jan","Wednesday",2021,2021,22.7,0.34125636672326,0.275510204081633,0.133333333333333
"385","Jan","Thursday",2021,2021,34,0.432937181663837,0.306122448979592,0.1
"386","Jan","Friday",2021,2021,22.8,0.312393887945671,0.183673469387755,0.15
"387","Jan","Saturday",2021,2021,17.1,0.32258064516129,0.290816326530612,0.366666666666667
"388","Jan","Sunday",2021,2021,29.7,0.293718166383701,0.229591836734694,0.233333333333333
"389","Jan","Monday",2021,2021,30.9,0.34634974533107,0.198979591836735,0.333333333333333
"390","Jan","Tuesday",2021,2021,31,0.174872665534805,0.163265306122449,0.0833333333333333
"391","Jan","Wednesday",2021,2021,24.3,0.307300509337861,0.295918367346939,0.416666666666667
"392","Jan","Thursday",2021,2021,16.8,0.244482173174873,0.239795918367347,0.116666666666667
"393","Jan","Friday",2021,2021,22,0.264855687606112,0.219387755102041,0.133333333333333
"394","Jan","Saturday",2021,2021,30.5,0.212224108658744,0.255102040816327,0.2
"395","Jan","Sunday",2021,2021,30.7,0.00848896434634975,0.0918367346938776,0.433333333333333
"396","Feb","Monday",2021,2021,29.5,0.3446519524618,0.198979591836735,0.483333333333333
"397","Feb","Tuesday",2021,2021,26,0.285229202037351,0.219387755102041,0.266666666666667
"398","Feb","Wednesday",2021,2021,25.5,0.278438030560272,0.163265306122449,0.283333333333333
"399","Feb","Thursday",2021,2021,32.2,0.168081494057725,0.183673469387755,0.383333333333333
"400","Feb","Friday",2021,2021,17.1,0.247877758913413,0.188775510204082,0.1
"401","Feb","Saturday",2021,2021,8.7,0.112054329371817,0.127551020408163,0.0333333333333333
"402","Feb","Sunday",2021,2021,1.3,0.0797962648556876,0.127551020408163,0.266666666666667
"403","Feb","Monday",2021,2021,5.4,0.132427843803056,0.153061224489796,0.15
"404","Feb","Tuesday",2021,2021,8.2,0.174872665534805,0.193877551020408,0.333333333333333
"405","Feb","Wednesday",2021,2021,9.7,0.149405772495756,0.173469387755102,0.15
"406","Feb","Thursday",2021,2021,11.7,0.171477079796265,0.224489795918367,0.2
"407","Feb","Friday",2021,2021,13.8,0.254668930390492,0.301020408163265,0.166666666666667
"408","Feb","Saturday",2021,2021,7.8,0.142614601018676,0.173469387755102,0.3
"409","Feb","Sunday",2021,2021,0.1,0.115449915110357,0.112244897959184,0.116666666666667
"410","Feb","Monday",2021,2021,3.5,0,0,0.1
"411","Feb","Tuesday",2021,2021,11.6,0.0509337860780985,0.0306122448979592,0.3
"412","Feb","Wednesday",2021,2021,15.5,0.168081494057725,0.137755102040816,0.283333333333333
"413","Feb","Thursday",2021,2021,20.6,0.186757215619694,0.142857142857143,0.333333333333333
"414","Feb","Friday",2021,2021,16.2,0.264855687606112,0.275510204081633,0.333333333333333
"415","Feb","Saturday",2021,2021,16.8,0.230899830220713,0.204081632653061,0.266666666666667
"416","Feb","Sunday",2021,2021,25.6,0.215619694397284,0.153061224489796,0.35
"417","Feb","Monday",2021,2021,32.7,0.268251273344652,0.26530612244898,0.216666666666667
"418","Feb","Tuesday",2021,2021,40.4,0.356536502546689,0.326530612244898,0.4
"419","Feb","Wednesday",2021,2021,42,0.312393887945671,0.25,0.316666666666667
"420","Feb","Thursday",2021,2021,33.9,0.33446519524618,0.280612244897959,0.466666666666667
"421","Feb","Friday",2021,2021,33.6,0.398981324278438,0.270408163265306,0.516666666666667
"422","Feb","Saturday",2021,2021,40.3,0.392190152801358,0.285714285714286,0.35
"423","Feb","Sunday",2021,2021,42.8,0.385398981324278,0.224489795918367,0.383333333333333
"424","Mar","Monday",2021,2021,32.5,0.471986417657046,0.301020408163265,0.166666666666667
"425","Mar","Tuesday",2021,2021,29.6,0.290322580645161,0.306122448979592,0.216666666666667
"426","Mar","Wednesday",2021,2021,44.3,0.390492359932088,0.341836734693878,0.383333333333333
"427","Mar","Thursday",2021,2021,35.7,0.33446519524618,0.352040816326531,0
"428","Mar","Friday",2021,2021,34.1,0.33106960950764,0.346938775510204,0.0833333333333333
"429","Mar","Saturday",2021,2021,36.5,0.32427843803056,0.25,0.55
"430","Mar","Sunday",2021,2021,36.5,0.261460101867572,0.107142857142857,0.233333333333333
"431","Mar","Monday",2021,2021,50.8,0.34295415959253,0.285714285714286,0.316666666666667
"432","Mar","Tuesday",2021,2021,52.6,0.426146010186757,0.26530612244898,0.45
"433","Mar","Wednesday",2021,2021,61,0.368421052631579,0.224489795918367,0.4
"434","Mar","Thursday",2021,2021,55.3,0.269949066213922,0.26530612244898,0.216666666666667
"435","Mar","Friday",2021,2021,45.2,0.33616298811545,0.346938775510204,0.333333333333333
"436","Mar","Saturday",2021,2021,43.2,0.288624787775891,0.229591836734694,0.166666666666667
"437","Mar","Sunday",2021,2021,45.4,0.205432937181664,0.13265306122449,0.2
"438","Mar","Monday",2021,2021,35,0.266553480475382,0.178571428571429,0.133333333333333
"439","Mar","Tuesday",2021,2021,34.8,0.246179966044143,0.209183673469388,0.333333333333333
"440","Mar","Wednesday",2021,2021,35.7,0.297113752122241,0.183673469387755,0.466666666666667
"441","Mar","Thursday",2021,2021,38.6,0.188455008488964,0.178571428571429,0.233333333333333
"442","Mar","Friday",2021,2021,39,0.283531409168082,0.301020408163265,0.233333333333333
"443","Mar","Saturday",2021,2021,40.9,0.261460101867572,0.270408163265306,0.2
"444","Mar","Sunday",2021,2021,49.8,0.361629881154499,0.224489795918367,0.4
"445","Mar","Monday",2021,2021,56.5,0.458404074702886,0.336734693877551,0.366666666666667
"446","Mar","Tuesday",2021,2021,56.8,0.268251273344652,0.301020408163265,0.15
"447","Mar","Wednesday",2021,2021,55.2,0.285229202037351,0.295918367346939,0.5
"448","Mar","Thursday",2021,2021,47,0.225806451612903,0.255102040816327,0.116666666666667
"449","Mar","Friday",2021,2021,39.3,0.295415959252971,0.23469387755102,0.433333333333333
"450","Mar","Saturday",2021,2021,47.2,0.241086587436333,0.147959183673469,0.366666666666667
"451","Mar","Sunday",2021,2021,47.6,0.34804753820034,0.23469387755102,0.483333333333333
"452","Mar","Monday",2021,2021,43.6,0.275042444821732,0.214285714285714,0.316666666666667
"453","Mar","Tuesday",2021,2021,56.8,0.32937181663837,0.346938775510204,0.3
"454","Mar","Wednesday",2021,2021,42.1,0.261460101867572,0.270408163265306,0.45
"455","Apr","Thursday",2021,2021,33.4,0.475382003395586,0.413265306122449,0.416666666666667
"456","Apr","Friday",2021,2021,36,0.290322580645161,0.36734693877551,0.316666666666667
"457","Apr","Saturday",2021,2021,51.3,0.34295415959253,0.275510204081633,0.55
"458","Apr","Sunday",2021,2021,59.8,0.351443123938879,0.188775510204082,0.4
"459","Apr","Monday",2021,2021,67,0.32937181663837,0.25,0.383333333333333
"460","Apr","Tuesday",2021,2021,69.7,0.359932088285229,0.280612244897959,0.45
"461","Apr","Wednesday",2021,2021,70.2,0.421052631578947,0.392857142857143,0.55
"462","Apr","Thursday",2021,2021,63.5,0.252971137521222,0.270408163265306,0.266666666666667
"463","Apr","Friday",2021,2021,54.1,0.32937181663837,0.173469387755102,0.483333333333333
"464","Apr","Saturday",2021,2021,52.8,0.302207130730051,0.25,0.483333333333333
"465","Apr","Sunday",2021,2021,50.1,0.244482173174873,0.178571428571429,0.4
"466","Apr","Monday",2021,2021,54.5,0.32597623089983,0.244897959183673,0.5
"467","Apr","Tuesday",2021,2021,49.4,0.308998302207131,0.285714285714286,0.366666666666667
"468","Apr","Wednesday",2021,2021,44.3,0.222410865874363,0.229591836734694,0.25
"469","Apr","Thursday",2021,2021,44.7,0.305602716468591,0.321428571428571,0.5
"470","Apr","Friday",2021,2021,46.9,0.32088285229202,0.326530612244898,0.283333333333333
"471","Apr","Saturday",2021,2021,44.1,0.305602716468591,0.229591836734694,0.266666666666667
"472","Apr","Sunday",2021,2021,49.2,0.200339558573854,0.198979591836735,0.316666666666667
"473","Apr","Monday",2021,2021,50.9,0.185059422750424,0.26530612244898,0.1
"474","Apr","Tuesday",2021,2021,40.2,0.176570458404075,0.295918367346939,0.233333333333333
"475","Apr","Wednesday",2021,2021,39.1,0.205432937181664,0.311224489795918,0.216666666666667
"476","Apr","Thursday",2021,2021,41.7,0.264855687606112,0.290816326530612,0.583333333333333
"477","Apr","Friday",2021,2021,52.8,0.300509337860781,0.290816326530612,0.216666666666667
"478","Apr","Saturday",2021,2021,55.4,0.33955857385399,0.193877551020408,0.616666666666667
"479","Apr","Sunday",2021,2021,46.2,0.281833616298812,0.260204081632653,0.333333333333333
"480","Apr","Monday",2021,2021,52.8,0.33106960950764,0.224489795918367,0.516666666666667
"481","Apr","Tuesday",2021,2021,73.3,0.463497453310696,0.413265306122449,0.816666666666667
"482","Apr","Wednesday",2021,2021,52.3,0.3276740237691,0.270408163265306,0.516666666666667
"483","Apr","Thursday",2021,2021,53.5,0.196943972835314,0.331632653061224,0.183333333333333
"484","Apr","Friday",2021,2021,53.1,0.448217317487267,0.397959183673469,0.65
"485","May","Saturday",2021,2021,55.9,0.604414261460102,0.38265306122449,0.733333333333333
"486","May","Sunday",2021,2021,74.4,0.483870967741935,0.255102040816327,0.616666666666667
"487","May","Monday",2021,2021,65.4,0.370118845500849,0.311224489795918,0.516666666666667
"488","May","Tuesday",2021,2021,56.9,0.241086587436333,0.214285714285714,0.483333333333333
"489","May","Wednesday",2021,2021,51.2,0.409168081494058,0.372448979591837,0.583333333333333
"490","May","Thursday",2021,2021,49.2,0.280135823429542,0.38265306122449,0.416666666666667
"491","May","Friday",2021,2021,50.2,0.305602716468591,0.23469387755102,0.5
"492","May","Saturday",2021,2021,45,0.353140916808149,0.301020408163265,0.35
"493","May","Sunday",2021,2021,46.1,0.32427843803056,0.23469387755102,0.216666666666667
"494","May","Monday",2021,2021,46.2,0.32427843803056,0.352040816326531,0.0833333333333333
"495","May","Tuesday",2021,2021,46.3,0.33616298811545,0.362244897959184,0.4
"496","May","Wednesday",2021,2021,49.8,0.261460101867572,0.341836734693878,0.3
"497","May","Thursday",2021,2021,55.4,0.34974533106961,0.38265306122449,0.6
"498","May","Friday",2021,2021,60.3,0.477079796264856,0.418367346938776,0.616666666666667
"499","May","Saturday",2021,2021,58.6,0.458404074702886,0.413265306122449,0.35
"500","May","Sunday",2021,2021,61.7,0.385398981324278,0.290816326530612,0.4
"501","May","Monday",2021,2021,63.5,0.443123938879457,0.336734693877551,0.666666666666667
"502","May","Tuesday",2021,2021,65.2,0.370118845500849,0.38265306122449,0.366666666666667
"503","May","Wednesday",2021,2021,68.7,0.422750424448217,0.397959183673469,0.483333333333333
"504","May","Thursday",2021,2021,74.1,0.402376910016978,0.362244897959184,0.666666666666667
"505","May","Friday",2021,2021,77.3,0.487266553480475,0.423469387755102,0.583333333333333
"506","May","Saturday",2021,2021,77.6,0.563667232597623,0.423469387755102,0.533333333333333
"507","May","Sunday",2021,2021,75.3,0.531409168081494,0.316326530612245,0.75
"508","May","Monday",2021,2021,68.5,0.550084889643463,0.454081632653061,0.566666666666667
"509","May","Tuesday",2021,2021,79,0.511035653650255,0.413265306122449,0.616666666666667
"510","May","Wednesday",2021,2021,72.8,0.395585738539898,0.36734693877551,0.583333333333333
"511","May","Thursday",2021,2021,57.3,0.288624787775891,0.346938775510204,0.5
"512","May","Friday",2021,2021,48.2,0.285229202037351,0.280612244897959,0.266666666666667
"513","May","Saturday",2021,2021,51.4,0.392190152801358,0.38265306122449,0.466666666666667
"514","May","Sunday",2021,2021,55.7,0.427843803056027,0.321428571428571,0.45
"515","May","Monday",2021,2021,62.7,0.356536502546689,0.188775510204082,0.35
"516","Jun","Tuesday",2021,2021,63.2,0.568760611205433,0.352040816326531,0.7
"517","Jun","Wednesday",2021,2021,67.3,0.438030560271647,0.372448979591837,0.433333333333333
"518","Jun","Thursday",2021,2021,70.7,0.488964346349745,0.545918367346939,0.333333333333333
"519","Jun","Friday",2021,2021,79.8,0.449915110356537,0.474489795918367,0.433333333333333
"520","Jun","Saturday",2021,2021,80.6,0.466893039049236,0.306122448979592,0.716666666666667
"521","Jun","Sunday",2021,2021,81.5,0.645161290322581,0.377551020408163,0.6
"522","Jun","Monday",2021,2021,77.5,0.533106960950764,0.403061224489796,0.683333333333333
"523","Jun","Tuesday",2021,2021,77.5,0.578947368421053,0.535714285714286,0.816666666666667
"524","Jun","Wednesday",2021,2021,79.9,0.461799660441426,0.311224489795918,0.65
"525","Jun","Thursday",2021,2021,77.3,0.488964346349745,0.352040816326531,0.633333333333333
"526","Jun","Friday",2021,2021,81.2,0.555178268251273,0.469387755102041,0.533333333333333
"527","Jun","Saturday",2021,2021,79.9,0.451612903225806,0.494897959183673,0.3
"528","Jun","Sunday",2021,2021,77.9,0.567062818336163,0.418367346938776,0.45
"529","Jun","Monday",2021,2021,75.3,0.529711375212224,0.464285714285714,0.516666666666667
"530","Jun","Tuesday",2021,2021,70.5,0.460101867572156,0.306122448979592,0.9
"531","Jun","Wednesday",2021,2021,67.1,0.431239388794567,0.311224489795918,0.616666666666667
"532","Jun","Thursday",2021,2021,71.5,0.373514431239389,0.36734693877551,0.416666666666667
"533","Jun","Friday",2021,2021,80.9,0.516129032258065,0.443877551020408,0.383333333333333
"534","Jun","Saturday",2021,2021,79.5,0.640067911714771,0.428571428571429,0.5
"535","Jun","Sunday",2021,2021,72.3,0.619694397283531,0.341836734693878,0.6
"536","Jun","Monday",2021,2021,69.8,0.444821731748727,0.372448979591837,0.566666666666667
"537","Jun","Tuesday",2021,2021,62.9,0.505942275042445,0.357142857142857,0.733333333333333
"538","Jun","Wednesday",2021,2021,68.9,0.421052631578947,0.352040816326531,1
"539","Jun","Thursday",2021,2021,71.9,0.412563667232598,0.392857142857143,0.583333333333333
"540","Jun","Friday",2021,2021,72,0.351443123938879,0.229591836734694,0.333333333333333
"541","Jun","Saturday",2021,2021,75,0.388794567062818,0.51530612244898,0.35
"542","Jun","Sunday",2021,2021,76.5,0.595925297113752,0.505102040816326,0.65
"543","Jun","Monday",2021,2021,71.9,0.522920203735144,0.474489795918367,0.7
"544","Jun","Tuesday",2021,2021,76.2,0.33786078098472,0.36734693877551,0.6
"545","Jun","Wednesday",2021,2021,76.8,0.414261460101868,0.362244897959184,0.5
"546","Jul","Thursday",2021,2021,71.3,0.595925297113752,0.525510204081633,0.616666666666667
"547","Jul","Friday",2021,2021,64.8,0.526315789473684,0.48469387755102,0.6
"548","Jul","Saturday",2021,2021,70.4,0.560271646859083,0.331632653061224,0.5
"549","Jul","Sunday",2021,2021,79.1,0.597623089983022,0.352040816326531,0.6
"550","Jul","Monday",2021,2021,81.6,0.570458404074703,0.362244897959184,0.783333333333333
"551","Jul","Tuesday",2021,2021,83.4,0.376910016977929,0.387755102040816,0.566666666666667
"552","Jul","Wednesday",2021,2021,80.5,0.444821731748727,0.36734693877551,0.783333333333333
"553","Jul","Thursday",2021,2021,66.7,0.414261460101868,0.443877551020408,0.533333333333333
"554","Jul","Friday",2021,2021,66.4,0.463497453310696,0.443877551020408,0.55
"555","Jul","Saturday",2021,2021,69.3,0.475382003395586,0.438775510204082,0.316666666666667
"556","Jul","Sunday",2021,2021,67.8,0.33616298811545,0.23469387755102,0.483333333333333
"557","Jul","Monday",2021,2021,69.7,0.410865874363328,0.408163265306122,0.65
"558","Jul","Tuesday",2021,2021,71.1,0.473684210526316,0.505102040816326,0.45
"559","Jul","Wednesday",2021,2021,76.3,0.388794567062818,0.341836734693878,0.5
"560","Jul","Thursday",2021,2021,75.4,0.32597623089983,0.372448979591837,0.35
"561","Jul","Friday",2021,2021,68.9,0.463497453310696,0.464285714285714,0.65
"562","Jul","Saturday",2021,2021,70.6,0.483870967741935,0.428571428571429,0.516666666666667
"563","Jul","Sunday",2021,2021,72.7,0.434634974533107,0.295918367346939,0.65
"564","Jul","Monday",2021,2021,73.4,0.390492359932088,0.403061224489796,0.283333333333333
"565","Jul","Tuesday",2021,2021,76.2,0.410865874363328,0.433673469387755,0.616666666666667
"566","Jul","Wednesday",2021,2021,69.6,0.397283531409168,0.418367346938776,0.55
"567","Jul","Thursday",2021,2021,72.2,0.451612903225806,0.510204081632653,0.533333333333333
"568","Jul","Friday",2021,2021,80.5,0.499151103565365,0.489795918367347,0.6
"569","Jul","Saturday",2021,2021,82,0.463497453310696,0.428571428571429,0.533333333333333
"570","Jul","Sunday",2021,2021,81.5,0.517826825127334,0.38265306122449,0.816666666666667
"571","Jul","Monday",2021,2021,81.6,0.502546689303905,0.397959183673469,0.516666666666667
"572","Jul","Tuesday",2021,2021,80.2,0.478777589134126,0.413265306122449,0.516666666666667
"573","Jul","Wednesday",2021,2021,81,0.427843803056027,0.36734693877551,0.483333333333333
"574","Jul","Thursday",2021,2021,81.7,0.636672325976231,0.831632653061224,0.733333333333333
"575","Jul","Friday",2021,2021,70.3,0.526315789473684,0.923469387755102,0.6
"576","Jul","Saturday",2021,2021,69.4,0.764006791171477,1,0.733333333333333
"577","Aug","Sunday",2021,2021,71.8,0.67572156196944,0.714285714285714,0.633333333333333
"578","Aug","Monday",2021,2021,68.7,0.453310696095076,0.377551020408163,0.5
"579","Aug","Tuesday",2021,2021,71.6,0.34974533106961,0.316326530612245,0.566666666666667
"580","Aug","Wednesday",2021,2021,74.8,0.424448217317487,0.403061224489796,0.583333333333333
"581","Aug","Thursday",2021,2021,76,0.404074702886248,0.408163265306122,0.516666666666667
"582","Aug","Friday",2021,2021,77,0.422750424448217,0.362244897959184,0.55
"583","Aug","Saturday",2021,2021,76.2,0.461799660441426,0.489795918367347,0.6
"584","Aug","Sunday",2021,2021,82.8,0.482173174872666,0.362244897959184,0.583333333333333
"585","Aug","Monday",2021,2021,74.6,0.390492359932088,0.408163265306122,0.35
"586","Aug","Tuesday",2021,2021,81,0.32597623089983,0.306122448979592,0.633333333333333
"587","Aug","Wednesday",2021,2021,77.8,0.354838709677419,0.413265306122449,0.35
"588","Aug","Thursday",2021,2021,80.1,0.32258064516129,0.408163265306122,0.483333333333333
"589","Aug","Friday",2021,2021,75.9,0.380305602716469,0.454081632653061,0.433333333333333
"590","Aug","Saturday",2021,2021,72.9,0.468590831918506,0.428571428571429,0.416666666666667
"591","Aug","Sunday",2021,2021,70.6,0.441426146010187,0.316326530612245,0.45
"592","Aug","Monday",2021,2021,72.3,0.443123938879457,0.438775510204082,0.583333333333333
"593","Aug","Tuesday",2021,2021,74.2,0.415959252971138,0.387755102040816,0.4
"594","Aug","Wednesday",2021,2021,77.2,0.298811544991511,0.38265306122449,0.416666666666667
"595","Aug","Thursday",2021,2021,79.2,0.376910016977929,0.510204081632653,0.5
"596","Aug","Friday",2021,2021,79.8,0.451612903225806,0.551020408163265,0.316666666666667
"597","Aug","Saturday",2021,2021,79.7,0.570458404074703,0.540816326530612,0.65
"598","Aug","Sunday",2021,2021,76.3,0.461799660441426,0.505102040816326,0.55
"599","Aug","Monday",2021,2021,75.1,0.495755517826825,0.438775510204082,0.566666666666667
"600","Aug","Tuesday",2021,2021,82.5,0.371816638370119,0.423469387755102,0.366666666666667
"601","Aug","Wednesday",2021,2021,78.7,0.383701188455009,0.494897959183673,0.466666666666667
"602","Aug","Thursday",2021,2021,77.4,0.419354838709677,0.5,0.716666666666667
"603","Aug","Friday",2021,2021,80.7,0.563667232597623,0.566326530612245,0.85
"604","Aug","Saturday",2021,2021,83.6,0.478777589134126,0.530612244897959,0.583333333333333
"605","Aug","Sunday",2021,2021,81.5,0.533106960950764,0.387755102040816,0.683333333333333
"606","Aug","Monday",2021,2021,76.2,0.470288624787776,0.418367346938776,0.65
"607","Aug","Tuesday",2021,2021,74.7,0.429541595925297,0.530612244897959,0.216666666666667
"608","Sep","Wednesday",2021,2021,73.2,0.629881154499151,0.51530612244898,0.833333333333333
"609","Sep","Thursday",2021,2021,69.5,0.365025466893039,0.306122448979592,0.7
"610","Sep","Friday",2021,2021,69.7,0.521222410865874,0.571428571428571,0.516666666666667
"611","Sep","Saturday",2021,2021,70.1,0.558573853989813,0.535714285714286,0.65
"612","Sep","Sunday",2021,2021,69.5,0.565365025466893,0.5,0.483333333333333
"613","Sep","Monday",2021,2021,72,0.494057724957555,0.387755102040816,0.733333333333333
"614","Sep","Tuesday",2021,2021,72.3,0.387096774193548,0.352040816326531,0.516666666666667
"615","Sep","Wednesday",2021,2021,69.7,0.409168081494058,0.433673469387755,0.733333333333333
"616","Sep","Thursday",2021,2021,66.9,0.460101867572156,0.418367346938776,0.583333333333333
"617","Sep","Friday",2021,2021,68.5,0.565365025466893,0.556122448979592,0.733333333333333
"618","Sep","Saturday",2021,2021,73.6,0.546689303904924,0.428571428571429,0.716666666666667
"619","Sep","Sunday",2021,2021,78.8,0.575551782682513,0.413265306122449,0.733333333333333
"620","Sep","Monday",2021,2021,74.6,0.594227504244482,0.505102040816326,0.8
"621","Sep","Tuesday",2021,2021,77.1,0.516129032258065,0.38265306122449,0.95
"622","Sep","Wednesday",2021,2021,68.4,0.538200339558574,0.586734693877551,0.533333333333333
"623","Sep","Thursday",2021,2021,68.7,0.570458404074703,0.540816326530612,0.716666666666667
"624","Sep","Friday",2021,2021,74.8,0.478777589134126,0.459183673469388,0.7
"625","Sep","Saturday",2021,2021,71.4,0.544991511035654,0.474489795918367,0.45
"626","Sep","Sunday",2021,2021,73.6,0.633276740237691,0.459183673469388,0.9
"627","Sep","Monday",2021,2021,75.7,0.531409168081494,0.443877551020408,0.683333333333333
"628","Sep","Tuesday",2021,2021,69,0.478777589134126,0.556122448979592,0.483333333333333
"629","Sep","Wednesday",2021,2021,59.7,0.482173174872666,0.494897959183673,0.6
"630","Sep","Thursday",2021,2021,58,0.477079796264856,0.61734693877551,0.65
"631","Sep","Friday",2021,2021,62.7,0.434634974533107,0.505102040816326,0.3
"632","Sep","Saturday",2021,2021,61.4,0.511035653650255,0.551020408163265,0.483333333333333
"633","Sep","Sunday",2021,2021,66.1,0.477079796264856,0.352040816326531,0.533333333333333
"634","Sep","Monday",2021,2021,73.4,0.500848896434635,0.454081632653061,0.883333333333333
"635","Sep","Tuesday",2021,2021,65.9,0.553480475382003,0.459183673469388,0.8
"636","Sep","Wednesday",2021,2021,67,0.521222410865874,0.540816326530612,0.75
"637","Sep","Thursday",2021,2021,68.7,0.463497453310696,0.494897959183673,0.333333333333333
"638","Oct","Friday",2021,2021,70.8,0.789473684210526,0.73469387755102,0.633333333333333
"639","Oct","Saturday",2021,2021,72.7,0.617996604414261,0.591836734693878,0.466666666666667
"640","Oct","Sunday",2021,2021,70.6,0.599320882852292,0.561224489795918,0.766666666666667
"641","Oct","Monday",2021,2021,66.9,0.485568760611205,0.36734693877551,0.833333333333333
"642","Oct","Tuesday",2021,2021,65.6,0.504244482173175,0.581632653061224,0.733333333333333
"643","Oct","Wednesday",2021,2021,65.6,0.544991511035654,0.469387755102041,0.783333333333333
"644","Oct","Thursday",2021,2021,68.1,0.407470288624788,0.331632653061224,0.5
"645","Oct","Friday",2021,2021,67,0.507640067911715,0.5,0.833333333333333
"646","Oct","Saturday",2021,2021,69.4,0.528013582342954,0.48469387755102,0.466666666666667
"647","Oct","Sunday",2021,2021,73,0.512733446519525,0.448979591836735,0.683333333333333
"648","Oct","Monday",2021,2021,72.2,0.383701188455009,0.438775510204082,0.216666666666667
"649","Oct","Tuesday",2021,2021,63,0.490662139219015,0.433673469387755,0.6
"650","Oct","Wednesday",2021,2021,60,0.453310696095076,0.5,0.516666666666667
"651","Oct","Thursday",2021,2021,66.7,0.448217317487267,0.448979591836735,0.7
"652","Oct","Friday",2021,2021,57.7,0.495755517826825,0.622448979591837,0.6
"653","Oct","Saturday",2021,2021,52.1,0.451612903225806,0.464285714285714,0.4
"654","Oct","Sunday",2021,2021,53.3,0.483870967741935,0.464285714285714,0.616666666666667
"655","Oct","Monday",2021,2021,57,0.500848896434635,0.443877551020408,0.333333333333333
"656","Oct","Tuesday",2021,2021,60.7,0.370118845500849,0.505102040816326,0.483333333333333
"657","Oct","Wednesday",2021,2021,61.3,0.449915110356537,0.489795918367347,0.566666666666667
"658","Oct","Thursday",2021,2021,56.7,0.492359932088285,0.51530612244898,0.633333333333333
"659","Oct","Friday",2021,2021,47.9,0.460101867572156,0.591836734693878,0.383333333333333
"660","Oct","Saturday",2021,2021,47.4,0.526315789473684,0.556122448979592,0.3
"661","Oct","Sunday",2021,2021,45.7,0.254668930390492,0.295918367346939,0.0666666666666667
"662","Oct","Monday",2021,2021,49.6,0.410865874363328,0.566326530612245,0.533333333333333
"663","Oct","Tuesday",2021,2021,49.1,0.497453310696095,0.668367346938776,0.433333333333333
"664","Oct","Wednesday",2021,2021,47.1,0.448217317487267,0.535714285714286,0.5
"665","Oct","Thursday",2021,2021,51.3,0.436332767402377,0.489795918367347,0.35
"666","Oct","Friday",2021,2021,54.3,0.461799660441426,0.459183673469388,0.45
"667","Oct","Saturday",2021,2021,54.4,0.475382003395586,0.510204081632653,0.566666666666667
"668","Oct","Sunday",2021,2021,48.7,0.538200339558574,0.423469387755102,0.2
"669","Nov","Monday",2021,2021,41.4,0.556876061120543,0.494897959183673,0.35
"670","Nov","Tuesday",2021,2021,39.6,0.451612903225806,0.454081632653061,0.6
"671","Nov","Wednesday",2021,2021,36.9,0.426146010186757,0.505102040816326,0.616666666666667
"672","Nov","Thursday",2021,2021,37.8,0.404074702886248,0.301020408163265,0.7
"673","Nov","Friday",2021,2021,41.5,0.395585738539898,0.423469387755102,0.483333333333333
"674","Nov","Saturday",2021,2021,45.9,0.499151103565365,0.535714285714286,0.183333333333333
"675","Nov","Sunday",2021,2021,52.4,0.514431239388795,0.38265306122449,0.316666666666667
"676","Nov","Monday",2021,2021,55.9,0.539898132427844,0.505102040816326,0.883333333333333
"677","Nov","Tuesday",2021,2021,54.7,0.492359932088285,0.530612244897959,0.633333333333333
"678","Nov","Wednesday",2021,2021,47.8,0.490662139219015,0.612244897959184,0.5
"679","Nov","Thursday",2021,2021,52.7,0.390492359932088,0.454081632653061,0.416666666666667
"680","Nov","Friday",2021,2021,40.6,0.354838709677419,0.459183673469388,0.216666666666667
"681","Nov","Saturday",2021,2021,37.1,0.427843803056027,0.489795918367347,0.483333333333333
"682","Nov","Sunday",2021,2021,35.6,0.382003395585739,0.433673469387755,0.533333333333333
"683","Nov","Monday",2021,2021,32.9,0.434634974533107,0.392857142857143,0.55
"684","Nov","Tuesday",2021,2021,37.7,0.436332767402377,0.561224489795918,0.666666666666667
"685","Nov","Wednesday",2021,2021,54.7,0.33276740237691,0.469387755102041,0.2
"686","Nov","Thursday",2021,2021,36.9,0.405772495755518,0.413265306122449,0.333333333333333
"687","Nov","Friday",2021,2021,32.8,0.400679117147708,0.510204081632653,0.366666666666667
"688","Nov","Saturday",2021,2021,39.7,0.455008488964346,0.525510204081633,0.3
"689","Nov","Sunday",2021,2021,43.5,0.415959252971138,0.301020408163265,0.333333333333333
"690","Nov","Monday",2021,2021,31.2,0.33106960950764,0.377551020408163,0.416666666666667
"691","Nov","Tuesday",2021,2021,31.7,0.276740237691002,0.428571428571429,0.116666666666667
"692","Nov","Wednesday",2021,2021,41.9,0.432937181663837,0.642857142857143,0.316666666666667
"693","Nov","Thursday",2021,2021,44.1,0.127334465195246,0.107142857142857,0.25
"694","Nov","Friday",2021,2021,24.7,0.34804753820034,0.474489795918367,0.183333333333333
"695","Nov","Saturday",2021,2021,33.7,0.358234295415959,0.494897959183673,0.25
"696","Nov","Sunday",2021,2021,34.8,0.392190152801358,0.285714285714286,0.6
"697","Nov","Monday",2021,2021,33.1,0.443123938879457,0.596938775510204,0.383333333333333
"698","Nov","Tuesday",2021,2021,41.5,0.388794567062818,0.535714285714286,0.416666666666667
"699","Dec","Wednesday",2021,2021,41.3,0.573853989813243,0.556122448979592,0.633333333333333
"700","Dec","Thursday",2021,2021,51.2,0.494057724957555,0.408163265306122,0.85
"701","Dec","Friday",2021,2021,45.7,0.572156196943973,0.571428571428571,0.666666666666667
"702","Dec","Saturday",2021,2021,37.6,0.443123938879457,0.459183673469388,0.283333333333333
"703","Dec","Sunday",2021,2021,37.6,0.368421052631579,0.336734693877551,0.45
"704","Dec","Monday",2021,2021,34.6,0.371816638370119,0.479591836734694,0.366666666666667
"705","Dec","Tuesday",2021,2021,18.3,0.314091680814941,0.418367346938776,0.283333333333333
"706","Dec","Wednesday",2021,2021,28.3,0.453310696095076,0.438775510204082,0.383333333333333
"707","Dec","Thursday",2021,2021,34.3,0.417657045840407,0.545918367346939,0.45
"708","Dec","Friday",2021,2021,42,0.432937181663837,0.510204081632653,0.383333333333333
"709","Dec","Saturday",2021,2021,45.3,0.356536502546689,0.387755102040816,0.316666666666667
"710","Dec","Sunday",2021,2021,37.9,0.432937181663837,0.428571428571429,0.516666666666667
"711","Dec","Monday",2021,2021,42.5,0.453310696095076,0.505102040816326,0.383333333333333
"712","Dec","Tuesday",2021,2021,40.7,0.388794567062818,0.540816326530612,0.55
"713","Dec","Wednesday",2021,2021,56.2,0.482173174872666,0.571428571428571,0.583333333333333
"714","Dec","Thursday",2021,2021,51.5,0.441426146010187,0.489795918367347,0.316666666666667
"715","Dec","Friday",2021,2021,32.9,0.402376910016978,0.591836734693878,0.433333333333333
"716","Dec","Saturday",2021,2021,37.2,0.414261460101868,0.423469387755102,0.316666666666667
"717","Dec","Sunday",2021,2021,32.4,0.290322580645161,0.280612244897959,0.2
"718","Dec","Monday",2021,2021,34.1,0.34295415959253,0.474489795918367,0.366666666666667
"719","Dec","Tuesday",2021,2021,32.4,0.280135823429542,0.392857142857143,0.266666666666667
"720","Dec","Wednesday",2021,2021,26.4,0.237691001697793,0.48469387755102,0.0333333333333333
"721","Dec","Thursday",2021,2021,34.1,0.32937181663837,0.469387755102041,0.25
"722","Dec","Friday",2021,2021,42.6,0.251273344651952,0.454081632653061,0.15
"723","Dec","Saturday",2021,2021,49.1,0.227504244482173,0.142857142857143,0.266666666666667
"724","Dec","Sunday",2021,2021,34.8,0.183361629881155,0.25,0.233333333333333
"725","Dec","Monday",2021,2021,39.9,0.295415959252971,0.346938775510204,0.35
"726","Dec","Tuesday",2021,2021,33.7,0.202037351443124,0.341836734693878,0.366666666666667
"727","Dec","Wednesday",2021,2021,34.7,0.275042444821732,0.362244897959184,0.25
"728","Dec","Thursday",2021,2021,31.5,0.363327674023769,0.48469387755102,0.233333333333333
"729","Dec","Friday",2021,2021,36.6,0.441426146010187,0.260204081632653,0.4
