"","crimeDate","temp","Theft"
"2","2019-01-02",27.6,0.415525114155251
"3","2019-01-03",29.2,0.616438356164384
"4","2019-01-04",37,0.552511415525114
"5","2019-01-05",38.9,0.520547945205479
"6","2019-01-06",37.9,0.438356164383562
"7","2019-01-07",43.6,0.484018264840183
"8","2019-01-08",41.4,0.493150684931507
"9","2019-01-09",23.2,0.488584474885845
"10","2019-01-10",17.9,0.442922374429224
"11","2019-01-11",23.4,0.639269406392694
"12","2019-01-12",30.2,0.474885844748858
"13","2019-01-13",29.7,0.255707762557078
"14","2019-01-14",25.4,0.461187214611872
"15","2019-01-15",25.5,0.447488584474886
"16","2019-01-16",31.2,0.511415525114155
"17","2019-01-17",30.3,0.474885844748858
"18","2019-01-18",29.7,0.470319634703196
"19","2019-01-19",26.4,0.242009132420091
"20","2019-01-20",11.9,0.178082191780822
"21","2019-01-21",9.4,0.342465753424658
"22","2019-01-22",18.7,0.401826484018265
"23","2019-01-23",29.5,0.529680365296804
"24","2019-01-24",16.6,0.34703196347032
"25","2019-01-25",1.3,0.360730593607306
"26","2019-01-26",2.1,0.255707762557078
"27","2019-01-27",3.8,0.264840182648402
"28","2019-01-28",18.4,0.150684931506849
"29","2019-01-29",5.8,0.305936073059361
"30","2019-01-30",-14.6,0
"31","2019-01-31",-15,0.187214611872146
"32","2019-02-01",6.9,0.461187214611872
"33","2019-02-02",25.6,0.5662100456621
"34","2019-02-03",42.3,0.264840182648402
"35","2019-02-04",47.3,0.547945205479452
"36","2019-02-05",29.5,0.479452054794521
"37","2019-02-06",32.8,0.397260273972603
"38","2019-02-07",35.6,0.502283105022831
"39","2019-02-08",11.4,0.493150684931507
"40","2019-02-09",11.8,0.557077625570776
"41","2019-02-10",23.4,0.374429223744292
"42","2019-02-11",28,0.424657534246575
"43","2019-02-12",32,0.442922374429224
"44","2019-02-13",18.5,0.392694063926941
"45","2019-02-14",36.1,0.484018264840183
"46","2019-02-15",22.8,0.584474885844749
"47","2019-02-16",18.6,0.506849315068493
"48","2019-02-17",25.3,0.34703196347032
"49","2019-02-18",25.1,0.420091324200913
"50","2019-02-19",21.8,0.328767123287671
"51","2019-02-20",31.1,0.36986301369863
"52","2019-02-21",30.9,0.547945205479452
"53","2019-02-22",28.6,0.401826484018265
"54","2019-02-23",35.6,0.383561643835616
"55","2019-02-24",37.4,0.356164383561644
"56","2019-02-25",12.3,0.406392694063927
"57","2019-02-26",16.9,0.406392694063927
"58","2019-02-27",24.6,0.378995433789954
"59","2019-02-28",18,0.429223744292237
"60","2019-03-01",26.7,0.410958904109589
"61","2019-03-02",29.1,0.337899543378995
"62","2019-03-03",22.2,0.150684931506849
"63","2019-03-04",5.2,0.28310502283105
"64","2019-03-05",11.9,0.28310502283105
"65","2019-03-06",16.3,0.397260273972603
"66","2019-03-07",22.7,0.397260273972603
"67","2019-03-08",28,0.351598173515982
"68","2019-03-09",33.5,0.296803652968037
"69","2019-03-10",36.6,0.26027397260274
"70","2019-03-11",32,0.465753424657534
"71","2019-03-12",35.2,0.429223744292237
"72","2019-03-13",44.9,0.415525114155251
"73","2019-03-14",55.3,0.337899543378995
"74","2019-03-15",38,0.465753424657534
"75","2019-03-16",34.4,0.429223744292237
"76","2019-03-17",34.8,0.251141552511416
"77","2019-03-18",35.4,0.365296803652968
"78","2019-03-19",38.7,0.406392694063927
"79","2019-03-20",41.7,0.452054794520548
"80","2019-03-21",39.8,0.515981735159817
"81","2019-03-22",40.2,0.534246575342466
"82","2019-03-23",36.5,0.461187214611872
"83","2019-03-24",45.5,0.378995433789954
"84","2019-03-25",36,0.397260273972603
"85","2019-03-26",34.9,0.442922374429224
"86","2019-03-27",41.8,0.337899543378995
"87","2019-03-28",53.2,0.415525114155251
"88","2019-03-29",46.7,0.447488584474886
"89","2019-03-30",39.7,0.365296803652968
"90","2019-03-31",30.7,0.328767123287671
"91","2019-04-01",35,0.547945205479452
"92","2019-04-02",44.7,0.356164383561644
"93","2019-04-03",45.5,0.34703196347032
"94","2019-04-04",46,0.420091324200913
"95","2019-04-05",43.5,0.497716894977169
"96","2019-04-06",51.7,0.365296803652968
"97","2019-04-07",56.3,0.296803652968037
"98","2019-04-08",61.2,0.4337899543379
"99","2019-04-09",59.8,0.388127853881279
"100","2019-04-10",40.5,0.461187214611872
"101","2019-04-11",42.2,0.54337899543379
"102","2019-04-12",47.9,0.520547945205479
"103","2019-04-13",42.4,0.493150684931507
"104","2019-04-14",36.8,0.19634703196347
"105","2019-04-15",37.8,0.525114155251142
"106","2019-04-16",56,0.383561643835616
"107","2019-04-17",55,0.415525114155251
"108","2019-04-18",58.5,0.333333333333333
"109","2019-04-19",44.9,0.45662100456621
"110","2019-04-20",49.5,0.360730593607306
"111","2019-04-21",58.3,0.273972602739726
"112","2019-04-22",68.1,0.315068493150685
"113","2019-04-23",59.1,0.598173515981735
"114","2019-04-24",52.7,0.470319634703196
"115","2019-04-25",56.7,0.506849315068493
"116","2019-04-26",55.6,0.579908675799087
"117","2019-04-27",42.4,0.34703196347032
"118","2019-04-28",39.1,0.287671232876712
"119","2019-04-29",45.1,0.579908675799087
"120","2019-04-30",44.4,0.589041095890411
"121","2019-05-01",50,0.593607305936073
"122","2019-05-02",44.3,0.488584474885845
"123","2019-05-03",47.5,0.71689497716895
"124","2019-05-04",49.5,0.36986301369863
"125","2019-05-05",58.3,0.424657534246575
"126","2019-05-06",59.3,0.5662100456621
"127","2019-05-07",46.4,0.593607305936073
"128","2019-05-08",50.1,0.479452054794521
"129","2019-05-09",61.3,0.45662100456621
"130","2019-05-10",49.6,0.497716894977169
"131","2019-05-11",47.6,0.506849315068493
"132","2019-05-12",46.2,0.351598173515982
"133","2019-05-13",49.7,0.552511415525114
"134","2019-05-14",54.3,0.479452054794521
"135","2019-05-15",62.3,0.584474885844749
"136","2019-05-16",66.3,0.547945205479452
"137","2019-05-17",57.9,0.452054794520548
"138","2019-05-18",55.7,0.579908675799087
"139","2019-05-19",62.7,0.360730593607306
"140","2019-05-20",53.3,0.602739726027397
"141","2019-05-21",48.5,0.429223744292237
"142","2019-05-22",61.4,0.406392694063927
"143","2019-05-23",70.1,0.557077625570776
"144","2019-05-24",62.3,0.639269406392694
"145","2019-05-25",73.6,0.584474885844749
"146","2019-05-26",70,0.447488584474886
"147","2019-05-27",61.2,0.493150684931507
"148","2019-05-28",64.5,0.570776255707763
"149","2019-05-29",59.5,0.534246575342466
"150","2019-05-30",66,0.570776255707763
"151","2019-05-31",70.5,0.570776255707763
"152","2019-06-01",71,0.625570776255708
"153","2019-06-02",60.1,0.470319634703196
"154","2019-06-03",57.8,0.493150684931507
"155","2019-06-04",64.2,0.493150684931507
"156","2019-06-05",74.4,0.625570776255708
"157","2019-06-06",65.5,0.561643835616438
"158","2019-06-07",66.2,0.5662100456621
"159","2019-06-08",67,0.73972602739726
"160","2019-06-09",68.8,0.5662100456621
"161","2019-06-10",66.7,0.634703196347032
"162","2019-06-11",68.8,0.575342465753425
"163","2019-06-12",67.4,0.579908675799087
"164","2019-06-13",57.9,0.529680365296804
"165","2019-06-14",64.8,0.589041095890411
"166","2019-06-15",66.5,0.534246575342466
"167","2019-06-16",57,0.392694063926941
"168","2019-06-17",59,0.515981735159817
"169","2019-06-18",63.9,0.538812785388128
"170","2019-06-19",66.6,0.547945205479452
"171","2019-06-20",60,0.54337899543379
"172","2019-06-21",62.8,0.634703196347032
"173","2019-06-22",66.5,0.71689497716895
"174","2019-06-23",73.1,0.506849315068493
"175","2019-06-24",71.3,0.570776255707763
"176","2019-06-25",72,0.639269406392694
"177","2019-06-26",78.2,0.698630136986301
"178","2019-06-27",77.2,0.584474885844749
"179","2019-06-28",75.7,0.689497716894977
"180","2019-06-29",78.4,0.689497716894977
"181","2019-06-30",77.7,0.611872146118721
"182","2019-07-01",77.1,0.73972602739726
"183","2019-07-02",83.9,0.497716894977169
"184","2019-07-03",77.6,0.602739726027397
"185","2019-07-04",78.1,0.365296803652968
"186","2019-07-05",81.4,0.561643835616438
"187","2019-07-06",77.7,0.54337899543379
"188","2019-07-07",70.2,0.438356164383562
"189","2019-07-08",70.8,0.71689497716895
"190","2019-07-09",74.2,0.438356164383562
"191","2019-07-10",83.4,0.707762557077626
"192","2019-07-11",77.5,0.465753424657534
"193","2019-07-12",71.8,0.5662100456621
"194","2019-07-13",81.9,0.547945205479452
"195","2019-07-14",79.4,0.529680365296804
"196","2019-07-15",81,0.684931506849315
"197","2019-07-16",77.2,0.5662100456621
"198","2019-07-17",80.5,0.744292237442922
"199","2019-07-18",77.4,0.639269406392694
"200","2019-07-19",85.5,0.589041095890411
"201","2019-07-20",85,0.671232876712329
"202","2019-07-21",73.6,0.520547945205479
"203","2019-07-22",70.3,0.666666666666667
"204","2019-07-23",69.9,0.726027397260274
"205","2019-07-24",71.2,0.703196347031963
"206","2019-07-25",73.3,0.671232876712329
"207","2019-07-26",75.6,0.666666666666667
"208","2019-07-27",79.7,0.712328767123288
"209","2019-07-28",81.1,0.538812785388128
"210","2019-07-29",77.3,0.639269406392694
"211","2019-07-30",73.2,0.662100456621005
"212","2019-07-31",68.6,0.625570776255708
"213","2019-08-01",68.5,0.922374429223744
"214","2019-08-02",72,1
"215","2019-08-03",75.4,0.789954337899543
"216","2019-08-04",78.7,0.762557077625571
"217","2019-08-05",78.8,0.575342465753425
"218","2019-08-06",76.1,0.538812785388128
"219","2019-08-07",76.7,0.561643835616438
"220","2019-08-08",79.1,0.757990867579909
"221","2019-08-09",72.7,0.689497716894977
"222","2019-08-10",74.2,0.520547945205479
"223","2019-08-11",74.4,0.570776255707763
"224","2019-08-12",76,0.657534246575342
"225","2019-08-13",75.2,0.65296803652968
"226","2019-08-14",71.9,0.598173515981735
"227","2019-08-15",70.1,0.689497716894977
"228","2019-08-16",71.8,0.570776255707763
"229","2019-08-17",73.3,0.593607305936073
"230","2019-08-18",73.5,0.415525114155251
"231","2019-08-19",75.6,0.502283105022831
"232","2019-08-20",74.3,0.515981735159817
"233","2019-08-21",73.1,0.625570776255708
"234","2019-08-22",71.4,0.607305936073059
"235","2019-08-23",67.6,0.730593607305936
"236","2019-08-24",66.8,0.625570776255708
"237","2019-08-25",68.6,0.438356164383562
"238","2019-08-26",70.2,0.488584474885845
"239","2019-08-27",71.6,0.607305936073059
"240","2019-08-28",68.2,0.73972602739726
"241","2019-08-29",69.8,0.65296803652968
"242","2019-08-30",69.6,0.511415525114155
"243","2019-08-31",66.9,0.634703196347032
"244","2019-09-01",66.9,0.625570776255708
"245","2019-09-02",70,0.589041095890411
"246","2019-09-03",72.3,0.520547945205479
"247","2019-09-04",67.6,0.602739726027397
"248","2019-09-05",63.9,0.497716894977169
"249","2019-09-06",67.3,0.611872146118721
"250","2019-09-07",66.3,0.557077625570776
"251","2019-09-08",65.1,0.383561643835616
"252","2019-09-09",66.5,0.561643835616438
"253","2019-09-10",78,0.579908675799087
"254","2019-09-11",80.5,0.502283105022831
"255","2019-09-12",71.9,0.698630136986301
"256","2019-09-13",72.7,0.625570776255708
"257","2019-09-14",66.7,0.511415525114155
"258","2019-09-15",70.6,0.406392694063927
"259","2019-09-16",71.2,0.643835616438356
"260","2019-09-17",69.3,0.502283105022831
"261","2019-09-18",70.9,0.525114155251142
"262","2019-09-19",72.2,0.538812785388128
"263","2019-09-20",74.1,0.721461187214612
"264","2019-09-21",75.1,0.552511415525114
"265","2019-09-22",72.2,0.442922374429224
"266","2019-09-23",66.7,0.607305936073059
"267","2019-09-24",66.9,0.593607305936073
"268","2019-09-25",70.3,0.479452054794521
"269","2019-09-26",65.5,0.493150684931507
"270","2019-09-27",63.3,0.497716894977169
"271","2019-09-28",61.3,0.497716894977169
"272","2019-09-29",60.9,0.515981735159817
"273","2019-09-30",71.2,0.611872146118721
"274","2019-10-01",78.6,0.621004566210046
"275","2019-10-02",65.9,0.598173515981735
"276","2019-10-03",60.7,0.552511415525114
"277","2019-10-04",51.8,0.561643835616438
"278","2019-10-05",54.6,0.525114155251142
"279","2019-10-06",58.6,0.515981735159817
"280","2019-10-07",58.6,0.497716894977169
"281","2019-10-08",57.1,0.529680365296804
"282","2019-10-09",59.8,0.493150684931507
"283","2019-10-10",61.6,0.378995433789954
"284","2019-10-11",59.7,0.579908675799087
"285","2019-10-12",42.7,0.557077625570776
"286","2019-10-13",45.4,0.488584474885845
"287","2019-10-14",44.7,0.515981735159817
"288","2019-10-15",50,0.611872146118721
"289","2019-10-16",48.8,0.598173515981735
"290","2019-10-17",46,0.525114155251142
"291","2019-10-18",46.8,0.511415525114155
"292","2019-10-19",53.4,0.4337899543379
"293","2019-10-20",56.3,0.442922374429224
"294","2019-10-21",56.2,0.470319634703196
"295","2019-10-22",50,0.392694063926941
"296","2019-10-23",47.5,0.557077625570776
"297","2019-10-24",47.1,0.648401826484018
"298","2019-10-25",44.5,0.712328767123288
"299","2019-10-26",42.1,0.333333333333333
"300","2019-10-27",48.6,0.525114155251142
"301","2019-10-28",47.1,0.461187214611872
"302","2019-10-29",40.3,0.506849315068493
"303","2019-10-30",36.5,0.397260273972603
"304","2019-10-31",33.4,0.429223744292237
"305","2019-11-01",30.9,0.616438356164384
"306","2019-11-02",38,0.452054794520548
"307","2019-11-03",38.8,0.484018264840183
"308","2019-11-04",47.6,0.54337899543379
"309","2019-11-05",37.7,0.356164383561644
"310","2019-11-06",38.6,0.356164383561644
"311","2019-11-07",28.3,0.511415525114155
"312","2019-11-08",23,0.438356164383562
"313","2019-11-09",33.6,0.479452054794521
"314","2019-11-10",40.6,0.251141552511416
"315","2019-11-11",28.1,0.232876712328767
"316","2019-11-12",13.4,0.410958904109589
"317","2019-11-13",15.7,0.420091324200913
"318","2019-11-14",27.1,0.479452054794521
"319","2019-11-15",27.1,0.611872146118721
"320","2019-11-16",32.8,0.415525114155251
"321","2019-11-17",32.9,0.511415525114155
"322","2019-11-18",36.7,0.502283105022831
"323","2019-11-19",37.2,0.493150684931507
"324","2019-11-20",40.8,0.570776255707763
"325","2019-11-21",46.5,0.452054794520548
"326","2019-11-22",36,0.474885844748858
"327","2019-11-23",31,0.54337899543379
"328","2019-11-24",38,0.438356164383562
"329","2019-11-25",44.5,0.616438356164384
"330","2019-11-26",41.2,0.534246575342466
"331","2019-11-27",44.4,0.506849315068493
"332","2019-11-28",33.8,0.17351598173516
"333","2019-11-29",35.7,0.452054794520548
"334","2019-11-30",37.3,0.621004566210046
"335","2019-12-01",39.3,0.461187214611872
"336","2019-12-02",31.7,0.634703196347032
"337","2019-12-03",32.4,0.666666666666667
"338","2019-12-04",36.7,0.607305936073059
"339","2019-12-05",35.7,0.648401826484018
"340","2019-12-06",38.5,0.707762557077626
"341","2019-12-07",30.7,0.703196347031963
"342","2019-12-08",38.5,0.328767123287671
"343","2019-12-09",45.8,0.643835616438356
"344","2019-12-10",22,0.621004566210046
"345","2019-12-11",17.9,0.415525114155251
"346","2019-12-12",28,0.63013698630137
"347","2019-12-13",39.7,0.589041095890411
"348","2019-12-14",32.8,0.662100456621005
"349","2019-12-15",23.5,0.4337899543379
"350","2019-12-16",26,0.45662100456621
"351","2019-12-17",24.9,0.493150684931507
"352","2019-12-18",19.9,0.584474885844749
"353","2019-12-19",22.9,0.643835616438356
"354","2019-12-20",29.9,0.703196347031963
"355","2019-12-21",37.5,0.607305936073059
"356","2019-12-22",39.7,0.4337899543379
"357","2019-12-23",42,0.525114155251142
"358","2019-12-24",39.8,0.497716894977169
"359","2019-12-25",47.5,0.141552511415525
"360","2019-12-26",55.6,0.328767123287671
"361","2019-12-27",36.9,0.575342465753425
"362","2019-12-28",34.1,0.356164383561644
"363","2019-12-29",51.9,0.442922374429224
"364","2019-12-30",38.4,0.470319634703196
"365","2019-12-31",26.3,0.269406392694064
"732","2021-01-01",26.7,0.188775510204082
"733","2021-01-02",32,0.204081632653061
"734","2021-01-03",31.9,0.163265306122449
"735","2021-01-04",26.9,0.25
"736","2021-01-05",30.9,0.280612244897959
"737","2021-01-06",33,0.198979591836735
"738","2021-01-07",35.3,0.392857142857143
"739","2021-01-08",33.8,0.372448979591837
"740","2021-01-09",31.4,0.193877551020408
"741","2021-01-10",28.9,0.214285714285714
"742","2021-01-11",25.2,0.239795918367347
"743","2021-01-12",30.7,0.321428571428571
"744","2021-01-13",34.5,0.23469387755102
"745","2021-01-14",36.3,0.311224489795918
"746","2021-01-15",35.4,0.336734693877551
"747","2021-01-16",33,0.178571428571429
"748","2021-01-17",31.9,0.255102040816327
"749","2021-01-18",28.4,0.244897959183673
"750","2021-01-19",24.3,0.260204081632653
"751","2021-01-20",22.7,0.275510204081633
"752","2021-01-21",34,0.306122448979592
"753","2021-01-22",22.8,0.183673469387755
"754","2021-01-23",17.1,0.290816326530612
"755","2021-01-24",29.7,0.229591836734694
"756","2021-01-25",30.9,0.198979591836735
"757","2021-01-26",31,0.163265306122449
"758","2021-01-27",24.3,0.295918367346939
"759","2021-01-28",16.8,0.239795918367347
"760","2021-01-29",22,0.219387755102041
"761","2021-01-30",30.5,0.255102040816327
"762","2021-01-31",30.7,0.0918367346938776
"763","2021-02-01",29.5,0.198979591836735
"764","2021-02-02",26,0.219387755102041
"765","2021-02-03",25.5,0.163265306122449
"766","2021-02-04",32.2,0.183673469387755
"767","2021-02-05",17.1,0.188775510204082
"768","2021-02-06",8.7,0.127551020408163
"769","2021-02-07",1.3,0.127551020408163
"770","2021-02-08",5.4,0.153061224489796
"771","2021-02-09",8.2,0.193877551020408
"772","2021-02-10",9.7,0.173469387755102
"773","2021-02-11",11.7,0.224489795918367
"774","2021-02-12",13.8,0.301020408163265
"775","2021-02-13",7.8,0.173469387755102
"776","2021-02-14",0.1,0.112244897959184
"777","2021-02-15",3.5,0
"778","2021-02-16",11.6,0.0306122448979592
"779","2021-02-17",15.5,0.137755102040816
"780","2021-02-18",20.6,0.142857142857143
"781","2021-02-19",16.2,0.275510204081633
"782","2021-02-20",16.8,0.204081632653061
"783","2021-02-21",25.6,0.153061224489796
"784","2021-02-22",32.7,0.26530612244898
"785","2021-02-23",40.4,0.326530612244898
"786","2021-02-24",42,0.25
"787","2021-02-25",33.9,0.280612244897959
"788","2021-02-26",33.6,0.270408163265306
"789","2021-02-27",40.3,0.285714285714286
"790","2021-02-28",42.8,0.224489795918367
"791","2021-03-01",32.5,0.301020408163265
"792","2021-03-02",29.6,0.306122448979592
"793","2021-03-03",44.3,0.341836734693878
"794","2021-03-04",35.7,0.352040816326531
"795","2021-03-05",34.1,0.346938775510204
"796","2021-03-06",36.5,0.25
"797","2021-03-07",36.5,0.107142857142857
"798","2021-03-08",50.8,0.285714285714286
"799","2021-03-09",52.6,0.26530612244898
"800","2021-03-10",61,0.224489795918367
"801","2021-03-11",55.3,0.26530612244898
"802","2021-03-12",45.2,0.346938775510204
"803","2021-03-13",43.2,0.229591836734694
"804","2021-03-14",45.4,0.13265306122449
"805","2021-03-15",35,0.178571428571429
"806","2021-03-16",34.8,0.209183673469388
"807","2021-03-17",35.7,0.183673469387755
"808","2021-03-18",38.6,0.178571428571429
"809","2021-03-19",39,0.301020408163265
"810","2021-03-20",40.9,0.270408163265306
"811","2021-03-21",49.8,0.224489795918367
"812","2021-03-22",56.5,0.336734693877551
"813","2021-03-23",56.8,0.301020408163265
"814","2021-03-24",55.2,0.295918367346939
"815","2021-03-25",47,0.255102040816327
"816","2021-03-26",39.3,0.23469387755102
"817","2021-03-27",47.2,0.147959183673469
"818","2021-03-28",47.6,0.23469387755102
"819","2021-03-29",43.6,0.214285714285714
"820","2021-03-30",56.8,0.346938775510204
"821","2021-03-31",42.1,0.270408163265306
"822","2021-04-01",33.4,0.413265306122449
"823","2021-04-02",36,0.36734693877551
"824","2021-04-03",51.3,0.275510204081633
"825","2021-04-04",59.8,0.188775510204082
"826","2021-04-05",67,0.25
"827","2021-04-06",69.7,0.280612244897959
"828","2021-04-07",70.2,0.392857142857143
"829","2021-04-08",63.5,0.270408163265306
"830","2021-04-09",54.1,0.173469387755102
"831","2021-04-10",52.8,0.25
"832","2021-04-11",50.1,0.178571428571429
"833","2021-04-12",54.5,0.244897959183673
"834","2021-04-13",49.4,0.285714285714286
"835","2021-04-14",44.3,0.229591836734694
"836","2021-04-15",44.7,0.321428571428571
"837","2021-04-16",46.9,0.326530612244898
"838","2021-04-17",44.1,0.229591836734694
"839","2021-04-18",49.2,0.198979591836735
"840","2021-04-19",50.9,0.26530612244898
"841","2021-04-20",40.2,0.295918367346939
"842","2021-04-21",39.1,0.311224489795918
"843","2021-04-22",41.7,0.290816326530612
"844","2021-04-23",52.8,0.290816326530612
"845","2021-04-24",55.4,0.193877551020408
"846","2021-04-25",46.2,0.260204081632653
"847","2021-04-26",52.8,0.224489795918367
"848","2021-04-27",73.3,0.413265306122449
"849","2021-04-28",52.3,0.270408163265306
"850","2021-04-29",53.5,0.331632653061224
"851","2021-04-30",53.1,0.397959183673469
"852","2021-05-01",55.9,0.38265306122449
"853","2021-05-02",74.4,0.255102040816327
"854","2021-05-03",65.4,0.311224489795918
"855","2021-05-04",56.9,0.214285714285714
"856","2021-05-05",51.2,0.372448979591837
"857","2021-05-06",49.2,0.38265306122449
"858","2021-05-07",50.2,0.23469387755102
"859","2021-05-08",45,0.301020408163265
"860","2021-05-09",46.1,0.23469387755102
"861","2021-05-10",46.2,0.352040816326531
"862","2021-05-11",46.3,0.362244897959184
"863","2021-05-12",49.8,0.341836734693878
"864","2021-05-13",55.4,0.38265306122449
"865","2021-05-14",60.3,0.418367346938776
"866","2021-05-15",58.6,0.413265306122449
"867","2021-05-16",61.7,0.290816326530612
"868","2021-05-17",63.5,0.336734693877551
"869","2021-05-18",65.2,0.38265306122449
"870","2021-05-19",68.7,0.397959183673469
"871","2021-05-20",74.1,0.362244897959184
"872","2021-05-21",77.3,0.423469387755102
"873","2021-05-22",77.6,0.423469387755102
"874","2021-05-23",75.3,0.316326530612245
"875","2021-05-24",68.5,0.454081632653061
"876","2021-05-25",79,0.413265306122449
"877","2021-05-26",72.8,0.36734693877551
"878","2021-05-27",57.3,0.346938775510204
"879","2021-05-28",48.2,0.280612244897959
"880","2021-05-29",51.4,0.38265306122449
"881","2021-05-30",55.7,0.321428571428571
"882","2021-05-31",62.7,0.188775510204082
"883","2021-06-01",63.2,0.352040816326531
"884","2021-06-02",67.3,0.372448979591837
"885","2021-06-03",70.7,0.545918367346939
"886","2021-06-04",79.8,0.474489795918367
"887","2021-06-05",80.6,0.306122448979592
"888","2021-06-06",81.5,0.377551020408163
"889","2021-06-07",77.5,0.403061224489796
"890","2021-06-08",77.5,0.535714285714286
"891","2021-06-09",79.9,0.311224489795918
"892","2021-06-10",77.3,0.352040816326531
"893","2021-06-11",81.2,0.469387755102041
"894","2021-06-12",79.9,0.494897959183673
"895","2021-06-13",77.9,0.418367346938776
"896","2021-06-14",75.3,0.464285714285714
"897","2021-06-15",70.5,0.306122448979592
"898","2021-06-16",67.1,0.311224489795918
"899","2021-06-17",71.5,0.36734693877551
"900","2021-06-18",80.9,0.443877551020408
"901","2021-06-19",79.5,0.428571428571429
"902","2021-06-20",72.3,0.341836734693878
"903","2021-06-21",69.8,0.372448979591837
"904","2021-06-22",62.9,0.357142857142857
"905","2021-06-23",68.9,0.352040816326531
"906","2021-06-24",71.9,0.392857142857143
"907","2021-06-25",72,0.229591836734694
"908","2021-06-26",75,0.51530612244898
"909","2021-06-27",76.5,0.505102040816326
"910","2021-06-28",71.9,0.474489795918367
"911","2021-06-29",76.2,0.36734693877551
"912","2021-06-30",76.8,0.362244897959184
"913","2021-07-01",71.3,0.525510204081633
"914","2021-07-02",64.8,0.48469387755102
"915","2021-07-03",70.4,0.331632653061224
"916","2021-07-04",79.1,0.352040816326531
"917","2021-07-05",81.6,0.362244897959184
"918","2021-07-06",83.4,0.387755102040816
"919","2021-07-07",80.5,0.36734693877551
"920","2021-07-08",66.7,0.443877551020408
"921","2021-07-09",66.4,0.443877551020408
"922","2021-07-10",69.3,0.438775510204082
"923","2021-07-11",67.8,0.23469387755102
"924","2021-07-12",69.7,0.408163265306122
"925","2021-07-13",71.1,0.505102040816326
"926","2021-07-14",76.3,0.341836734693878
"927","2021-07-15",75.4,0.372448979591837
"928","2021-07-16",68.9,0.464285714285714
"929","2021-07-17",70.6,0.428571428571429
"930","2021-07-18",72.7,0.295918367346939
"931","2021-07-19",73.4,0.403061224489796
"932","2021-07-20",76.2,0.433673469387755
"933","2021-07-21",69.6,0.418367346938776
"934","2021-07-22",72.2,0.510204081632653
"935","2021-07-23",80.5,0.489795918367347
"936","2021-07-24",82,0.428571428571429
"937","2021-07-25",81.5,0.38265306122449
"938","2021-07-26",81.6,0.397959183673469
"939","2021-07-27",80.2,0.413265306122449
"940","2021-07-28",81,0.36734693877551
"941","2021-07-29",81.7,0.831632653061224
"942","2021-07-30",70.3,0.923469387755102
"943","2021-07-31",69.4,1
"944","2021-08-01",71.8,0.714285714285714
"945","2021-08-02",68.7,0.377551020408163
"946","2021-08-03",71.6,0.316326530612245
"947","2021-08-04",74.8,0.403061224489796
"948","2021-08-05",76,0.408163265306122
"949","2021-08-06",77,0.362244897959184
"950","2021-08-07",76.2,0.489795918367347
"951","2021-08-08",82.8,0.362244897959184
"952","2021-08-09",74.6,0.408163265306122
"953","2021-08-10",81,0.306122448979592
"954","2021-08-11",77.8,0.413265306122449
"955","2021-08-12",80.1,0.408163265306122
"956","2021-08-13",75.9,0.454081632653061
"957","2021-08-14",72.9,0.428571428571429
"958","2021-08-15",70.6,0.316326530612245
"959","2021-08-16",72.3,0.438775510204082
"960","2021-08-17",74.2,0.387755102040816
"961","2021-08-18",77.2,0.38265306122449
"962","2021-08-19",79.2,0.510204081632653
"963","2021-08-20",79.8,0.551020408163265
"964","2021-08-21",79.7,0.540816326530612
"965","2021-08-22",76.3,0.505102040816326
"966","2021-08-23",75.1,0.438775510204082
"967","2021-08-24",82.5,0.423469387755102
"968","2021-08-25",78.7,0.494897959183673
"969","2021-08-26",77.4,0.5
"970","2021-08-27",80.7,0.566326530612245
"971","2021-08-28",83.6,0.530612244897959
"972","2021-08-29",81.5,0.387755102040816
"973","2021-08-30",76.2,0.418367346938776
"974","2021-08-31",74.7,0.530612244897959
"975","2021-09-01",73.2,0.51530612244898
"976","2021-09-02",69.5,0.306122448979592
"977","2021-09-03",69.7,0.571428571428571
"978","2021-09-04",70.1,0.535714285714286
"979","2021-09-05",69.5,0.5
"980","2021-09-06",72,0.387755102040816
"981","2021-09-07",72.3,0.352040816326531
"982","2021-09-08",69.7,0.433673469387755
"983","2021-09-09",66.9,0.418367346938776
"984","2021-09-10",68.5,0.556122448979592
"985","2021-09-11",73.6,0.428571428571429
"986","2021-09-12",78.8,0.413265306122449
"987","2021-09-13",74.6,0.505102040816326
"988","2021-09-14",77.1,0.38265306122449
"989","2021-09-15",68.4,0.586734693877551
"990","2021-09-16",68.7,0.540816326530612
"991","2021-09-17",74.8,0.459183673469388
"992","2021-09-18",71.4,0.474489795918367
"993","2021-09-19",73.6,0.459183673469388
"994","2021-09-20",75.7,0.443877551020408
"995","2021-09-21",69,0.556122448979592
"996","2021-09-22",59.7,0.494897959183673
"997","2021-09-23",58,0.61734693877551
"998","2021-09-24",62.7,0.505102040816326
"999","2021-09-25",61.4,0.551020408163265
"1000","2021-09-26",66.1,0.352040816326531
"1001","2021-09-27",73.4,0.454081632653061
"1002","2021-09-28",65.9,0.459183673469388
"1003","2021-09-29",67,0.540816326530612
"1004","2021-09-30",68.7,0.494897959183673
"1005","2021-10-01",70.8,0.73469387755102
"1006","2021-10-02",72.7,0.591836734693878
"1007","2021-10-03",70.6,0.561224489795918
"1008","2021-10-04",66.9,0.36734693877551
"1009","2021-10-05",65.6,0.581632653061224
"1010","2021-10-06",65.6,0.469387755102041
"1011","2021-10-07",68.1,0.331632653061224
"1012","2021-10-08",67,0.5
"1013","2021-10-09",69.4,0.48469387755102
"1014","2021-10-10",73,0.448979591836735
"1015","2021-10-11",72.2,0.438775510204082
"1016","2021-10-12",63,0.433673469387755
"1017","2021-10-13",60,0.5
"1018","2021-10-14",66.7,0.448979591836735
"1019","2021-10-15",57.7,0.622448979591837
"1020","2021-10-16",52.1,0.464285714285714
"1021","2021-10-17",53.3,0.464285714285714
"1022","2021-10-18",57,0.443877551020408
"1023","2021-10-19",60.7,0.505102040816326
"1024","2021-10-20",61.3,0.489795918367347
"1025","2021-10-21",56.7,0.51530612244898
"1026","2021-10-22",47.9,0.591836734693878
"1027","2021-10-23",47.4,0.556122448979592
"1028","2021-10-24",45.7,0.295918367346939
"1029","2021-10-25",49.6,0.566326530612245
"1030","2021-10-26",49.1,0.668367346938776
"1031","2021-10-27",47.1,0.535714285714286
"1032","2021-10-28",51.3,0.489795918367347
"1033","2021-10-29",54.3,0.459183673469388
"1034","2021-10-30",54.4,0.510204081632653
"1035","2021-10-31",48.7,0.423469387755102
"1036","2021-11-01",41.4,0.494897959183673
"1037","2021-11-02",39.6,0.454081632653061
"1038","2021-11-03",36.9,0.505102040816326
"1039","2021-11-04",37.8,0.301020408163265
"1040","2021-11-05",41.5,0.423469387755102
"1041","2021-11-06",45.9,0.535714285714286
"1042","2021-11-07",52.4,0.38265306122449
"1043","2021-11-08",55.9,0.505102040816326
"1044","2021-11-09",54.7,0.530612244897959
"1045","2021-11-10",47.8,0.612244897959184
"1046","2021-11-11",52.7,0.454081632653061
"1047","2021-11-12",40.6,0.459183673469388
"1048","2021-11-13",37.1,0.489795918367347
"1049","2021-11-14",35.6,0.433673469387755
"1050","2021-11-15",32.9,0.392857142857143
"1051","2021-11-16",37.7,0.561224489795918
"1052","2021-11-17",54.7,0.469387755102041
"1053","2021-11-18",36.9,0.413265306122449
"1054","2021-11-19",32.8,0.510204081632653
"1055","2021-11-20",39.7,0.525510204081633
"1056","2021-11-21",43.5,0.301020408163265
"1057","2021-11-22",31.2,0.377551020408163
"1058","2021-11-23",31.7,0.428571428571429
"1059","2021-11-24",41.9,0.642857142857143
"1060","2021-11-25",44.1,0.107142857142857
"1061","2021-11-26",24.7,0.474489795918367
"1062","2021-11-27",33.7,0.494897959183673
"1063","2021-11-28",34.8,0.285714285714286
"1064","2021-11-29",33.1,0.596938775510204
"1065","2021-11-30",41.5,0.535714285714286
"1066","2021-12-01",41.3,0.556122448979592
"1067","2021-12-02",51.2,0.408163265306122
"1068","2021-12-03",45.7,0.571428571428571
"1069","2021-12-04",37.6,0.459183673469388
"1070","2021-12-05",37.6,0.336734693877551
"1071","2021-12-06",34.6,0.479591836734694
"1072","2021-12-07",18.3,0.418367346938776
"1073","2021-12-08",28.3,0.438775510204082
"1074","2021-12-09",34.3,0.545918367346939
"1075","2021-12-10",42,0.510204081632653
"1076","2021-12-11",45.3,0.387755102040816
"1077","2021-12-12",37.9,0.428571428571429
"1078","2021-12-13",42.5,0.505102040816326
"1079","2021-12-14",40.7,0.540816326530612
"1080","2021-12-15",56.2,0.571428571428571
"1081","2021-12-16",51.5,0.489795918367347
"1082","2021-12-17",32.9,0.591836734693878
"1083","2021-12-18",37.2,0.423469387755102
"1084","2021-12-19",32.4,0.280612244897959
"1085","2021-12-20",34.1,0.474489795918367
"1086","2021-12-21",32.4,0.392857142857143
"1087","2021-12-22",26.4,0.48469387755102
"1088","2021-12-23",34.1,0.469387755102041
"1089","2021-12-24",42.6,0.454081632653061
"1090","2021-12-25",49.1,0.142857142857143
"1091","2021-12-26",34.8,0.25
"1092","2021-12-27",39.9,0.346938775510204
"1093","2021-12-28",33.7,0.341836734693878
"1094","2021-12-29",34.7,0.362244897959184
"1095","2021-12-30",31.5,0.48469387755102
"1096","2021-12-31",36.6,0.260204081632653
