"","Apr","Aug","Dec","Feb","Jan","Jul","Jun","Mar","May","Nov","Oct","Sep","Friday","Monday","Saturday","Sunday","Thursday","Tuesday","Wednesday","year","temp","linearStreet2019_2021.CRIME_NUM"
"1",0,0,0,0,1,0,0,0,0,0,0,0,0,0,0,0,0,1,0,2019,30.7,0.622377622377622
"2",0,0,0,0,1,0,0,0,0,0,0,0,0,0,0,0,0,0,1,2019,27.6,0.513986013986014
"3",0,0,0,0,1,0,0,0,0,0,0,0,0,0,0,0,1,0,0,2019,29.2,0.660839160839161
"4",0,0,0,0,1,0,0,0,0,0,0,0,1,0,0,0,0,0,0,2019,37,0.576923076923077
"5",0,0,0,0,1,0,0,0,0,0,0,0,0,0,1,0,0,0,0,2019,38.9,0.611888111888112
"6",0,0,0,0,1,0,0,0,0,0,0,0,0,0,0,1,0,0,0,2019,37.9,0.479020979020979
"7",0,0,0,0,1,0,0,0,0,0,0,0,0,1,0,0,0,0,0,2019,43.6,0.440559440559441
"8",0,0,0,0,1,0,0,0,0,0,0,0,0,0,0,0,0,1,0,2019,41.4,0.468531468531469
"9",0,0,0,0,1,0,0,0,0,0,0,0,0,0,0,0,0,0,1,2019,23.2,0.437062937062937
"10",0,0,0,0,1,0,0,0,0,0,0,0,0,0,0,0,1,0,0,2019,17.9,0.513986013986014
"11",0,0,0,0,1,0,0,0,0,0,0,0,1,0,0,0,0,0,0,2019,23.4,0.559440559440559
"12",0,0,0,0,1,0,0,0,0,0,0,0,0,0,1,0,0,0,0,2019,30.2,0.496503496503497
"13",0,0,0,0,1,0,0,0,0,0,0,0,0,0,0,1,0,0,0,2019,29.7,0.440559440559441
"14",0,0,0,0,1,0,0,0,0,0,0,0,0,1,0,0,0,0,0,2019,25.4,0.482517482517482
"15",0,0,0,0,1,0,0,0,0,0,0,0,0,0,0,0,0,1,0,2019,25.5,0.513986013986014
"16",0,0,0,0,1,0,0,0,0,0,0,0,0,0,0,0,0,0,1,2019,31.2,0.517482517482518
"17",0,0,0,0,1,0,0,0,0,0,0,0,0,0,0,0,1,0,0,2019,30.3,0.458041958041958
"18",0,0,0,0,1,0,0,0,0,0,0,0,1,0,0,0,0,0,0,2019,29.7,0.475524475524476
"19",0,0,0,0,1,0,0,0,0,0,0,0,0,0,1,0,0,0,0,2019,26.4,0.388111888111888
"20",0,0,0,0,1,0,0,0,0,0,0,0,0,0,0,1,0,0,0,2019,11.9,0.381118881118881
"21",0,0,0,0,1,0,0,0,0,0,0,0,0,1,0,0,0,0,0,2019,9.4,0.405594405594406
"22",0,0,0,0,1,0,0,0,0,0,0,0,0,0,0,0,0,1,0,2019,18.7,0.388111888111888
"23",0,0,0,0,1,0,0,0,0,0,0,0,0,0,0,0,0,0,1,2019,29.5,0.496503496503497
"24",0,0,0,0,1,0,0,0,0,0,0,0,0,0,0,0,1,0,0,2019,16.6,0.398601398601399
"25",0,0,0,0,1,0,0,0,0,0,0,0,1,0,0,0,0,0,0,2019,1.3,0.311188811188811
"26",0,0,0,0,1,0,0,0,0,0,0,0,0,0,1,0,0,0,0,2019,2.1,0.433566433566434
"27",0,0,0,0,1,0,0,0,0,0,0,0,0,0,0,1,0,0,0,2019,3.8,0.363636363636364
"28",0,0,0,0,1,0,0,0,0,0,0,0,0,1,0,0,0,0,0,2019,18.4,0.332167832167832
"29",0,0,0,0,1,0,0,0,0,0,0,0,0,0,0,0,0,1,0,2019,5.8,0.367132867132867
"30",0,0,0,0,1,0,0,0,0,0,0,0,0,0,0,0,0,0,1,2019,-14.6,0.188811188811189
"31",0,0,0,0,1,0,0,0,0,0,0,0,0,0,0,0,1,0,0,2019,-15,0.36013986013986
"32",0,0,0,1,0,0,0,0,0,0,0,0,1,0,0,0,0,0,0,2019,6.9,0.541958041958042
"33",0,0,0,1,0,0,0,0,0,0,0,0,0,0,1,0,0,0,0,2019,25.6,0.597902097902098
"34",0,0,0,1,0,0,0,0,0,0,0,0,0,0,0,1,0,0,0,2019,42.3,0.520979020979021
"35",0,0,0,1,0,0,0,0,0,0,0,0,0,1,0,0,0,0,0,2019,47.3,0.527972027972028
"36",0,0,0,1,0,0,0,0,0,0,0,0,0,0,0,0,0,1,0,2019,29.5,0.398601398601399
"37",0,0,0,1,0,0,0,0,0,0,0,0,0,0,0,0,0,0,1,2019,32.8,0.43006993006993
"38",0,0,0,1,0,0,0,0,0,0,0,0,0,0,0,0,1,0,0,2019,35.6,0.440559440559441
"39",0,0,0,1,0,0,0,0,0,0,0,0,1,0,0,0,0,0,0,2019,11.4,0.482517482517482
"40",0,0,0,1,0,0,0,0,0,0,0,0,0,0,1,0,0,0,0,2019,11.8,0.552447552447552
"41",0,0,0,1,0,0,0,0,0,0,0,0,0,0,0,1,0,0,0,2019,23.4,0.479020979020979
"42",0,0,0,1,0,0,0,0,0,0,0,0,0,1,0,0,0,0,0,2019,28,0.412587412587413
"43",0,0,0,1,0,0,0,0,0,0,0,0,0,0,0,0,0,1,0,2019,32,0.412587412587413
"44",0,0,0,1,0,0,0,0,0,0,0,0,0,0,0,0,0,0,1,2019,18.5,0.409090909090909
"45",0,0,0,1,0,0,0,0,0,0,0,0,0,0,0,0,1,0,0,2019,36.1,0.486013986013986
"46",0,0,0,1,0,0,0,0,0,0,0,0,1,0,0,0,0,0,0,2019,22.8,0.552447552447552
"47",0,0,0,1,0,0,0,0,0,0,0,0,0,0,1,0,0,0,0,2019,18.6,0.5
"48",0,0,0,1,0,0,0,0,0,0,0,0,0,0,0,1,0,0,0,2019,25.3,0.451048951048951
"49",0,0,0,1,0,0,0,0,0,0,0,0,0,1,0,0,0,0,0,2019,25.1,0.454545454545455
"50",0,0,0,1,0,0,0,0,0,0,0,0,0,0,0,0,0,1,0,2019,21.8,0.405594405594406
"51",0,0,0,1,0,0,0,0,0,0,0,0,0,0,0,0,0,0,1,2019,31.1,0.486013986013986
"52",0,0,0,1,0,0,0,0,0,0,0,0,0,0,0,0,1,0,0,2019,30.9,0.503496503496504
"53",0,0,0,1,0,0,0,0,0,0,0,0,1,0,0,0,0,0,0,2019,28.6,0.465034965034965
"54",0,0,0,1,0,0,0,0,0,0,0,0,0,0,1,0,0,0,0,2019,35.6,0.531468531468531
"55",0,0,0,1,0,0,0,0,0,0,0,0,0,0,0,1,0,0,0,2019,37.4,0.43006993006993
"56",0,0,0,1,0,0,0,0,0,0,0,0,0,1,0,0,0,0,0,2019,12.3,0.472027972027972
"57",0,0,0,1,0,0,0,0,0,0,0,0,0,0,0,0,0,1,0,2019,16.9,0.461538461538462
"58",0,0,0,1,0,0,0,0,0,0,0,0,0,0,0,0,0,0,1,2019,24.6,0.451048951048951
"59",0,0,0,1,0,0,0,0,0,0,0,0,0,0,0,0,1,0,0,2019,18,0.363636363636364
"60",0,0,0,0,0,0,0,1,0,0,0,0,1,0,0,0,0,0,0,2019,26.7,0.503496503496504
"61",0,0,0,0,0,0,0,1,0,0,0,0,0,0,1,0,0,0,0,2019,29.1,0.545454545454545
"62",0,0,0,0,0,0,0,1,0,0,0,0,0,0,0,1,0,0,0,2019,22.2,0.458041958041958
"63",0,0,0,0,0,0,0,1,0,0,0,0,0,1,0,0,0,0,0,2019,5.2,0.370629370629371
"64",0,0,0,0,0,0,0,1,0,0,0,0,0,0,0,0,0,1,0,2019,11.9,0.381118881118881
"65",0,0,0,0,0,0,0,1,0,0,0,0,0,0,0,0,0,0,1,2019,16.3,0.405594405594406
"66",0,0,0,0,0,0,0,1,0,0,0,0,0,0,0,0,1,0,0,2019,22.7,0.447552447552448
"67",0,0,0,0,0,0,0,1,0,0,0,0,1,0,0,0,0,0,0,2019,28,0.503496503496504
"68",0,0,0,0,0,0,0,1,0,0,0,0,0,0,1,0,0,0,0,2019,33.5,0.486013986013986
"69",0,0,0,0,0,0,0,1,0,0,0,0,0,0,0,1,0,0,0,2019,36.6,0.559440559440559
"70",0,0,0,0,0,0,0,1,0,0,0,0,0,1,0,0,0,0,0,2019,32,0.56993006993007
"71",0,0,0,0,0,0,0,1,0,0,0,0,0,0,0,0,0,1,0,2019,35.2,0.486013986013986
"72",0,0,0,0,0,0,0,1,0,0,0,0,0,0,0,0,0,0,1,2019,44.9,0.482517482517482
"73",0,0,0,0,0,0,0,1,0,0,0,0,0,0,0,0,1,0,0,2019,55.3,0.465034965034965
"74",0,0,0,0,0,0,0,1,0,0,0,0,1,0,0,0,0,0,0,2019,38,0.566433566433566
"75",0,0,0,0,0,0,0,1,0,0,0,0,0,0,1,0,0,0,0,2019,34.4,0.510489510489511
"76",0,0,0,0,0,0,0,1,0,0,0,0,0,0,0,1,0,0,0,2019,34.8,0.479020979020979
"77",0,0,0,0,0,0,0,1,0,0,0,0,0,1,0,0,0,0,0,2019,35.4,0.451048951048951
"78",0,0,0,0,0,0,0,1,0,0,0,0,0,0,0,0,0,1,0,2019,38.7,0.426573426573427
"79",0,0,0,0,0,0,0,1,0,0,0,0,0,0,0,0,0,0,1,2019,41.7,0.520979020979021
"80",0,0,0,0,0,0,0,1,0,0,0,0,0,0,0,0,1,0,0,2019,39.8,0.506993006993007
"81",0,0,0,0,0,0,0,1,0,0,0,0,1,0,0,0,0,0,0,2019,40.2,0.48951048951049
"82",0,0,0,0,0,0,0,1,0,0,0,0,0,0,1,0,0,0,0,2019,36.5,0.573426573426573
"83",0,0,0,0,0,0,0,1,0,0,0,0,0,0,0,1,0,0,0,2019,45.5,0.534965034965035
"84",0,0,0,0,0,0,0,1,0,0,0,0,0,1,0,0,0,0,0,2019,36,0.465034965034965
"85",0,0,0,0,0,0,0,1,0,0,0,0,0,0,0,0,0,1,0,2019,34.9,0.444055944055944
"86",0,0,0,0,0,0,0,1,0,0,0,0,0,0,0,0,0,0,1,2019,41.8,0.472027972027972
"87",0,0,0,0,0,0,0,1,0,0,0,0,0,0,0,0,1,0,0,2019,53.2,0.506993006993007
"88",0,0,0,0,0,0,0,1,0,0,0,0,1,0,0,0,0,0,0,2019,46.7,0.496503496503497
"89",0,0,0,0,0,0,0,1,0,0,0,0,0,0,1,0,0,0,0,2019,39.7,0.482517482517482
"90",0,0,0,0,0,0,0,1,0,0,0,0,0,0,0,1,0,0,0,2019,30.7,0.496503496503497
"91",1,0,0,0,0,0,0,0,0,0,0,0,0,1,0,0,0,0,0,2019,35,0.496503496503497
"92",1,0,0,0,0,0,0,0,0,0,0,0,0,0,0,0,0,1,0,2019,44.7,0.479020979020979
"93",1,0,0,0,0,0,0,0,0,0,0,0,0,0,0,0,0,0,1,2019,45.5,0.41958041958042
"94",1,0,0,0,0,0,0,0,0,0,0,0,0,0,0,0,1,0,0,2019,46,0.486013986013986
"95",1,0,0,0,0,0,0,0,0,0,0,0,1,0,0,0,0,0,0,2019,43.5,0.618881118881119
"96",1,0,0,0,0,0,0,0,0,0,0,0,0,0,1,0,0,0,0,2019,51.7,0.625874125874126
"97",1,0,0,0,0,0,0,0,0,0,0,0,0,0,0,1,0,0,0,2019,56.3,0.678321678321678
"98",1,0,0,0,0,0,0,0,0,0,0,0,0,1,0,0,0,0,0,2019,61.2,0.618881118881119
"99",1,0,0,0,0,0,0,0,0,0,0,0,0,0,0,0,0,1,0,2019,59.8,0.510489510489511
"100",1,0,0,0,0,0,0,0,0,0,0,0,0,0,0,0,0,0,1,2019,40.5,0.534965034965035
"101",1,0,0,0,0,0,0,0,0,0,0,0,0,0,0,0,1,0,0,2019,42.2,0.552447552447552
"102",1,0,0,0,0,0,0,0,0,0,0,0,1,0,0,0,0,0,0,2019,47.9,0.534965034965035
"103",1,0,0,0,0,0,0,0,0,0,0,0,0,0,1,0,0,0,0,2019,42.4,0.531468531468531
"104",1,0,0,0,0,0,0,0,0,0,0,0,0,0,0,1,0,0,0,2019,36.8,0.454545454545455
"105",1,0,0,0,0,0,0,0,0,0,0,0,0,1,0,0,0,0,0,2019,37.8,0.573426573426573
"106",1,0,0,0,0,0,0,0,0,0,0,0,0,0,0,0,0,1,0,2019,56,0.472027972027972
"107",1,0,0,0,0,0,0,0,0,0,0,0,0,0,0,0,0,0,1,2019,55,0.527972027972028
"108",1,0,0,0,0,0,0,0,0,0,0,0,0,0,0,0,1,0,0,2019,58.5,0.468531468531469
"109",1,0,0,0,0,0,0,0,0,0,0,0,1,0,0,0,0,0,0,2019,44.9,0.496503496503497
"110",1,0,0,0,0,0,0,0,0,0,0,0,0,0,1,0,0,0,0,2019,49.5,0.587412587412587
"111",1,0,0,0,0,0,0,0,0,0,0,0,0,0,0,1,0,0,0,2019,58.3,0.510489510489511
"112",1,0,0,0,0,0,0,0,0,0,0,0,0,1,0,0,0,0,0,2019,68.1,0.583916083916084
"113",1,0,0,0,0,0,0,0,0,0,0,0,0,0,0,0,0,1,0,2019,59.1,0.573426573426573
"114",1,0,0,0,0,0,0,0,0,0,0,0,0,0,0,0,0,0,1,2019,52.7,0.601398601398601
"115",1,0,0,0,0,0,0,0,0,0,0,0,0,0,0,0,1,0,0,2019,56.7,0.608391608391608
"116",1,0,0,0,0,0,0,0,0,0,0,0,1,0,0,0,0,0,0,2019,55.6,0.590909090909091
"117",1,0,0,0,0,0,0,0,0,0,0,0,0,0,1,0,0,0,0,2019,42.4,0.48951048951049
"118",1,0,0,0,0,0,0,0,0,0,0,0,0,0,0,1,0,0,0,2019,39.1,0.510489510489511
"119",1,0,0,0,0,0,0,0,0,0,0,0,0,1,0,0,0,0,0,2019,45.1,0.506993006993007
"120",1,0,0,0,0,0,0,0,0,0,0,0,0,0,0,0,0,1,0,2019,44.4,0.482517482517482
"121",0,0,0,0,0,0,0,0,1,0,0,0,0,0,0,0,0,0,1,2019,50,0.493006993006993
"122",0,0,0,0,0,0,0,0,1,0,0,0,0,0,0,0,1,0,0,2019,44.3,0.461538461538462
"123",0,0,0,0,0,0,0,0,1,0,0,0,1,0,0,0,0,0,0,2019,47.5,0.597902097902098
"124",0,0,0,0,0,0,0,0,1,0,0,0,0,0,1,0,0,0,0,2019,49.5,0.503496503496504
"125",0,0,0,0,0,0,0,0,1,0,0,0,0,0,0,1,0,0,0,2019,58.3,0.664335664335664
"126",0,0,0,0,0,0,0,0,1,0,0,0,0,1,0,0,0,0,0,2019,59.3,0.541958041958042
"127",0,0,0,0,0,0,0,0,1,0,0,0,0,0,0,0,0,1,0,2019,46.4,0.426573426573427
"128",0,0,0,0,0,0,0,0,1,0,0,0,0,0,0,0,0,0,1,2019,50.1,0.562937062937063
"129",0,0,0,0,0,0,0,0,1,0,0,0,0,0,0,0,1,0,0,2019,61.3,0.510489510489511
"130",0,0,0,0,0,0,0,0,1,0,0,0,1,0,0,0,0,0,0,2019,49.6,0.486013986013986
"131",0,0,0,0,0,0,0,0,1,0,0,0,0,0,1,0,0,0,0,2019,47.6,0.541958041958042
"132",0,0,0,0,0,0,0,0,1,0,0,0,0,0,0,1,0,0,0,2019,46.2,0.538461538461538
"133",0,0,0,0,0,0,0,0,1,0,0,0,0,1,0,0,0,0,0,2019,49.7,0.629370629370629
"134",0,0,0,0,0,0,0,0,1,0,0,0,0,0,0,0,0,1,0,2019,54.3,0.517482517482518
"135",0,0,0,0,0,0,0,0,1,0,0,0,0,0,0,0,0,0,1,2019,62.3,0.56993006993007
"136",0,0,0,0,0,0,0,0,1,0,0,0,0,0,0,0,1,0,0,2019,66.3,0.56993006993007
"137",0,0,0,0,0,0,0,0,1,0,0,0,1,0,0,0,0,0,0,2019,57.9,0.566433566433566
"138",0,0,0,0,0,0,0,0,1,0,0,0,0,0,1,0,0,0,0,2019,55.7,0.604895104895105
"139",0,0,0,0,0,0,0,0,1,0,0,0,0,0,0,1,0,0,0,2019,62.7,0.63986013986014
"140",0,0,0,0,0,0,0,0,1,0,0,0,0,1,0,0,0,0,0,2019,53.3,0.611888111888112
"141",0,0,0,0,0,0,0,0,1,0,0,0,0,0,0,0,0,1,0,2019,48.5,0.409090909090909
"142",0,0,0,0,0,0,0,0,1,0,0,0,0,0,0,0,0,0,1,2019,61.4,0.548951048951049
"143",0,0,0,0,0,0,0,0,1,0,0,0,0,0,0,0,1,0,0,2019,70.1,0.611888111888112
"144",0,0,0,0,0,0,0,0,1,0,0,0,1,0,0,0,0,0,0,2019,62.3,0.681818181818182
"145",0,0,0,0,0,0,0,0,1,0,0,0,0,0,1,0,0,0,0,2019,73.6,0.741258741258741
"146",0,0,0,0,0,0,0,0,1,0,0,0,0,0,0,1,0,0,0,2019,70,0.727272727272727
"147",0,0,0,0,0,0,0,0,1,0,0,0,0,1,0,0,0,0,0,2019,61.2,0.594405594405594
"148",0,0,0,0,0,0,0,0,1,0,0,0,0,0,0,0,0,1,0,2019,64.5,0.520979020979021
"149",0,0,0,0,0,0,0,0,1,0,0,0,0,0,0,0,0,0,1,2019,59.5,0.5
"150",0,0,0,0,0,0,0,0,1,0,0,0,0,0,0,0,1,0,0,2019,66,0.559440559440559
"151",0,0,0,0,0,0,0,0,1,0,0,0,1,0,0,0,0,0,0,2019,70.5,0.622377622377622
"152",0,0,0,0,0,0,1,0,0,0,0,0,0,0,1,0,0,0,0,2019,71,0.65034965034965
"153",0,0,0,0,0,0,1,0,0,0,0,0,0,0,0,1,0,0,0,2019,60.1,0.594405594405594
"154",0,0,0,0,0,0,1,0,0,0,0,0,0,1,0,0,0,0,0,2019,57.8,0.527972027972028
"155",0,0,0,0,0,0,1,0,0,0,0,0,0,0,0,0,0,1,0,2019,64.2,0.562937062937063
"156",0,0,0,0,0,0,1,0,0,0,0,0,0,0,0,0,0,0,1,2019,74.4,0.608391608391608
"157",0,0,0,0,0,0,1,0,0,0,0,0,0,0,0,0,1,0,0,2019,65.5,0.496503496503497
"158",0,0,0,0,0,0,1,0,0,0,0,0,1,0,0,0,0,0,0,2019,66.2,0.615384615384615
"159",0,0,0,0,0,0,1,0,0,0,0,0,0,0,1,0,0,0,0,2019,67,0.741258741258741
"160",0,0,0,0,0,0,1,0,0,0,0,0,0,0,0,1,0,0,0,2019,68.8,0.716783216783217
"161",0,0,0,0,0,0,1,0,0,0,0,0,0,1,0,0,0,0,0,2019,66.7,0.58041958041958
"162",0,0,0,0,0,0,1,0,0,0,0,0,0,0,0,0,0,1,0,2019,68.8,0.618881118881119
"163",0,0,0,0,0,0,1,0,0,0,0,0,0,0,0,0,0,0,1,2019,67.4,0.503496503496504
"164",0,0,0,0,0,0,1,0,0,0,0,0,0,0,0,0,1,0,0,2019,57.9,0.562937062937063
"165",0,0,0,0,0,0,1,0,0,0,0,0,1,0,0,0,0,0,0,2019,64.8,0.594405594405594
"166",0,0,0,0,0,0,1,0,0,0,0,0,0,0,1,0,0,0,0,2019,66.5,0.674825174825175
"167",0,0,0,0,0,0,1,0,0,0,0,0,0,0,0,1,0,0,0,2019,57,0.611888111888112
"168",0,0,0,0,0,0,1,0,0,0,0,0,0,1,0,0,0,0,0,2019,59,0.555944055944056
"169",0,0,0,0,0,0,1,0,0,0,0,0,0,0,0,0,0,1,0,2019,63.9,0.534965034965035
"170",0,0,0,0,0,0,1,0,0,0,0,0,0,0,0,0,0,0,1,2019,66.6,0.636363636363636
"171",0,0,0,0,0,0,1,0,0,0,0,0,0,0,0,0,1,0,0,2019,60,0.479020979020979
"172",0,0,0,0,0,0,1,0,0,0,0,0,1,0,0,0,0,0,0,2019,62.8,0.615384615384615
"173",0,0,0,0,0,0,1,0,0,0,0,0,0,0,1,0,0,0,0,2019,66.5,0.748251748251748
"174",0,0,0,0,0,0,1,0,0,0,0,0,0,0,0,1,0,0,0,2019,73.1,0.737762237762238
"175",0,0,0,0,0,0,1,0,0,0,0,0,0,1,0,0,0,0,0,2019,71.3,0.611888111888112
"176",0,0,0,0,0,0,1,0,0,0,0,0,0,0,0,0,0,1,0,2019,72,0.56993006993007
"177",0,0,0,0,0,0,1,0,0,0,0,0,0,0,0,0,0,0,1,2019,78.2,0.587412587412587
"178",0,0,0,0,0,0,1,0,0,0,0,0,0,0,0,0,1,0,0,2019,77.2,0.573426573426573
"179",0,0,0,0,0,0,1,0,0,0,0,0,1,0,0,0,0,0,0,2019,75.7,0.751748251748252
"180",0,0,0,0,0,0,1,0,0,0,0,0,0,0,1,0,0,0,0,2019,78.4,0.667832167832168
"181",0,0,0,0,0,0,1,0,0,0,0,0,0,0,0,1,0,0,0,2019,77.7,0.685314685314685
"182",0,0,0,0,0,1,0,0,0,0,0,0,0,1,0,0,0,0,0,2019,77.1,0.678321678321678
"183",0,0,0,0,0,1,0,0,0,0,0,0,0,0,0,0,0,1,0,2019,83.9,0.566433566433566
"184",0,0,0,0,0,1,0,0,0,0,0,0,0,0,0,0,0,0,1,2019,77.6,0.587412587412587
"185",0,0,0,0,0,1,0,0,0,0,0,0,0,0,0,0,1,0,0,2019,78.1,0.713286713286713
"186",0,0,0,0,0,1,0,0,0,0,0,0,1,0,0,0,0,0,0,2019,81.4,0.70979020979021
"187",0,0,0,0,0,1,0,0,0,0,0,0,0,0,1,0,0,0,0,2019,77.7,0.657342657342657
"188",0,0,0,0,0,1,0,0,0,0,0,0,0,0,0,1,0,0,0,2019,70.2,0.604895104895105
"189",0,0,0,0,0,1,0,0,0,0,0,0,0,1,0,0,0,0,0,2019,70.8,0.671328671328671
"190",0,0,0,0,0,1,0,0,0,0,0,0,0,0,0,0,0,1,0,2019,74.2,0.573426573426573
"191",0,0,0,0,0,1,0,0,0,0,0,0,0,0,0,0,0,0,1,2019,83.4,0.653846153846154
"192",0,0,0,0,0,1,0,0,0,0,0,0,0,0,0,0,1,0,0,2019,77.5,0.541958041958042
"193",0,0,0,0,0,1,0,0,0,0,0,0,1,0,0,0,0,0,0,2019,71.8,0.576923076923077
"194",0,0,0,0,0,1,0,0,0,0,0,0,0,0,1,0,0,0,0,2019,81.9,0.755244755244755
"195",0,0,0,0,0,1,0,0,0,0,0,0,0,0,0,1,0,0,0,2019,79.4,0.702797202797203
"196",0,0,0,0,0,1,0,0,0,0,0,0,0,1,0,0,0,0,0,2019,81,0.597902097902098
"197",0,0,0,0,0,1,0,0,0,0,0,0,0,0,0,0,0,1,0,2019,77.2,0.608391608391608
"198",0,0,0,0,0,1,0,0,0,0,0,0,0,0,0,0,0,0,1,2019,80.5,0.559440559440559
"199",0,0,0,0,0,1,0,0,0,0,0,0,0,0,0,0,1,0,0,2019,77.4,0.601398601398601
"200",0,0,0,0,0,1,0,0,0,0,0,0,1,0,0,0,0,0,0,2019,85.5,0.63986013986014
"201",0,0,0,0,0,1,0,0,0,0,0,0,0,0,1,0,0,0,0,2019,85,0.72027972027972
"202",0,0,0,0,0,1,0,0,0,0,0,0,0,0,0,1,0,0,0,2019,73.6,0.608391608391608
"203",0,0,0,0,0,1,0,0,0,0,0,0,0,1,0,0,0,0,0,2019,70.3,0.58041958041958
"204",0,0,0,0,0,1,0,0,0,0,0,0,0,0,0,0,0,1,0,2019,69.9,0.615384615384615
"205",0,0,0,0,0,1,0,0,0,0,0,0,0,0,0,0,0,0,1,2019,71.2,0.594405594405594
"206",0,0,0,0,0,1,0,0,0,0,0,0,0,0,0,0,1,0,0,2019,73.3,0.58041958041958
"207",0,0,0,0,0,1,0,0,0,0,0,0,1,0,0,0,0,0,0,2019,75.6,0.695804195804196
"208",0,0,0,0,0,1,0,0,0,0,0,0,0,0,1,0,0,0,0,2019,79.7,0.629370629370629
"209",0,0,0,0,0,1,0,0,0,0,0,0,0,0,0,1,0,0,0,2019,81.1,0.762237762237762
"210",0,0,0,0,0,1,0,0,0,0,0,0,0,1,0,0,0,0,0,2019,77.3,0.618881118881119
"211",0,0,0,0,0,1,0,0,0,0,0,0,0,0,0,0,0,1,0,2019,73.2,0.604895104895105
"212",0,0,0,0,0,1,0,0,0,0,0,0,0,0,0,0,0,0,1,2019,68.6,0.618881118881119
"213",0,1,0,0,0,0,0,0,0,0,0,0,0,0,0,0,1,0,0,2019,68.5,0.63986013986014
"214",0,1,0,0,0,0,0,0,0,0,0,0,1,0,0,0,0,0,0,2019,72,0.622377622377622
"215",0,1,0,0,0,0,0,0,0,0,0,0,0,0,1,0,0,0,0,2019,75.4,0.653846153846154
"216",0,1,0,0,0,0,0,0,0,0,0,0,0,0,0,1,0,0,0,2019,78.7,0.737762237762238
"217",0,1,0,0,0,0,0,0,0,0,0,0,0,1,0,0,0,0,0,2019,78.8,0.618881118881119
"218",0,1,0,0,0,0,0,0,0,0,0,0,0,0,0,0,0,1,0,2019,76.1,0.625874125874126
"219",0,1,0,0,0,0,0,0,0,0,0,0,0,0,0,0,0,0,1,2019,76.7,0.629370629370629
"220",0,1,0,0,0,0,0,0,0,0,0,0,0,0,0,0,1,0,0,2019,79.1,0.629370629370629
"221",0,1,0,0,0,0,0,0,0,0,0,0,1,0,0,0,0,0,0,2019,72.7,0.615384615384615
"222",0,1,0,0,0,0,0,0,0,0,0,0,0,0,1,0,0,0,0,2019,74.2,0.706293706293706
"223",0,1,0,0,0,0,0,0,0,0,0,0,0,0,0,1,0,0,0,2019,74.4,0.751748251748252
"224",0,1,0,0,0,0,0,0,0,0,0,0,0,1,0,0,0,0,0,2019,76,0.538461538461538
"225",0,1,0,0,0,0,0,0,0,0,0,0,0,0,0,0,0,1,0,2019,75.2,0.597902097902098
"226",0,1,0,0,0,0,0,0,0,0,0,0,0,0,0,0,0,0,1,2019,71.9,0.597902097902098
"227",0,1,0,0,0,0,0,0,0,0,0,0,0,0,0,0,1,0,0,2019,70.1,0.629370629370629
"228",0,1,0,0,0,0,0,0,0,0,0,0,1,0,0,0,0,0,0,2019,71.8,0.625874125874126
"229",0,1,0,0,0,0,0,0,0,0,0,0,0,0,1,0,0,0,0,2019,73.3,0.671328671328671
"230",0,1,0,0,0,0,0,0,0,0,0,0,0,0,0,1,0,0,0,2019,73.5,0.587412587412587
"231",0,1,0,0,0,0,0,0,0,0,0,0,0,1,0,0,0,0,0,2019,75.6,0.625874125874126
"232",0,1,0,0,0,0,0,0,0,0,0,0,0,0,0,0,0,1,0,2019,74.3,0.576923076923077
"233",0,1,0,0,0,0,0,0,0,0,0,0,0,0,0,0,0,0,1,2019,73.1,0.531468531468531
"234",0,1,0,0,0,0,0,0,0,0,0,0,0,0,0,0,1,0,0,2019,71.4,0.576923076923077
"235",0,1,0,0,0,0,0,0,0,0,0,0,1,0,0,0,0,0,0,2019,67.6,0.629370629370629
"236",0,1,0,0,0,0,0,0,0,0,0,0,0,0,1,0,0,0,0,2019,66.8,0.674825174825175
"237",0,1,0,0,0,0,0,0,0,0,0,0,0,0,0,1,0,0,0,2019,68.6,0.622377622377622
"238",0,1,0,0,0,0,0,0,0,0,0,0,0,1,0,0,0,0,0,2019,70.2,0.594405594405594
"239",0,1,0,0,0,0,0,0,0,0,0,0,0,0,0,0,0,1,0,2019,71.6,0.622377622377622
"240",0,1,0,0,0,0,0,0,0,0,0,0,0,0,0,0,0,0,1,2019,68.2,0.58041958041958
"241",0,1,0,0,0,0,0,0,0,0,0,0,0,0,0,0,1,0,0,2019,69.8,0.653846153846154
"242",0,1,0,0,0,0,0,0,0,0,0,0,1,0,0,0,0,0,0,2019,69.6,0.615384615384615
"243",0,1,0,0,0,0,0,0,0,0,0,0,0,0,1,0,0,0,0,2019,66.9,0.681818181818182
"244",0,0,0,0,0,0,0,0,0,0,0,1,0,0,0,1,0,0,0,2019,66.9,0.744755244755245
"245",0,0,0,0,0,0,0,0,0,0,0,1,0,1,0,0,0,0,0,2019,70,0.604895104895105
"246",0,0,0,0,0,0,0,0,0,0,0,1,0,0,0,0,0,1,0,2019,72.3,0.5
"247",0,0,0,0,0,0,0,0,0,0,0,1,0,0,0,0,0,0,1,2019,67.6,0.447552447552448
"248",0,0,0,0,0,0,0,0,0,0,0,1,0,0,0,0,1,0,0,2019,63.9,0.356643356643357
"249",0,0,0,0,0,0,0,0,0,0,0,1,1,0,0,0,0,0,0,2019,67.3,0.601398601398601
"250",0,0,0,0,0,0,0,0,0,0,0,1,0,0,1,0,0,0,0,2019,66.3,0.608391608391608
"251",0,0,0,0,0,0,0,0,0,0,0,1,0,0,0,1,0,0,0,2019,65.1,0.555944055944056
"252",0,0,0,0,0,0,0,0,0,0,0,1,0,1,0,0,0,0,0,2019,66.5,0.559440559440559
"253",0,0,0,0,0,0,0,0,0,0,0,1,0,0,0,0,0,1,0,2019,78,0.479020979020979
"254",0,0,0,0,0,0,0,0,0,0,0,1,0,0,0,0,0,0,1,2019,80.5,0.524475524475524
"255",0,0,0,0,0,0,0,0,0,0,0,1,0,0,0,0,1,0,0,2019,71.9,0.590909090909091
"256",0,0,0,0,0,0,0,0,0,0,0,1,1,0,0,0,0,0,0,2019,72.7,0.643356643356643
"257",0,0,0,0,0,0,0,0,0,0,0,1,0,0,1,0,0,0,0,2019,66.7,0.667832167832168
"258",0,0,0,0,0,0,0,0,0,0,0,1,0,0,0,1,0,0,0,2019,70.6,0.618881118881119
"259",0,0,0,0,0,0,0,0,0,0,0,1,0,1,0,0,0,0,0,2019,71.2,0.587412587412587
"260",0,0,0,0,0,0,0,0,0,0,0,1,0,0,0,0,0,1,0,2019,69.3,0.58041958041958
"261",0,0,0,0,0,0,0,0,0,0,0,1,0,0,0,0,0,0,1,2019,70.9,0.48951048951049
"262",0,0,0,0,0,0,0,0,0,0,0,1,0,0,0,0,1,0,0,2019,72.2,0.608391608391608
"263",0,0,0,0,0,0,0,0,0,0,0,1,1,0,0,0,0,0,0,2019,74.1,0.548951048951049
"264",0,0,0,0,0,0,0,0,0,0,0,1,0,0,1,0,0,0,0,2019,75.1,0.632867132867133
"265",0,0,0,0,0,0,0,0,0,0,0,1,0,0,0,1,0,0,0,2019,72.2,0.465034965034965
"266",0,0,0,0,0,0,0,0,0,0,0,1,0,1,0,0,0,0,0,2019,66.7,0.552447552447552
"267",0,0,0,0,0,0,0,0,0,0,0,1,0,0,0,0,0,1,0,2019,66.9,0.524475524475524
"268",0,0,0,0,0,0,0,0,0,0,0,1,0,0,0,0,0,0,1,2019,70.3,0.517482517482518
"269",0,0,0,0,0,0,0,0,0,0,0,1,0,0,0,0,1,0,0,2019,65.5,0.5
"270",0,0,0,0,0,0,0,0,0,0,0,1,1,0,0,0,0,0,0,2019,63.3,0.506993006993007
"271",0,0,0,0,0,0,0,0,0,0,0,1,0,0,1,0,0,0,0,2019,61.3,0.573426573426573
"272",0,0,0,0,0,0,0,0,0,0,0,1,0,0,0,1,0,0,0,2019,60.9,0.597902097902098
"273",0,0,0,0,0,0,0,0,0,0,0,1,0,1,0,0,0,0,0,2019,71.2,0.520979020979021
"274",0,0,0,0,0,0,0,0,0,0,1,0,0,0,0,0,0,1,0,2019,78.6,0.587412587412587
"275",0,0,0,0,0,0,0,0,0,0,1,0,0,0,0,0,0,0,1,2019,65.9,0.486013986013986
"276",0,0,0,0,0,0,0,0,0,0,1,0,0,0,0,0,1,0,0,2019,60.7,0.468531468531469
"277",0,0,0,0,0,0,0,0,0,0,1,0,1,0,0,0,0,0,0,2019,51.8,0.56993006993007
"278",0,0,0,0,0,0,0,0,0,0,1,0,0,0,1,0,0,0,0,2019,54.6,0.734265734265734
"279",0,0,0,0,0,0,0,0,0,0,1,0,0,0,0,1,0,0,0,2019,58.6,0.559440559440559
"280",0,0,0,0,0,0,0,0,0,0,1,0,0,1,0,0,0,0,0,2019,58.6,0.48951048951049
"281",0,0,0,0,0,0,0,0,0,0,1,0,0,0,0,0,0,1,0,2019,57.1,0.510489510489511
"282",0,0,0,0,0,0,0,0,0,0,1,0,0,0,0,0,0,0,1,2019,59.8,0.482517482517482
"283",0,0,0,0,0,0,0,0,0,0,1,0,0,0,0,0,1,0,0,2019,61.6,0.41958041958042
"284",0,0,0,0,0,0,0,0,0,0,1,0,1,0,0,0,0,0,0,2019,59.7,0.594405594405594
"285",0,0,0,0,0,0,0,0,0,0,1,0,0,0,1,0,0,0,0,2019,42.7,0.657342657342657
"286",0,0,0,0,0,0,0,0,0,0,1,0,0,0,0,1,0,0,0,2019,45.4,0.678321678321678
"287",0,0,0,0,0,0,0,0,0,0,1,0,0,1,0,0,0,0,0,2019,44.7,0.517482517482518
"288",0,0,0,0,0,0,0,0,0,0,1,0,0,0,0,0,0,1,0,2019,50,0.548951048951049
"289",0,0,0,0,0,0,0,0,0,0,1,0,0,0,0,0,0,0,1,2019,48.8,0.632867132867133
"290",0,0,0,0,0,0,0,0,0,0,1,0,0,0,0,0,1,0,0,2019,46,0.520979020979021
"291",0,0,0,0,0,0,0,0,0,0,1,0,1,0,0,0,0,0,0,2019,46.8,0.559440559440559
"292",0,0,0,0,0,0,0,0,0,0,1,0,0,0,1,0,0,0,0,2019,53.4,0.503496503496504
"293",0,0,0,0,0,0,0,0,0,0,1,0,0,0,0,1,0,0,0,2019,56.3,0.65034965034965
"294",0,0,0,0,0,0,0,0,0,0,1,0,0,1,0,0,0,0,0,2019,56.2,0.510489510489511
"295",0,0,0,0,0,0,0,0,0,0,1,0,0,0,0,0,0,1,0,2019,50,0.562937062937063
"296",0,0,0,0,0,0,0,0,0,0,1,0,0,0,0,0,0,0,1,2019,47.5,0.56993006993007
"297",0,0,0,0,0,0,0,0,0,0,1,0,0,0,0,0,1,0,0,2019,47.1,0.524475524475524
"298",0,0,0,0,0,0,0,0,0,0,1,0,1,0,0,0,0,0,0,2019,44.5,0.594405594405594
"299",0,0,0,0,0,0,0,0,0,0,1,0,0,0,1,0,0,0,0,2019,42.1,0.395104895104895
"300",0,0,0,0,0,0,0,0,0,0,1,0,0,0,0,1,0,0,0,2019,48.6,0.56993006993007
"301",0,0,0,0,0,0,0,0,0,0,1,0,0,1,0,0,0,0,0,2019,47.1,0.496503496503497
"302",0,0,0,0,0,0,0,0,0,0,1,0,0,0,0,0,0,1,0,2019,40.3,0.437062937062937
"303",0,0,0,0,0,0,0,0,0,0,1,0,0,0,0,0,0,0,1,2019,36.5,0.461538461538462
"304",0,0,0,0,0,0,0,0,0,0,1,0,0,0,0,0,1,0,0,2019,33.4,0.377622377622378
"305",0,0,0,0,0,0,0,0,0,1,0,0,1,0,0,0,0,0,0,2019,30.9,0.465034965034965
"306",0,0,0,0,0,0,0,0,0,1,0,0,0,0,1,0,0,0,0,2019,38,0.468531468531469
"307",0,0,0,0,0,0,0,0,0,1,0,0,0,0,0,1,0,0,0,2019,38.8,0.65034965034965
"308",0,0,0,0,0,0,0,0,0,1,0,0,0,1,0,0,0,0,0,2019,47.6,0.409090909090909
"309",0,0,0,0,0,0,0,0,0,1,0,0,0,0,0,0,0,1,0,2019,37.7,0.423076923076923
"310",0,0,0,0,0,0,0,0,0,1,0,0,0,0,0,0,0,0,1,2019,38.6,0.409090909090909
"311",0,0,0,0,0,0,0,0,0,1,0,0,0,0,0,0,1,0,0,2019,28.3,0.486013986013986
"312",0,0,0,0,0,0,0,0,0,1,0,0,1,0,0,0,0,0,0,2019,23,0.527972027972028
"313",0,0,0,0,0,0,0,0,0,1,0,0,0,0,1,0,0,0,0,2019,33.6,0.468531468531469
"314",0,0,0,0,0,0,0,0,0,1,0,0,0,0,0,1,0,0,0,2019,40.6,0.527972027972028
"315",0,0,0,0,0,0,0,0,0,1,0,0,0,1,0,0,0,0,0,2019,28.1,0.335664335664336
"316",0,0,0,0,0,0,0,0,0,1,0,0,0,0,0,0,0,1,0,2019,13.4,0.311188811188811
"317",0,0,0,0,0,0,0,0,0,1,0,0,0,0,0,0,0,0,1,2019,15.7,0.402097902097902
"318",0,0,0,0,0,0,0,0,0,1,0,0,0,0,0,0,1,0,0,2019,27.1,0.402097902097902
"319",0,0,0,0,0,0,0,0,0,1,0,0,1,0,0,0,0,0,0,2019,27.1,0.622377622377622
"320",0,0,0,0,0,0,0,0,0,1,0,0,0,0,1,0,0,0,0,2019,32.8,0.531468531468531
"321",0,0,0,0,0,0,0,0,0,1,0,0,0,0,0,1,0,0,0,2019,32.9,0.562937062937063
"322",0,0,0,0,0,0,0,0,0,1,0,0,0,1,0,0,0,0,0,2019,36.7,0.444055944055944
"323",0,0,0,0,0,0,0,0,0,1,0,0,0,0,0,0,0,1,0,2019,37.2,0.510489510489511
"324",0,0,0,0,0,0,0,0,0,1,0,0,0,0,0,0,0,0,1,2019,40.8,0.493006993006993
"325",0,0,0,0,0,0,0,0,0,1,0,0,0,0,0,0,1,0,0,2019,46.5,0.461538461538462
"326",0,0,0,0,0,0,0,0,0,1,0,0,1,0,0,0,0,0,0,2019,36,0.555944055944056
"327",0,0,0,0,0,0,0,0,0,1,0,0,0,0,1,0,0,0,0,2019,31,0.573426573426573
"328",0,0,0,0,0,0,0,0,0,1,0,0,0,0,0,1,0,0,0,2019,38,0.541958041958042
"329",0,0,0,0,0,0,0,0,0,1,0,0,0,1,0,0,0,0,0,2019,44.5,0.513986013986014
"330",0,0,0,0,0,0,0,0,0,1,0,0,0,0,0,0,0,1,0,2019,41.2,0.510489510489511
"331",0,0,0,0,0,0,0,0,0,1,0,0,0,0,0,0,0,0,1,2019,44.4,0.440559440559441
"332",0,0,0,0,0,0,0,0,0,1,0,0,0,0,0,0,1,0,0,2019,33.8,0.384615384615385
"333",0,0,0,0,0,0,0,0,0,1,0,0,1,0,0,0,0,0,0,2019,35.7,0.416083916083916
"334",0,0,0,0,0,0,0,0,0,1,0,0,0,0,1,0,0,0,0,2019,37.3,0.479020979020979
"335",0,0,1,0,0,0,0,0,0,0,0,0,0,0,0,1,0,0,0,2019,39.3,0.56993006993007
"336",0,0,1,0,0,0,0,0,0,0,0,0,0,1,0,0,0,0,0,2019,31.7,0.482517482517482
"337",0,0,1,0,0,0,0,0,0,0,0,0,0,0,0,0,0,1,0,2019,32.4,0.503496503496504
"338",0,0,1,0,0,0,0,0,0,0,0,0,0,0,0,0,0,0,1,2019,36.7,0.545454545454545
"339",0,0,1,0,0,0,0,0,0,0,0,0,0,0,0,0,1,0,0,2019,35.7,0.48951048951049
"340",0,0,1,0,0,0,0,0,0,0,0,0,1,0,0,0,0,0,0,2019,38.5,0.510489510489511
"341",0,0,1,0,0,0,0,0,0,0,0,0,0,0,1,0,0,0,0,2019,30.7,0.548951048951049
"342",0,0,1,0,0,0,0,0,0,0,0,0,0,0,0,1,0,0,0,2019,38.5,0.517482517482518
"343",0,0,1,0,0,0,0,0,0,0,0,0,0,1,0,0,0,0,0,2019,45.8,0.468531468531469
"344",0,0,1,0,0,0,0,0,0,0,0,0,0,0,0,0,0,1,0,2019,22,0.444055944055944
"345",0,0,1,0,0,0,0,0,0,0,0,0,0,0,0,0,0,0,1,2019,17.9,0.34965034965035
"346",0,0,1,0,0,0,0,0,0,0,0,0,0,0,0,0,1,0,0,2019,28,0.440559440559441
"347",0,0,1,0,0,0,0,0,0,0,0,0,1,0,0,0,0,0,0,2019,39.7,0.562937062937063
"348",0,0,1,0,0,0,0,0,0,0,0,0,0,0,1,0,0,0,0,2019,32.8,0.562937062937063
"349",0,0,1,0,0,0,0,0,0,0,0,0,0,0,0,1,0,0,0,2019,23.5,0.444055944055944
"350",0,0,1,0,0,0,0,0,0,0,0,0,0,1,0,0,0,0,0,2019,26,0.346153846153846
"351",0,0,1,0,0,0,0,0,0,0,0,0,0,0,0,0,0,1,0,2019,24.9,0.475524475524476
"352",0,0,1,0,0,0,0,0,0,0,0,0,0,0,0,0,0,0,1,2019,19.9,0.423076923076923
"353",0,0,1,0,0,0,0,0,0,0,0,0,0,0,0,0,1,0,0,2019,22.9,0.479020979020979
"354",0,0,1,0,0,0,0,0,0,0,0,0,1,0,0,0,0,0,0,2019,29.9,0.517482517482518
"355",0,0,1,0,0,0,0,0,0,0,0,0,0,0,1,0,0,0,0,2019,37.5,0.573426573426573
"356",0,0,1,0,0,0,0,0,0,0,0,0,0,0,0,1,0,0,0,2019,39.7,0.590909090909091
"357",0,0,1,0,0,0,0,0,0,0,0,0,0,1,0,0,0,0,0,2019,42,0.506993006993007
"358",0,0,1,0,0,0,0,0,0,0,0,0,0,0,0,0,0,1,0,2019,39.8,0.41958041958042
"359",0,0,1,0,0,0,0,0,0,0,0,0,0,0,0,0,0,0,1,2019,47.5,0.36013986013986
"360",0,0,1,0,0,0,0,0,0,0,0,0,0,0,0,0,1,0,0,2019,55.6,0.409090909090909
"361",0,0,1,0,0,0,0,0,0,0,0,0,1,0,0,0,0,0,0,2019,36.9,0.559440559440559
"362",0,0,1,0,0,0,0,0,0,0,0,0,0,0,1,0,0,0,0,2019,34.1,0.559440559440559
"363",0,0,1,0,0,0,0,0,0,0,0,0,0,0,0,1,0,0,0,2019,51.9,0.454545454545455
"364",0,0,1,0,0,0,0,0,0,0,0,0,0,1,0,0,0,0,0,2019,38.4,0.416083916083916
"365",0,0,1,0,0,0,0,0,0,0,0,0,0,0,0,0,0,1,0,2019,26.3,0.426573426573427
"366",0,0,0,0,1,0,0,0,0,0,0,0,1,0,0,0,0,0,0,2021,26.7,0.687203791469194
"367",0,0,0,0,1,0,0,0,0,0,0,0,0,0,1,0,0,0,0,2021,32,0.469194312796209
"368",0,0,0,0,1,0,0,0,0,0,0,0,0,0,0,1,0,0,0,2021,31.9,0.597156398104265
"369",0,0,0,0,1,0,0,0,0,0,0,0,0,1,0,0,0,0,0,2021,26.9,0.587677725118483
"370",0,0,0,0,1,0,0,0,0,0,0,0,0,0,0,0,0,1,0,2021,30.9,0.682464454976303
"371",0,0,0,0,1,0,0,0,0,0,0,0,0,0,0,0,0,0,1,2021,33,0.530805687203792
"372",0,0,0,0,1,0,0,0,0,0,0,0,0,0,0,0,1,0,0,2021,35.3,0.663507109004739
"373",0,0,0,0,1,0,0,0,0,0,0,0,1,0,0,0,0,0,0,2021,33.8,0.677725118483412
"374",0,0,0,0,1,0,0,0,0,0,0,0,0,0,1,0,0,0,0,2021,31.4,0.639810426540284
"375",0,0,0,0,1,0,0,0,0,0,0,0,0,0,0,1,0,0,0,2021,28.9,0.663507109004739
"376",0,0,0,0,1,0,0,0,0,0,0,0,0,1,0,0,0,0,0,2021,25.2,0.540284360189573
"377",0,0,0,0,1,0,0,0,0,0,0,0,0,0,0,0,0,1,0,2021,30.7,0.639810426540284
"378",0,0,0,0,1,0,0,0,0,0,0,0,0,0,0,0,0,0,1,2021,34.5,0.582938388625592
"379",0,0,0,0,1,0,0,0,0,0,0,0,0,0,0,0,1,0,0,2021,36.3,0.592417061611374
"380",0,0,0,0,1,0,0,0,0,0,0,0,1,0,0,0,0,0,0,2021,35.4,0.587677725118483
"381",0,0,0,0,1,0,0,0,0,0,0,0,0,0,1,0,0,0,0,2021,33,0.57345971563981
"382",0,0,0,0,1,0,0,0,0,0,0,0,0,0,0,1,0,0,0,2021,31.9,0.578199052132701
"383",0,0,0,0,1,0,0,0,0,0,0,0,0,1,0,0,0,0,0,2021,28.4,0.578199052132701
"384",0,0,0,0,1,0,0,0,0,0,0,0,0,0,0,0,0,1,0,2021,24.3,0.511848341232227
"385",0,0,0,0,1,0,0,0,0,0,0,0,0,0,0,0,0,0,1,2021,22.7,0.554502369668246
"386",0,0,0,0,1,0,0,0,0,0,0,0,0,0,0,0,1,0,0,2021,34,0.492890995260663
"387",0,0,0,0,1,0,0,0,0,0,0,0,1,0,0,0,0,0,0,2021,22.8,0.497630331753554
"388",0,0,0,0,1,0,0,0,0,0,0,0,0,0,1,0,0,0,0,2021,17.1,0.582938388625592
"389",0,0,0,0,1,0,0,0,0,0,0,0,0,0,0,1,0,0,0,2021,29.7,0.672985781990521
"390",0,0,0,0,1,0,0,0,0,0,0,0,0,1,0,0,0,0,0,2021,30.9,0.559241706161137
"391",0,0,0,0,1,0,0,0,0,0,0,0,0,0,0,0,0,1,0,2021,31,0.374407582938389
"392",0,0,0,0,1,0,0,0,0,0,0,0,0,0,0,0,0,0,1,2021,24.3,0.483412322274882
"393",0,0,0,0,1,0,0,0,0,0,0,0,0,0,0,0,1,0,0,2021,16.8,0.431279620853081
"394",0,0,0,0,1,0,0,0,0,0,0,0,1,0,0,0,0,0,0,2021,22,0.412322274881517
"395",0,0,0,0,1,0,0,0,0,0,0,0,0,0,1,0,0,0,0,2021,30.5,0.530805687203792
"396",0,0,0,0,1,0,0,0,0,0,0,0,0,0,0,1,0,0,0,2021,30.7,0.303317535545024
"397",0,0,0,1,0,0,0,0,0,0,0,0,0,1,0,0,0,0,0,2021,29.5,0.5260663507109
"398",0,0,0,1,0,0,0,0,0,0,0,0,0,0,0,0,0,1,0,2021,26,0.502369668246445
"399",0,0,0,1,0,0,0,0,0,0,0,0,0,0,0,0,0,0,1,2021,25.5,0.601895734597156
"400",0,0,0,1,0,0,0,0,0,0,0,0,0,0,0,0,1,0,0,2021,32.2,0.454976303317536
"401",0,0,0,1,0,0,0,0,0,0,0,0,1,0,0,0,0,0,0,2021,17.1,0.511848341232227
"402",0,0,0,1,0,0,0,0,0,0,0,0,0,0,1,0,0,0,0,2021,8.7,0.4739336492891
"403",0,0,0,1,0,0,0,0,0,0,0,0,0,0,0,1,0,0,0,2021,1.3,0.421800947867299
"404",0,0,0,1,0,0,0,0,0,0,0,0,0,1,0,0,0,0,0,2021,5.4,0.440758293838863
"405",0,0,0,1,0,0,0,0,0,0,0,0,0,0,0,0,0,1,0,2021,8.2,0.497630331753554
"406",0,0,0,1,0,0,0,0,0,0,0,0,0,0,0,0,0,0,1,2021,9.7,0.464454976303318
"407",0,0,0,1,0,0,0,0,0,0,0,0,0,0,0,0,1,0,0,2021,11.7,0.440758293838863
"408",0,0,0,1,0,0,0,0,0,0,0,0,1,0,0,0,0,0,0,2021,13.8,0.57345971563981
"409",0,0,0,1,0,0,0,0,0,0,0,0,0,0,1,0,0,0,0,2021,7.8,0.502369668246445
"410",0,0,0,1,0,0,0,0,0,0,0,0,0,0,0,1,0,0,0,2021,0.1,0.402843601895735
"411",0,0,0,1,0,0,0,0,0,0,0,0,0,1,0,0,0,0,0,2021,3.5,0.327014218009479
"412",0,0,0,1,0,0,0,0,0,0,0,0,0,0,0,0,0,1,0,2021,11.6,0.33175355450237
"413",0,0,0,1,0,0,0,0,0,0,0,0,0,0,0,0,0,0,1,2021,15.5,0.549763033175355
"414",0,0,0,1,0,0,0,0,0,0,0,0,0,0,0,0,1,0,0,2021,20.6,0.559241706161137
"415",0,0,0,1,0,0,0,0,0,0,0,0,1,0,0,0,0,0,0,2021,16.2,0.606635071090047
"416",0,0,0,1,0,0,0,0,0,0,0,0,0,0,1,0,0,0,0,2021,16.8,0.682464454976303
"417",0,0,0,1,0,0,0,0,0,0,0,0,0,0,0,1,0,0,0,2021,25.6,0.682464454976303
"418",0,0,0,1,0,0,0,0,0,0,0,0,0,1,0,0,0,0,0,2021,32.7,0.597156398104265
"419",0,0,0,1,0,0,0,0,0,0,0,0,0,0,0,0,0,1,0,2021,40.4,0.630331753554502
"420",0,0,0,1,0,0,0,0,0,0,0,0,0,0,0,0,0,0,1,2021,42,0.654028436018957
"421",0,0,0,1,0,0,0,0,0,0,0,0,0,0,0,0,1,0,0,2021,33.9,0.516587677725118
"422",0,0,0,1,0,0,0,0,0,0,0,0,1,0,0,0,0,0,0,2021,33.6,0.549763033175355
"423",0,0,0,1,0,0,0,0,0,0,0,0,0,0,1,0,0,0,0,2021,40.3,0.758293838862559
"424",0,0,0,1,0,0,0,0,0,0,0,0,0,0,0,1,0,0,0,2021,42.8,0.663507109004739
"425",0,0,0,0,0,0,0,1,0,0,0,0,0,1,0,0,0,0,0,2021,32.5,0.559241706161137
"426",0,0,0,0,0,0,0,1,0,0,0,0,0,0,0,0,0,1,0,2021,29.6,0.62085308056872
"427",0,0,0,0,0,0,0,1,0,0,0,0,0,0,0,0,0,0,1,2021,44.3,0.597156398104265
"428",0,0,0,0,0,0,0,1,0,0,0,0,0,0,0,0,1,0,0,2021,35.7,0.57345971563981
"429",0,0,0,0,0,0,0,1,0,0,0,0,1,0,0,0,0,0,0,2021,34.1,0.57345971563981
"430",0,0,0,0,0,0,0,1,0,0,0,0,0,0,1,0,0,0,0,2021,36.5,0.625592417061611
"431",0,0,0,0,0,0,0,1,0,0,0,0,0,0,0,1,0,0,0,2021,36.5,0.597156398104265
"432",0,0,0,0,0,0,0,1,0,0,0,0,0,1,0,0,0,0,0,2021,50.8,0.687203791469194
"433",0,0,0,0,0,0,0,1,0,0,0,0,0,0,0,0,0,1,0,2021,52.6,0.654028436018957
"434",0,0,0,0,0,0,0,1,0,0,0,0,0,0,0,0,0,0,1,2021,61,0.691943127962085
"435",0,0,0,0,0,0,0,1,0,0,0,0,0,0,0,0,1,0,0,2021,55.3,0.563981042654028
"436",0,0,0,0,0,0,0,1,0,0,0,0,1,0,0,0,0,0,0,2021,45.2,0.66824644549763
"437",0,0,0,0,0,0,0,1,0,0,0,0,0,0,1,0,0,0,0,2021,43.2,0.649289099526066
"438",0,0,0,0,0,0,0,1,0,0,0,0,0,0,0,1,0,0,0,2021,45.4,0.696682464454976
"439",0,0,0,0,0,0,0,1,0,0,0,0,0,1,0,0,0,0,0,2021,35,0.502369668246445
"440",0,0,0,0,0,0,0,1,0,0,0,0,0,0,0,0,0,1,0,2021,34.8,0.535545023696682
"441",0,0,0,0,0,0,0,1,0,0,0,0,0,0,0,0,0,0,1,2021,35.7,0.483412322274882
"442",0,0,0,0,0,0,0,1,0,0,0,0,0,0,0,0,1,0,0,2021,38.6,0.4739336492891
"443",0,0,0,0,0,0,0,1,0,0,0,0,1,0,0,0,0,0,0,2021,39,0.554502369668246
"444",0,0,0,0,0,0,0,1,0,0,0,0,0,0,1,0,0,0,0,2021,40.9,0.5260663507109
"445",0,0,0,0,0,0,0,1,0,0,0,0,0,0,0,1,0,0,0,2021,49.8,0.753554502369668
"446",0,0,0,0,0,0,0,1,0,0,0,0,0,1,0,0,0,0,0,2021,56.5,0.611374407582938
"447",0,0,0,0,0,0,0,1,0,0,0,0,0,0,0,0,0,1,0,2021,56.8,0.611374407582938
"448",0,0,0,0,0,0,0,1,0,0,0,0,0,0,0,0,0,0,1,2021,55.2,0.52132701421801
"449",0,0,0,0,0,0,0,1,0,0,0,0,0,0,0,0,1,0,0,2021,47,0.568720379146919
"450",0,0,0,0,0,0,0,1,0,0,0,0,1,0,0,0,0,0,0,2021,39.3,0.587677725118483
"451",0,0,0,0,0,0,0,1,0,0,0,0,0,0,1,0,0,0,0,2021,47.2,0.625592417061611
"452",0,0,0,0,0,0,0,1,0,0,0,0,0,0,0,1,0,0,0,2021,47.6,0.658767772511848
"453",0,0,0,0,0,0,0,1,0,0,0,0,0,1,0,0,0,0,0,2021,43.6,0.62085308056872
"454",0,0,0,0,0,0,0,1,0,0,0,0,0,0,0,0,0,1,0,2021,56.8,0.568720379146919
"455",0,0,0,0,0,0,0,1,0,0,0,0,0,0,0,0,0,0,1,2021,42.1,0.511848341232227
"456",1,0,0,0,0,0,0,0,0,0,0,0,0,0,0,0,1,0,0,2021,33.4,0.545023696682464
"457",1,0,0,0,0,0,0,0,0,0,0,0,1,0,0,0,0,0,0,2021,36,0.658767772511848
"458",1,0,0,0,0,0,0,0,0,0,0,0,0,0,1,0,0,0,0,2021,51.3,0.725118483412322
"459",1,0,0,0,0,0,0,0,0,0,0,0,0,0,0,1,0,0,0,2021,59.8,0.701421800947867
"460",1,0,0,0,0,0,0,0,0,0,0,0,0,1,0,0,0,0,0,2021,67,0.616113744075829
"461",1,0,0,0,0,0,0,0,0,0,0,0,0,0,0,0,0,1,0,2021,69.7,0.734597156398104
"462",1,0,0,0,0,0,0,0,0,0,0,0,0,0,0,0,0,0,1,2021,70.2,0.706161137440758
"463",1,0,0,0,0,0,0,0,0,0,0,0,0,0,0,0,1,0,0,2021,63.5,0.563981042654028
"464",1,0,0,0,0,0,0,0,0,0,0,0,1,0,0,0,0,0,0,2021,54.1,0.578199052132701
"465",1,0,0,0,0,0,0,0,0,0,0,0,0,0,1,0,0,0,0,2021,52.8,0.639810426540284
"466",1,0,0,0,0,0,0,0,0,0,0,0,0,0,0,1,0,0,0,2021,50.1,0.625592417061611
"467",1,0,0,0,0,0,0,0,0,0,0,0,0,1,0,0,0,0,0,2021,54.5,0.568720379146919
"468",1,0,0,0,0,0,0,0,0,0,0,0,0,0,0,0,0,1,0,2021,49.4,0.530805687203792
"469",1,0,0,0,0,0,0,0,0,0,0,0,0,0,0,0,0,0,1,2021,44.3,0.492890995260663
"470",1,0,0,0,0,0,0,0,0,0,0,0,0,0,0,0,1,0,0,2021,44.7,0.611374407582938
"471",1,0,0,0,0,0,0,0,0,0,0,0,1,0,0,0,0,0,0,2021,46.9,0.57345971563981
"472",1,0,0,0,0,0,0,0,0,0,0,0,0,0,1,0,0,0,0,2021,44.1,0.696682464454976
"473",1,0,0,0,0,0,0,0,0,0,0,0,0,0,0,1,0,0,0,2021,49.2,0.535545023696682
"474",1,0,0,0,0,0,0,0,0,0,0,0,0,1,0,0,0,0,0,2021,50.9,0.52132701421801
"475",1,0,0,0,0,0,0,0,0,0,0,0,0,0,0,0,0,1,0,2021,40.2,0.502369668246445
"476",1,0,0,0,0,0,0,0,0,0,0,0,0,0,0,0,0,0,1,2021,39.1,0.488151658767773
"477",1,0,0,0,0,0,0,0,0,0,0,0,0,0,0,0,1,0,0,2021,41.7,0.639810426540284
"478",1,0,0,0,0,0,0,0,0,0,0,0,1,0,0,0,0,0,0,2021,52.8,0.606635071090047
"479",1,0,0,0,0,0,0,0,0,0,0,0,0,0,1,0,0,0,0,2021,55.4,0.625592417061611
"480",1,0,0,0,0,0,0,0,0,0,0,0,0,0,0,1,0,0,0,2021,46.2,0.62085308056872
"481",1,0,0,0,0,0,0,0,0,0,0,0,0,1,0,0,0,0,0,2021,52.8,0.62085308056872
"482",1,0,0,0,0,0,0,0,0,0,0,0,0,0,0,0,0,1,0,2021,73.3,0.819905213270142
"483",1,0,0,0,0,0,0,0,0,0,0,0,0,0,0,0,0,0,1,2021,52.3,0.549763033175355
"484",1,0,0,0,0,0,0,0,0,0,0,0,0,0,0,0,1,0,0,2021,53.5,0.464454976303318
"485",1,0,0,0,0,0,0,0,0,0,0,0,1,0,0,0,0,0,0,2021,53.1,0.706161137440758
"486",0,0,0,0,0,0,0,0,1,0,0,0,0,0,1,0,0,0,0,2021,55.9,0.919431279620853
"487",0,0,0,0,0,0,0,0,1,0,0,0,0,0,0,1,0,0,0,2021,74.4,0.900473933649289
"488",0,0,0,0,0,0,0,0,1,0,0,0,0,1,0,0,0,0,0,2021,65.4,0.582938388625592
"489",0,0,0,0,0,0,0,0,1,0,0,0,0,0,0,0,0,1,0,2021,56.9,0.469194312796209
"490",0,0,0,0,0,0,0,0,1,0,0,0,0,0,0,0,0,0,1,2021,51.2,0.649289099526066
"491",0,0,0,0,0,0,0,0,1,0,0,0,0,0,0,0,1,0,0,2021,49.2,0.52132701421801
"492",0,0,0,0,0,0,0,0,1,0,0,0,1,0,0,0,0,0,0,2021,50.2,0.540284360189573
"493",0,0,0,0,0,0,0,0,1,0,0,0,0,0,1,0,0,0,0,2021,45,0.616113744075829
"494",0,0,0,0,0,0,0,0,1,0,0,0,0,0,0,1,0,0,0,2021,46.1,0.630331753554502
"495",0,0,0,0,0,0,0,0,1,0,0,0,0,1,0,0,0,0,0,2021,46.2,0.601895734597156
"496",0,0,0,0,0,0,0,0,1,0,0,0,0,0,0,0,0,1,0,2021,46.3,0.540284360189573
"497",0,0,0,0,0,0,0,0,1,0,0,0,0,0,0,0,0,0,1,2021,49.8,0.488151658767773
"498",0,0,0,0,0,0,0,0,1,0,0,0,0,0,0,0,1,0,0,2021,55.4,0.606635071090047
"499",0,0,0,0,0,0,0,0,1,0,0,0,1,0,0,0,0,0,0,2021,60.3,0.829383886255924
"500",0,0,0,0,0,0,0,0,1,0,0,0,0,0,1,0,0,0,0,2021,58.6,0.824644549763033
"501",0,0,0,0,0,0,0,0,1,0,0,0,0,0,0,1,0,0,0,2021,61.7,0.66824644549763
"502",0,0,0,0,0,0,0,0,1,0,0,0,0,1,0,0,0,0,0,2021,63.5,0.753554502369668
"503",0,0,0,0,0,0,0,0,1,0,0,0,0,0,0,0,0,1,0,2021,65.2,0.672985781990521
"504",0,0,0,0,0,0,0,0,1,0,0,0,0,0,0,0,0,0,1,2021,68.7,0.66824644549763
"505",0,0,0,0,0,0,0,0,1,0,0,0,0,0,0,0,1,0,0,2021,74.1,0.701421800947867
"506",0,0,0,0,0,0,0,0,1,0,0,0,1,0,0,0,0,0,0,2021,77.3,0.744075829383886
"507",0,0,0,0,0,0,0,0,1,0,0,0,0,0,1,0,0,0,0,2021,77.6,0.800947867298578
"508",0,0,0,0,0,0,0,0,1,0,0,0,0,0,0,1,0,0,0,2021,75.3,0.838862559241706
"509",0,0,0,0,0,0,0,0,1,0,0,0,0,1,0,0,0,0,0,2021,68.5,0.767772511848341
"510",0,0,0,0,0,0,0,0,1,0,0,0,0,0,0,0,0,1,0,2021,79,0.772511848341232
"511",0,0,0,0,0,0,0,0,1,0,0,0,0,0,0,0,0,0,1,2021,72.8,0.81042654028436
"512",0,0,0,0,0,0,0,0,1,0,0,0,0,0,0,0,1,0,0,2021,57.3,0.601895734597156
"513",0,0,0,0,0,0,0,0,1,0,0,0,1,0,0,0,0,0,0,2021,48.2,0.530805687203792
"514",0,0,0,0,0,0,0,0,1,0,0,0,0,0,1,0,0,0,0,2021,51.4,0.739336492890995
"515",0,0,0,0,0,0,0,0,1,0,0,0,0,0,0,1,0,0,0,2021,55.7,0.758293838862559
"516",0,0,0,0,0,0,0,0,1,0,0,0,0,1,0,0,0,0,0,2021,62.7,0.725118483412322
"517",0,0,0,0,0,0,1,0,0,0,0,0,0,0,0,0,0,1,0,2021,63.2,0.729857819905213
"518",0,0,0,0,0,0,1,0,0,0,0,0,0,0,0,0,0,0,1,2021,67.3,0.734597156398104
"519",0,0,0,0,0,0,1,0,0,0,0,0,0,0,0,0,1,0,0,2021,70.7,0.796208530805687
"520",0,0,0,0,0,0,1,0,0,0,0,0,1,0,0,0,0,0,0,2021,79.8,0.729857819905213
"521",0,0,0,0,0,0,1,0,0,0,0,0,0,0,1,0,0,0,0,2021,80.6,0.76303317535545
"522",0,0,0,0,0,0,1,0,0,0,0,0,0,0,0,1,0,0,0,2021,81.5,0.895734597156398
"523",0,0,0,0,0,0,1,0,0,0,0,0,0,1,0,0,0,0,0,2021,77.5,0.76303317535545
"524",0,0,0,0,0,0,1,0,0,0,0,0,0,0,0,0,0,1,0,2021,77.5,0.739336492890995
"525",0,0,0,0,0,0,1,0,0,0,0,0,0,0,0,0,0,0,1,2021,79.9,0.781990521327014
"526",0,0,0,0,0,0,1,0,0,0,0,0,0,0,0,0,1,0,0,2021,77.3,0.767772511848341
"527",0,0,0,0,0,0,1,0,0,0,0,0,1,0,0,0,0,0,0,2021,81.2,0.706161137440758
"528",0,0,0,0,0,0,1,0,0,0,0,0,0,0,1,0,0,0,0,2021,79.9,0.701421800947867
"529",0,0,0,0,0,0,1,0,0,0,0,0,0,0,0,1,0,0,0,2021,77.9,0.90521327014218
"530",0,0,0,0,0,0,1,0,0,0,0,0,0,1,0,0,0,0,0,2021,75.3,0.758293838862559
"531",0,0,0,0,0,0,1,0,0,0,0,0,0,0,0,0,0,1,0,2021,70.5,0.729857819905213
"532",0,0,0,0,0,0,1,0,0,0,0,0,0,0,0,0,0,0,1,2021,67.1,0.687203791469194
"533",0,0,0,0,0,0,1,0,0,0,0,0,0,0,0,0,1,0,0,2021,71.5,0.744075829383886
"534",0,0,0,0,0,0,1,0,0,0,0,0,1,0,0,0,0,0,0,2021,80.9,0.815165876777251
"535",0,0,0,0,0,0,1,0,0,0,0,0,0,0,1,0,0,0,0,2021,79.5,0.981042654028436
"536",0,0,0,0,0,0,1,0,0,0,0,0,0,0,0,1,0,0,0,2021,72.3,0.843601895734597
"537",0,0,0,0,0,0,1,0,0,0,0,0,0,1,0,0,0,0,0,2021,69.8,0.649289099526066
"538",0,0,0,0,0,0,1,0,0,0,0,0,0,0,0,0,0,1,0,2021,62.9,0.867298578199052
"539",0,0,0,0,0,0,1,0,0,0,0,0,0,0,0,0,0,0,1,2021,68.9,0.66824644549763
"540",0,0,0,0,0,0,1,0,0,0,0,0,0,0,0,0,1,0,0,2021,71.9,0.725118483412322
"541",0,0,0,0,0,0,1,0,0,0,0,0,1,0,0,0,0,0,0,2021,72,0.663507109004739
"542",0,0,0,0,0,0,1,0,0,0,0,0,0,0,1,0,0,0,0,2021,75,0.62085308056872
"543",0,0,0,0,0,0,1,0,0,0,0,0,0,0,0,1,0,0,0,2021,76.5,0.881516587677725
"544",0,0,0,0,0,0,1,0,0,0,0,0,0,1,0,0,0,0,0,2021,71.9,0.786729857819905
"545",0,0,0,0,0,0,1,0,0,0,0,0,0,0,0,0,0,1,0,2021,76.2,0.691943127962085
"546",0,0,0,0,0,0,1,0,0,0,0,0,0,0,0,0,0,0,1,2021,76.8,0.663507109004739
"547",0,0,0,0,0,1,0,0,0,0,0,0,0,0,0,0,1,0,0,2021,71.3,0.739336492890995
"548",0,0,0,0,0,1,0,0,0,0,0,0,1,0,0,0,0,0,0,2021,64.8,0.838862559241706
"549",0,0,0,0,0,1,0,0,0,0,0,0,0,0,1,0,0,0,0,2021,70.4,0.90521327014218
"550",0,0,0,0,0,1,0,0,0,0,0,0,0,0,0,1,0,0,0,2021,79.1,0.914691943127962
"551",0,0,0,0,0,1,0,0,0,0,0,0,0,1,0,0,0,0,0,2021,81.6,0.890995260663507
"552",0,0,0,0,0,1,0,0,0,0,0,0,0,0,0,0,0,1,0,2021,83.4,0.66824644549763
"553",0,0,0,0,0,1,0,0,0,0,0,0,0,0,0,0,0,0,1,2021,80.5,0.663507109004739
"554",0,0,0,0,0,1,0,0,0,0,0,0,0,0,0,0,1,0,0,2021,66.7,0.672985781990521
"555",0,0,0,0,0,1,0,0,0,0,0,0,1,0,0,0,0,0,0,2021,66.4,0.734597156398104
"556",0,0,0,0,0,1,0,0,0,0,0,0,0,0,1,0,0,0,0,2021,69.3,0.796208530805687
"557",0,0,0,0,0,1,0,0,0,0,0,0,0,0,0,1,0,0,0,2021,67.8,0.649289099526066
"558",0,0,0,0,0,1,0,0,0,0,0,0,0,1,0,0,0,0,0,2021,69.7,0.639810426540284
"559",0,0,0,0,0,1,0,0,0,0,0,0,0,0,0,0,0,1,0,2021,71.1,0.815165876777251
"560",0,0,0,0,0,1,0,0,0,0,0,0,0,0,0,0,0,0,1,2021,76.3,0.62085308056872
"561",0,0,0,0,0,1,0,0,0,0,0,0,0,0,0,0,1,0,0,2021,75.4,0.587677725118483
"562",0,0,0,0,0,1,0,0,0,0,0,0,1,0,0,0,0,0,0,2021,68.9,0.786729857819905
"563",0,0,0,0,0,1,0,0,0,0,0,0,0,0,1,0,0,0,0,2021,70.6,0.838862559241706
"564",0,0,0,0,0,1,0,0,0,0,0,0,0,0,0,1,0,0,0,2021,72.7,0.71563981042654
"565",0,0,0,0,0,1,0,0,0,0,0,0,0,1,0,0,0,0,0,2021,73.4,0.658767772511848
"566",0,0,0,0,0,1,0,0,0,0,0,0,0,0,0,0,0,1,0,2021,76.2,0.630331753554502
"567",0,0,0,0,0,1,0,0,0,0,0,0,0,0,0,0,0,0,1,2021,69.6,0.691943127962085
"568",0,0,0,0,0,1,0,0,0,0,0,0,0,0,0,0,1,0,0,2021,72.2,0.658767772511848
"569",0,0,0,0,0,1,0,0,0,0,0,0,1,0,0,0,0,0,0,2021,80.5,0.753554502369668
"570",0,0,0,0,0,1,0,0,0,0,0,0,0,0,1,0,0,0,0,2021,82,0.734597156398104
"571",0,0,0,0,0,1,0,0,0,0,0,0,0,0,0,1,0,0,0,2021,81.5,0.838862559241706
"572",0,0,0,0,0,1,0,0,0,0,0,0,0,1,0,0,0,0,0,2021,81.6,0.691943127962085
"573",0,0,0,0,0,1,0,0,0,0,0,0,0,0,0,0,0,1,0,2021,80.2,0.725118483412322
"574",0,0,0,0,0,1,0,0,0,0,0,0,0,0,0,0,0,0,1,2021,81,0.644549763033175
"575",0,0,0,0,0,1,0,0,0,0,0,0,0,0,0,0,1,0,0,2021,81.7,0.843601895734597
"576",0,0,0,0,0,1,0,0,0,0,0,0,1,0,0,0,0,0,0,2021,70.3,0.625592417061611
"577",0,0,0,0,0,1,0,0,0,0,0,0,0,0,1,0,0,0,0,2021,69.4,0.876777251184834
"578",0,1,0,0,0,0,0,0,0,0,0,0,0,0,0,1,0,0,0,2021,71.8,0.895734597156398
"579",0,1,0,0,0,0,0,0,0,0,0,0,0,1,0,0,0,0,0,2021,68.7,0.710900473933649
"580",0,1,0,0,0,0,0,0,0,0,0,0,0,0,0,0,0,1,0,2021,71.6,0.672985781990521
"581",0,1,0,0,0,0,0,0,0,0,0,0,0,0,0,0,0,0,1,2021,74.8,0.66824644549763
"582",0,1,0,0,0,0,0,0,0,0,0,0,0,0,0,0,1,0,0,2021,76,0.625592417061611
"583",0,1,0,0,0,0,0,0,0,0,0,0,1,0,0,0,0,0,0,2021,77,0.701421800947867
"584",0,1,0,0,0,0,0,0,0,0,0,0,0,0,1,0,0,0,0,2021,76.2,0.739336492890995
"585",0,1,0,0,0,0,0,0,0,0,0,0,0,0,0,1,0,0,0,2021,82.8,0.819905213270142
"586",0,1,0,0,0,0,0,0,0,0,0,0,0,1,0,0,0,0,0,2021,74.6,0.635071090047393
"587",0,1,0,0,0,0,0,0,0,0,0,0,0,0,0,0,0,1,0,2021,81,0.649289099526066
"588",0,1,0,0,0,0,0,0,0,0,0,0,0,0,0,0,0,0,1,2021,77.8,0.582938388625592
"589",0,1,0,0,0,0,0,0,0,0,0,0,0,0,0,0,1,0,0,2021,80.1,0.658767772511848
"590",0,1,0,0,0,0,0,0,0,0,0,0,1,0,0,0,0,0,0,2021,75.9,0.5260663507109
"591",0,1,0,0,0,0,0,0,0,0,0,0,0,0,1,0,0,0,0,2021,72.9,0.848341232227488
"592",0,1,0,0,0,0,0,0,0,0,0,0,0,0,0,1,0,0,0,2021,70.6,0.772511848341232
"593",0,1,0,0,0,0,0,0,0,0,0,0,0,1,0,0,0,0,0,2021,72.3,0.677725118483412
"594",0,1,0,0,0,0,0,0,0,0,0,0,0,0,0,0,0,1,0,2021,74.2,0.649289099526066
"595",0,1,0,0,0,0,0,0,0,0,0,0,0,0,0,0,0,0,1,2021,77.2,0.654028436018957
"596",0,1,0,0,0,0,0,0,0,0,0,0,0,0,0,0,1,0,0,2021,79.2,0.663507109004739
"597",0,1,0,0,0,0,0,0,0,0,0,0,1,0,0,0,0,0,0,2021,79.8,0.682464454976303
"598",0,1,0,0,0,0,0,0,0,0,0,0,0,0,1,0,0,0,0,2021,79.7,0.781990521327014
"599",0,1,0,0,0,0,0,0,0,0,0,0,0,0,0,1,0,0,0,2021,76.3,0.758293838862559
"600",0,1,0,0,0,0,0,0,0,0,0,0,0,1,0,0,0,0,0,2021,75.1,0.701421800947867
"601",0,1,0,0,0,0,0,0,0,0,0,0,0,0,0,0,0,1,0,2021,82.5,0.616113744075829
"602",0,1,0,0,0,0,0,0,0,0,0,0,0,0,0,0,0,0,1,2021,78.7,0.554502369668246
"603",0,1,0,0,0,0,0,0,0,0,0,0,0,0,0,0,1,0,0,2021,77.4,0.71563981042654
"604",0,1,0,0,0,0,0,0,0,0,0,0,1,0,0,0,0,0,0,2021,80.7,0.815165876777251
"605",0,1,0,0,0,0,0,0,0,0,0,0,0,0,1,0,0,0,0,2021,83.6,0.81042654028436
"606",0,1,0,0,0,0,0,0,0,0,0,0,0,0,0,1,0,0,0,2021,81.5,0.924170616113744
"607",0,1,0,0,0,0,0,0,0,0,0,0,0,1,0,0,0,0,0,2021,76.2,0.710900473933649
"608",0,1,0,0,0,0,0,0,0,0,0,0,0,0,0,0,0,1,0,2021,74.7,0.663507109004739
"609",0,0,0,0,0,0,0,0,0,0,0,1,0,0,0,0,0,0,1,2021,73.2,0.838862559241706
"610",0,0,0,0,0,0,0,0,0,0,0,1,0,0,0,0,1,0,0,2021,69.5,0.66824644549763
"611",0,0,0,0,0,0,0,0,0,0,0,1,1,0,0,0,0,0,0,2021,69.7,0.838862559241706
"612",0,0,0,0,0,0,0,0,0,0,0,1,0,0,1,0,0,0,0,2021,70.1,0.838862559241706
"613",0,0,0,0,0,0,0,0,0,0,0,1,0,0,0,1,0,0,0,2021,69.5,0.938388625592417
"614",0,0,0,0,0,0,0,0,0,0,0,1,0,1,0,0,0,0,0,2021,72,0.76303317535545
"615",0,0,0,0,0,0,0,0,0,0,0,1,0,0,0,0,0,1,0,2021,72.3,0.66824644549763
"616",0,0,0,0,0,0,0,0,0,0,0,1,0,0,0,0,0,0,1,2021,69.7,0.729857819905213
"617",0,0,0,0,0,0,0,0,0,0,0,1,0,0,0,0,1,0,0,2021,66.9,0.625592417061611
"618",0,0,0,0,0,0,0,0,0,0,0,1,1,0,0,0,0,0,0,2021,68.5,0.829383886255924
"619",0,0,0,0,0,0,0,0,0,0,0,1,0,0,1,0,0,0,0,2021,73.6,0.81042654028436
"620",0,0,0,0,0,0,0,0,0,0,0,1,0,0,0,1,0,0,0,2021,78.8,0.914691943127962
"621",0,0,0,0,0,0,0,0,0,0,0,1,0,1,0,0,0,0,0,2021,74.6,0.834123222748815
"622",0,0,0,0,0,0,0,0,0,0,0,1,0,0,0,0,0,1,0,2021,77.1,0.71563981042654
"623",0,0,0,0,0,0,0,0,0,0,0,1,0,0,0,0,0,0,1,2021,68.4,0.682464454976303
"624",0,0,0,0,0,0,0,0,0,0,0,1,0,0,0,0,1,0,0,2021,68.7,0.824644549763033
"625",0,0,0,0,0,0,0,0,0,0,0,1,1,0,0,0,0,0,0,2021,74.8,0.744075829383886
"626",0,0,0,0,0,0,0,0,0,0,0,1,0,0,1,0,0,0,0,2021,71.4,0.90521327014218
"627",0,0,0,0,0,0,0,0,0,0,0,1,0,0,0,1,0,0,0,2021,73.6,0.933649289099526
"628",0,0,0,0,0,0,0,0,0,0,0,1,0,1,0,0,0,0,0,2021,75.7,0.81042654028436
"629",0,0,0,0,0,0,0,0,0,0,0,1,0,0,0,0,0,1,0,2021,69,0.644549763033175
"630",0,0,0,0,0,0,0,0,0,0,0,1,0,0,0,0,0,0,1,2021,59.7,0.729857819905213
"631",0,0,0,0,0,0,0,0,0,0,0,1,0,0,0,0,1,0,0,2021,58,0.758293838862559
"632",0,0,0,0,0,0,0,0,0,0,0,1,1,0,0,0,0,0,0,2021,62.7,0.777251184834123
"633",0,0,0,0,0,0,0,0,0,0,0,1,0,0,1,0,0,0,0,2021,61.4,0.786729857819905
"634",0,0,0,0,0,0,0,0,0,0,0,1,0,0,0,1,0,0,0,2021,66.1,0.843601895734597
"635",0,0,0,0,0,0,0,0,0,0,0,1,0,1,0,0,0,0,0,2021,73.4,0.777251184834123
"636",0,0,0,0,0,0,0,0,0,0,0,1,0,0,0,0,0,1,0,2021,65.9,0.867298578199052
"637",0,0,0,0,0,0,0,0,0,0,0,1,0,0,0,0,0,0,1,2021,67,0.706161137440758
"638",0,0,0,0,0,0,0,0,0,0,0,1,0,0,0,0,1,0,0,2021,68.7,0.691943127962085
"639",0,0,0,0,0,0,0,0,0,0,1,0,1,0,0,0,0,0,0,2021,70.8,0.90521327014218
"640",0,0,0,0,0,0,0,0,0,0,1,0,0,0,1,0,0,0,0,2021,72.7,0.914691943127962
"641",0,0,0,0,0,0,0,0,0,0,1,0,0,0,0,1,0,0,0,2021,70.6,0.848341232227488
"642",0,0,0,0,0,0,0,0,0,0,1,0,0,1,0,0,0,0,0,2021,66.9,0.815165876777251
"643",0,0,0,0,0,0,0,0,0,0,1,0,0,0,0,0,0,1,0,2021,65.6,0.734597156398104
"644",0,0,0,0,0,0,0,0,0,0,1,0,0,0,0,0,0,0,1,2021,65.6,0.720379146919431
"645",0,0,0,0,0,0,0,0,0,0,1,0,0,0,0,0,1,0,0,2021,68.1,0.701421800947867
"646",0,0,0,0,0,0,0,0,0,0,1,0,1,0,0,0,0,0,0,2021,67,0.625592417061611
"647",0,0,0,0,0,0,0,0,0,0,1,0,0,0,1,0,0,0,0,2021,69.4,0.867298578199052
"648",0,0,0,0,0,0,0,0,0,0,1,0,0,0,0,1,0,0,0,2021,73,0.701421800947867
"649",0,0,0,0,0,0,0,0,0,0,1,0,0,1,0,0,0,0,0,2021,72.2,0.672985781990521
"650",0,0,0,0,0,0,0,0,0,0,1,0,0,0,0,0,0,1,0,2021,63,0.800947867298578
"651",0,0,0,0,0,0,0,0,0,0,1,0,0,0,0,0,0,0,1,2021,60,0.767772511848341
"652",0,0,0,0,0,0,0,0,0,0,1,0,0,0,0,0,1,0,0,2021,66.7,0.739336492890995
"653",0,0,0,0,0,0,0,0,0,0,1,0,1,0,0,0,0,0,0,2021,57.7,0.81042654028436
"654",0,0,0,0,0,0,0,0,0,0,1,0,0,0,1,0,0,0,0,2021,52.1,0.744075829383886
"655",0,0,0,0,0,0,0,0,0,0,1,0,0,0,0,1,0,0,0,2021,53.3,0.767772511848341
"656",0,0,0,0,0,0,0,0,0,0,1,0,0,1,0,0,0,0,0,2021,57,0.76303317535545
"657",0,0,0,0,0,0,0,0,0,0,1,0,0,0,0,0,0,1,0,2021,60.7,0.701421800947867
"658",0,0,0,0,0,0,0,0,0,0,1,0,0,0,0,0,0,0,1,2021,61.3,0.677725118483412
"659",0,0,0,0,0,0,0,0,0,0,1,0,0,0,0,0,1,0,0,2021,56.7,0.710900473933649
"660",0,0,0,0,0,0,0,0,0,0,1,0,1,0,0,0,0,0,0,2021,47.9,0.734597156398104
"661",0,0,0,0,0,0,0,0,0,0,1,0,0,0,1,0,0,0,0,2021,47.4,0.76303317535545
"662",0,0,0,0,0,0,0,0,0,0,1,0,0,0,0,1,0,0,0,2021,45.7,0.635071090047393
"663",0,0,0,0,0,0,0,0,0,0,1,0,0,1,0,0,0,0,0,2021,49.6,0.658767772511848
"664",0,0,0,0,0,0,0,0,0,0,1,0,0,0,0,0,0,1,0,2021,49.1,0.824644549763033
"665",0,0,0,0,0,0,0,0,0,0,1,0,0,0,0,0,0,0,1,2021,47.1,0.720379146919431
"666",0,0,0,0,0,0,0,0,0,0,1,0,0,0,0,0,1,0,0,2021,51.3,0.654028436018957
"667",0,0,0,0,0,0,0,0,0,0,1,0,1,0,0,0,0,0,0,2021,54.3,0.748815165876777
"668",0,0,0,0,0,0,0,0,0,0,1,0,0,0,1,0,0,0,0,2021,54.4,0.781990521327014
"669",0,0,0,0,0,0,0,0,0,0,1,0,0,0,0,1,0,0,0,2021,48.7,0.938388625592417
"670",0,0,0,0,0,0,0,0,0,1,0,0,0,1,0,0,0,0,0,2021,41.4,0.691943127962085
"671",0,0,0,0,0,0,0,0,0,1,0,0,0,0,0,0,0,1,0,2021,39.6,0.644549763033175
"672",0,0,0,0,0,0,0,0,0,1,0,0,0,0,0,0,0,0,1,2021,36.9,0.658767772511848
"673",0,0,0,0,0,0,0,0,0,1,0,0,0,0,0,0,1,0,0,2021,37.8,0.677725118483412
"674",0,0,0,0,0,0,0,0,0,1,0,0,1,0,0,0,0,0,0,2021,41.5,0.672985781990521
"675",0,0,0,0,0,0,0,0,0,1,0,0,0,0,1,0,0,0,0,2021,45.9,0.76303317535545
"676",0,0,0,0,0,0,0,0,0,1,0,0,0,0,0,1,0,0,0,2021,52.4,0.938388625592417
"677",0,0,0,0,0,0,0,0,0,1,0,0,0,1,0,0,0,0,0,2021,55.9,0.838862559241706
"678",0,0,0,0,0,0,0,0,0,1,0,0,0,0,0,0,0,1,0,2021,54.7,0.691943127962085
"679",0,0,0,0,0,0,0,0,0,1,0,0,0,0,0,0,0,0,1,2021,47.8,0.710900473933649
"680",0,0,0,0,0,0,0,0,0,1,0,0,0,0,0,0,1,0,0,2021,52.7,0.710900473933649
"681",0,0,0,0,0,0,0,0,0,1,0,0,1,0,0,0,0,0,0,2021,40.6,0.71563981042654
"682",0,0,0,0,0,0,0,0,0,1,0,0,0,0,1,0,0,0,0,2021,37.1,0.748815165876777
"683",0,0,0,0,0,0,0,0,0,1,0,0,0,0,0,1,0,0,0,2021,35.6,0.691943127962085
"684",0,0,0,0,0,0,0,0,0,1,0,0,0,1,0,0,0,0,0,2021,32.9,0.706161137440758
"685",0,0,0,0,0,0,0,0,0,1,0,0,0,0,0,0,0,1,0,2021,37.7,0.649289099526066
"686",0,0,0,0,0,0,0,0,0,1,0,0,0,0,0,0,0,0,1,2021,54.7,0.62085308056872
"687",0,0,0,0,0,0,0,0,0,1,0,0,0,0,0,0,1,0,0,2021,36.9,0.663507109004739
"688",0,0,0,0,0,0,0,0,0,1,0,0,1,0,0,0,0,0,0,2021,32.8,0.781990521327014
"689",0,0,0,0,0,0,0,0,0,1,0,0,0,0,1,0,0,0,0,2021,39.7,0.71563981042654
"690",0,0,0,0,0,0,0,0,0,1,0,0,0,0,0,1,0,0,0,2021,43.5,0.781990521327014
"691",0,0,0,0,0,0,0,0,0,1,0,0,0,1,0,0,0,0,0,2021,31.2,0.62085308056872
"692",0,0,0,0,0,0,0,0,0,1,0,0,0,0,0,0,0,1,0,2021,31.7,0.606635071090047
"693",0,0,0,0,0,0,0,0,0,1,0,0,0,0,0,0,0,0,1,2021,41.9,0.616113744075829
"694",0,0,0,0,0,0,0,0,0,1,0,0,0,0,0,0,1,0,0,2021,44.1,0.497630331753554
"695",0,0,0,0,0,0,0,0,0,1,0,0,1,0,0,0,0,0,0,2021,24.7,0.592417061611374
"696",0,0,0,0,0,0,0,0,0,1,0,0,0,0,1,0,0,0,0,2021,33.7,0.710900473933649
"697",0,0,0,0,0,0,0,0,0,1,0,0,0,0,0,1,0,0,0,2021,34.8,0.677725118483412
"698",0,0,0,0,0,0,0,0,0,1,0,0,0,1,0,0,0,0,0,2021,33.1,0.663507109004739
"699",0,0,0,0,0,0,0,0,0,1,0,0,0,0,0,0,0,1,0,2021,41.5,0.649289099526066
"700",0,0,1,0,0,0,0,0,0,0,0,0,0,0,0,0,0,0,1,2021,41.3,0.691943127962085
"701",0,0,1,0,0,0,0,0,0,0,0,0,0,0,0,0,1,0,0,2021,51.2,0.815165876777251
"702",0,0,1,0,0,0,0,0,0,0,0,0,1,0,0,0,0,0,0,2021,45.7,0.824644549763033
"703",0,0,1,0,0,0,0,0,0,0,0,0,0,0,1,0,0,0,0,2021,37.6,0.696682464454976
"704",0,0,1,0,0,0,0,0,0,0,0,0,0,0,0,1,0,0,0,2021,37.6,0.635071090047393
"705",0,0,1,0,0,0,0,0,0,0,0,0,0,1,0,0,0,0,0,2021,34.6,0.597156398104265
"706",0,0,1,0,0,0,0,0,0,0,0,0,0,0,0,0,0,1,0,2021,18.3,0.568720379146919
"707",0,0,1,0,0,0,0,0,0,0,0,0,0,0,0,0,0,0,1,2021,28.3,0.687203791469194
"708",0,0,1,0,0,0,0,0,0,0,0,0,0,0,0,0,1,0,0,2021,34.3,0.739336492890995
"709",0,0,1,0,0,0,0,0,0,0,0,0,1,0,0,0,0,0,0,2021,42,0.606635071090047
"710",0,0,1,0,0,0,0,0,0,0,0,0,0,0,1,0,0,0,0,2021,45.3,0.758293838862559
"711",0,0,1,0,0,0,0,0,0,0,0,0,0,0,0,1,0,0,0,2021,37.9,0.81042654028436
"712",0,0,1,0,0,0,0,0,0,0,0,0,0,1,0,0,0,0,0,2021,42.5,0.734597156398104
"713",0,0,1,0,0,0,0,0,0,0,0,0,0,0,0,0,0,1,0,2021,40.7,0.492890995260663
"714",0,0,1,0,0,0,0,0,0,0,0,0,0,0,0,0,0,0,1,2021,56.2,0.630331753554502
"715",0,0,1,0,0,0,0,0,0,0,0,0,0,0,0,0,1,0,0,2021,51.5,0.62085308056872
"716",0,0,1,0,0,0,0,0,0,0,0,0,1,0,0,0,0,0,0,2021,32.9,0.658767772511848
"717",0,0,1,0,0,0,0,0,0,0,0,0,0,0,1,0,0,0,0,2021,37.2,0.710900473933649
"718",0,0,1,0,0,0,0,0,0,0,0,0,0,0,0,1,0,0,0,2021,32.4,0.540284360189573
"719",0,0,1,0,0,0,0,0,0,0,0,0,0,1,0,0,0,0,0,2021,34.1,0.540284360189573
"720",0,0,1,0,0,0,0,0,0,0,0,0,0,0,0,0,0,1,0,2021,32.4,0.497630331753554
"721",0,0,1,0,0,0,0,0,0,0,0,0,0,0,0,0,0,0,1,2021,26.4,0.488151658767773
"722",0,0,1,0,0,0,0,0,0,0,0,0,0,0,0,0,1,0,0,2021,34.1,0.540284360189573
"723",0,0,1,0,0,0,0,0,0,0,0,0,1,0,0,0,0,0,0,2021,42.6,0.459715639810427
"724",0,0,1,0,0,0,0,0,0,0,0,0,0,0,1,0,0,0,0,2021,49.1,0.530805687203792
"725",0,0,1,0,0,0,0,0,0,0,0,0,0,0,0,1,0,0,0,2021,34.8,0.42654028436019
"726",0,0,1,0,0,0,0,0,0,0,0,0,0,1,0,0,0,0,0,2021,39.9,0.649289099526066
"727",0,0,1,0,0,0,0,0,0,0,0,0,0,0,0,0,0,1,0,2021,33.7,0.507109004739337
"728",0,0,1,0,0,0,0,0,0,0,0,0,0,0,0,0,0,0,1,2021,34.7,0.57345971563981
"729",0,0,1,0,0,0,0,0,0,0,0,0,0,0,0,0,1,0,0,2021,31.5,0.706161137440758
"730",0,0,1,0,0,0,0,0,0,0,0,0,1,0,0,0,0,0,0,2021,36.6,0.725118483412322
